Departamento,Municipio,Operadora,Contrato,Campo,Enero,Febrero,Marzo,Abril,Mayo,Junio,Julio,Agosto,Septiembre,Octubre,Noviembre,Diciembre
ANTIOQUIA,PUERTO NARE,ECOPETROL,CONTRATO DE COLABORACIÓN EMPRESARIAL CAMPO ÁREA TECA – COCORNÁ ENTRE ECOPETROL S,AREA TECA-COCORNA,2334,2346,2516,2743,2726,2542,2589,2247,2248,2512,1012,1042
ANTIOQUIA,PUERTO TRIUNFO,ECOPETROL,OPERACION-DIRECTA ECOPETROL,AREA TECA-COCORNA,453,465,406,380,332,310,354,380,347,337,530,561
ANTIOQUIA,YONDO,ECOPETROL,CASABE,CASABE,2881,2853,2835,2807,2792,2761,2747,2719,2705,2684,2669,2638
ANTIOQUIA,YONDO,ECOPETROL,CASABE,CASABE SUR,2988,2740,2831,2782,2541,2669,2679,2650,2594,2452,2441,2174
ANTIOQUIA,YONDO,ECOPETROL,CASABE,PEÑAS BLANCAS,64,64,63,62,61,61,60,59,59,58,57,57
ANTIOQUIA,YONDO,ECOPETROL,CASABE INCREMENTAL,CASABE,11895,11783,11373,11297,11147,11469,10766,10201,10009,9804,9604,9828
ANTIOQUIA,YONDO,ECOPETROL,CASABE INCREMENTAL,PEÑAS BLANCAS,1666,1689,1820,1691,1643,1798,1638,1582,1552,1404,1424,1422
ARAUCA,ARAUCA,"OCCIDENTAL DE COLOMBIA , LLC",CHIPIRON,CHIPIRON,12653,12492,12175,11946,11815,11823,5313,4945,11484,11075,10715,9074
ARAUCA,ARAUCA,"OCCIDENTAL DE COLOMBIA , LLC",CHIPIRON,MATANEGRA OESTE,38,5,0,0,0,0,0,0,0,0,0,0
ARAUCA,ARAUCA,"OCCIDENTAL DE COLOMBIA , LLC",CRAVO NORTE,CAÑO LIMON,25695,24333,23967,24750,23696,23567,9898,9027,23795,22739,21986,17703
ARAUCA,ARAUCA,"OCCIDENTAL DE COLOMBIA , LLC",CRAVO NORTE,CAÑO YARUMAL,5525,4561,4636,4634,4544,4669,1833,1613,4386,4350,4017,3108
ARAUCA,ARAUCA,"OCCIDENTAL DE COLOMBIA , LLC",CRAVO NORTE,TONINA,0,0,0,0,0,0,0,0,0,0,0,26
ARAUCA,ARAUQUITA,"OCCIDENTAL DE COLOMBIA , LLC",CHIPIRON,ARAGUATO,220,188,176,197,194,196,82,85,154,216,196,180
ARAUCA,ARAUQUITA,"OCCIDENTAL DE COLOMBIA , LLC",CHIPIRON,BAYONERO,0,0,0,0,120,261,104,129,258,285,233,175
ARAUCA,ARAUQUITA,"OCCIDENTAL DE COLOMBIA , LLC",CHIPIRON,CHIPIRON,448,445,427,377,352,343,161,118,269,295,316,283
ARAUCA,ARAUQUITA,"OCCIDENTAL DE COLOMBIA , LLC",CHIPIRON,JIBA UNIFICADO,225,199,208,204,202,206,84,92,208,206,179,170
ARAUCA,ARAUQUITA,"OCCIDENTAL DE COLOMBIA , LLC",COSECHA,CANAGUEY,1585,1428,1381,1086,1204,1610,654,633,1270,1342,1466,1421
ARAUCA,ARAUQUITA,"OCCIDENTAL DE COLOMBIA , LLC",COSECHA,MORROCOY,11,99,337,502,376,382,162,164,371,322,281,255
ARAUCA,ARAUQUITA,"OCCIDENTAL DE COLOMBIA , LLC",COSECHA,REX,205,203,193,194,194,183,87,82,168,183,147,127
ARAUCA,ARAUQUITA,"OCCIDENTAL DE COLOMBIA , LLC",COSECHA,TERECAY,2129,1837,1740,1755,1670,1686,841,746,1556,1460,1425,1214
ARAUCA,ARAUQUITA,"OCCIDENTAL DE COLOMBIA , LLC",CRAVO NORTE,CAÑO LIMON,64,52,36,45,49,50,20,22,51,50,44,43
ARAUCA,ARAUQUITA,"OCCIDENTAL DE COLOMBIA , LLC",CRAVO NORTE,REDONDO,2933,2245,2054,1826,1710,1623,720,732,1677,1599,1411,1236
ARAUCA,ARAUQUITA,"OCCIDENTAL DE COLOMBIA , LLC",RONDON,CAÑO RONDON,5520,5256,4918,4283,4249,3936,1727,1267,3394,3430,3409,2895
ARAUCA,ARAUQUITA,"OCCIDENTAL DE COLOMBIA , LLC",RONDON,CARICARE,3703,3776,3563,3406,3886,3325,1631,1621,3646,3658,3406,3007
ARAUCA,SARAVENA,ECOPETROL,ARAUCA,ARAUCA,199,202,0,0,0,0,0,0,0,0,0,0
ATLANTICO,SABANALARGA,"LEWIS ENERGY COLOMBIA, INC",CONTRATO DE EXPLORACIÓN Y PRODUCCIÓN SINÚ SAN JACINTO NORTE 1,BULLERENGUE,37,24,22,20,37,52,49,38,29,17,28,40
BOLIVAR,CANTAGALLO,ECOPETROL,YARIGUI-CANTAGALLO,Yarigui-Cantagallo,2760,2739,2699,2646,2637,2588,2616,2585,2504,2500,2377,2283
BOLIVAR,CANTAGALLO,ECOPETROL,YARIGUI-CANTAGALLO INCREMENTAL,Yarigui-Cantagallo,9896,9348,9345,9101,9060,8753,8754,8553,8077,8144,7879,7374
BOLIVAR,CICUCO,ECOPETROL,CICUCO,CICUCO,466,464,463,461,473,460,468,481,500,479,489,460
BOLIVAR,TALAIGUA NUEVO,ECOPETROL,CICUCO,BOQUETE,49,48,38,48,38,61,58,35,0,15,44,51
BOLIVAR,TALAIGUA NUEVO,ECOPETROL,CICUCO,CICUCO,269,257,242,241,265,265,268,259,233,218,249,243
BOYACA,CORRALES,UNION TEMPORAL OMEGA ENERGY,BUENAVISTA,CORRALES,742,745,787,822,791,742,420,461,481,412,433,368
BOYACA,PUERTO BOYACA,MANSAROVAR ENERGY COLOMBIA LTD,GUAGUAQUI TERAN,VELASQUEZ,3460,3378,3320,3217,3024,3127,2991,3047,3128,3094,3212,3201
BOYACA,PUERTO BOYACA,MANSAROVAR ENERGY COLOMBIA LTD,NARE ASOCIACION,ABARCO,5899,5842,5678,5668,5103,4823,4494,4533,4657,4290,3894,3986
BOYACA,PUERTO BOYACA,MANSAROVAR ENERGY COLOMBIA LTD,NARE ASOCIACION,GIRASOL,4663,4605,4426,4132,3998,4129,4033,4121,4070,3932,3903,3866
BOYACA,PUERTO BOYACA,MANSAROVAR ENERGY COLOMBIA LTD,NARE ASOCIACION,JAZMIN,5564,5524,5389,5186,4997,4987,4960,4996,4885,4633,4610,4717
BOYACA,PUERTO BOYACA,MANSAROVAR ENERGY COLOMBIA LTD,NARE ASOCIACION,MORICHE,14905,15335,14779,15171,14890,14874,15001,15130,14545,14563,14420,13756
BOYACA,PUERTO BOYACA,MANSAROVAR ENERGY COLOMBIA LTD,NARE ASOCIACION,UNDERRIVER,2227,2410,2455,2204,2209,2270,2342,2158,2284,2164,2821,2936
BOYACA,PUERTO BOYACA,ECOPETROL ALTO MAGDALENA,PALAGUA,CAIPAL,9,8,8,8,8,8,8,8,8,8,8,8
BOYACA,PUERTO BOYACA,ECOPETROL ALTO MAGDALENA,PALAGUA,PALAGUA,1394,1387,1380,1373,1366,1360,1353,1346,1339,1288,1326,1320
BOYACA,PUERTO BOYACA,ECOPETROL ALTO MAGDALENA,PALAGUA-INCREMENTAL,CAIPAL,747,806,808,822,822,820,813,800,797,738,844,840
BOYACA,PUERTO BOYACA,ECOPETROL ALTO MAGDALENA,PALAGUA-INCREMENTAL,PALAGUA,4843,4830,4713,4609,4491,4349,4216,4380,4379,4408,4375,4303
BOYACA,TOPAGA,UNION TEMPORAL OMEGA ENERGY,BUENAVISTA,BOLIVAR,62,59,56,54,52,50,43,49,49,48,46,45
CASANARE,AGUAZUL,PERENCO COLOMBIA LIMITED,CASANARE,LA GLORIA,690,485,436,419,411,406,404,401,394,391,351,239
CASANARE,AGUAZUL,ECOPETROL LLANOS,CUSIANA NORTE,CUSIANA NORTE,0,0,0,0,0,0,1761,1630,1543,1452,1550,1493
CASANARE,AGUAZUL,EQUION ENERGIA LIMITED,CUSIANA NORTE,CUSIANA NORTE,1949,1877,1740,1645,1736,1806,0,0,0,0,0,0
CASANARE,AGUAZUL,CEPSA COLOMBIA S.A.,E&P LLANOS 22,RAMIRIQUI,1588,1661,1762,2565,1943,1620,1616,1921,1927,2303,2278,2192
CASANARE,AGUAZUL,PAREX RESOURCES COLOMBIA LTD,E&P LLANOS 26,BAZAR,2308,2292,1808,1984,1861,0,0,0,0,0,0,0
CASANARE,AGUAZUL,PAREX RESOURCES COLOMBIA LTD,E&P LLANOS 26,RUMBA,1768,1682,2323,2965,3405,4060,4577,4872,4534,4511,4061,3561
CASANARE,AGUAZUL,ECOPETROL LLANOS,ECOP-SDLA-OP-DIRECTA,CUPIAGUA,5868,5771,5676,5580,5487,5394,5304,5214,5127,5042,4956,4874
CASANARE,AGUAZUL,ECOPETROL LLANOS,ECOP-SDLA-OP-DIRECTA,CUPIAGUA SUR,2004,1959,1915,1872,1830,1788,1748,1708,1669,1632,1595,1559
CASANARE,AGUAZUL,ECOPETROL LLANOS,ECOP-SDLA-OP-DIRECTA-INCREMENTAL,CUPIAGUA,3545,3804,3469,3233,3038,2847,2788,2500,2491,2710,2468,2695
CASANARE,AGUAZUL,ECOPETROL LLANOS,ECOP-SDLA-OP-DIRECTA-INCREMENTAL,CUPIAGUA SUR,1929,1579,1301,1245,1133,1211,1228,1022,1116,1068,1015,931
CASANARE,AGUAZUL,PAREX RESOURCES COLOMBIA LTD,EL EDEN PAREX,LA CASONA,322,385,196,280,105,76,68,45,1,0,0,0
CASANARE,AGUAZUL,EQUION ENERGIA LIMITED,RECETOR EQUION,CUPIAGUA LIRIA,3964,3873,3618,3791,3483,3729,3763,3903,3745,3669,3560,3565
CASANARE,MANI,COLOMBIA ENERGY DEVELOPMENT CO,ALCARAVAN,ESTERO,99,99,99,100,99,100,99,100,100,101,99,99
CASANARE,MANI,EMERALD ENERGY  DE COLOMBIA PLC,CAMPO RICO,CAMPO RICO,458,61,0,0,0,0,0,0,0,0,0,0
CASANARE,MANI,EMERALD ENERGY  DE COLOMBIA PLC,CAMPO RICO,CENTAURO SUR,103,13,0,0,0,0,0,0,0,0,0,0
CASANARE,MANI,PERENCO COLOMBIA LIMITED,CASANARE,LA GLORIA,224,211,209,212,212,211,214,209,209,220,223,258
CASANARE,MANI,PETROMINERALES COLOMBIA LTD,CASIMENA,MANTIS,1446,1357,1455,1427,1431,1187,1084,1317,1409,1121,1237,1196
CASANARE,MANI,PETROMINERALES COLOMBIA LTD,CASIMENA,PISINGO,1853,1873,1795,1692,1672,1501,1373,1545,1450,1290,1374,1327
CASANARE,MANI,PETROMINERALES COLOMBIA LTD,CASIMENA,YENAC,1283,1134,988,937,918,878,836,825,767,608,664,648
CASANARE,MANI,VERANO ENERGY (BARBADOS) LIMITED,E&P LLANOS 32,BANDOLA,0,0,0,0,0,56,172,36,42,0,0,0
CASANARE,MANI,VERANO ENERGY (BARBADOS) LIMITED,E&P LLANOS 32,MANICEÑO,0,0,0,0,0,132,242,121,114,0,0,0
CASANARE,MANI,PETRÓLEOS SUD AMERICANOS SUCURSAL COLOMBIA,ENTRERRIOS,ENTRERRIOS,867,835,824,751,765,724,708,712,635,671,729,647
CASANARE,MANI,ECOPETROL D. SUR,LA PUNTA - CDND/I,LA PUNTA,0,0,168,415,430,443,460,486,515,419,386,396
CASANARE,MANI,DCX S.A.S,MORICHITO,BOTOTO,0,0,6,0,0,0,0,0,0,0,0,0
CASANARE,MANI,DCX S.A.S,MORICHITO,MORICHITO,0,0,0,74,65,77,71,71,81,72,63,71
CASANARE,MANI,PETROPULI LTDA,MORICHITO,MORICHITO,66,68,87,0,0,0,0,0,0,0,0,0
CASANARE,MANI,CEPSA COLOMBIA S.A.,PUNTERO,MANATUS,218,0,0,0,0,0,0,0,0,0,0,0
CASANARE,MANI,CEPSA COLOMBIA S.A.,PUNTERO,ONCA,1088,1038,978,904,884,854,798,726,725,694,674,647
CASANARE,MANI,ECOPETROL,UPIA-ECOPETROL,SANTIAGO,1011,953,973,928,929,933,952,925,916,882,876,858
CASANARE,MONTERREY,PETROMINERALES COLOMBIA LTD,Canaguaro E&P-016 del 2006,Canaguay,1110,1210,1222,1206,1039,832,756,279,63,858,1051,978
CASANARE,MUNICIPIO NN CASANARE,NEW GRANADA ENERGY CORPORATION,DOROTEA,DOROTEA E,95,94,93,92,92,90,89,89,87,86,86,84
CASANARE,OROCUE,INTEROIL COLOMBIA EXPLORATION AND PRODUCTION,ALTAIR,ALTAIR,73,72,71,66,64,55,60,59,59,58,55,55
CASANARE,OROCUE,GRUPO C&C ENERGÍA BARBADOS SUCURSAL COLOMBIA.,CACHICAMO-026-22008,ANDARRIOS,292,297,294,258,235,230,226,182,149,131,183,202
CASANARE,OROCUE,GRUPO C&C ENERGÍA BARBADOS SUCURSAL COLOMBIA.,CACHICAMO-026-22008,CIRIGUELO,271,273,283,263,229,186,172,154,183,136,151,161
CASANARE,OROCUE,GRUPO C&C ENERGÍA BARBADOS SUCURSAL COLOMBIA.,CACHICAMO-026-22008,GRETA OTO,317,296,290,285,279,245,229,237,237,230,230,225
CASANARE,OROCUE,GRUPO C&C ENERGÍA BARBADOS SUCURSAL COLOMBIA.,CACHICAMO-026-22008,GUACHARACA,401,371,395,382,341,331,334,313,292,288,268,246
CASANARE,OROCUE,GRUPO C&C ENERGÍA BARBADOS SUCURSAL COLOMBIA.,CACHICAMO-026-22008,HOATZIN,173,174,189,180,167,158,157,161,147,146,142,119
CASANARE,OROCUE,GRUPO C&C ENERGÍA BARBADOS SUCURSAL COLOMBIA.,CACHICAMO-026-22008,HOATZIN NORTE,330,329,340,330,319,323,323,339,351,356,321,279
CASANARE,OROCUE,EMERALD ENERGY  DE COLOMBIA PLC,CAMPO RICO,VIGIA SUR,938,889,861,808,889,875,563,396,690,891,890,898
CASANARE,OROCUE,PETROMINERALES COLOMBIA LTD,CASANARE ESTE,CURITO,329,358,427,402,364,346,335,309,284,276,254,239
CASANARE,OROCUE,VETRA EXPLORACION Y PRODUCCION COLOMBIA S.A.,CDNDI LA PUNTA,SANTO DOMINGO,978,978,952,794,754,712,667,437,526,982,825,740
CASANARE,OROCUE,VETRA EXPLORACION Y PRODUCCION COLOMBIA S.A.,CDNDI LA PUNTA,SANTO DOMINGO NORTE,880,823,772,728,719,697,673,632,539,613,942,781
CASANARE,OROCUE,GRUPO C&C ENERGÍA BARBADOS SUCURSAL COLOMBIA.,CRAVOVIEJO,BASTIDAS,381,368,415,431,385,336,320,382,302,259,276,209
CASANARE,OROCUE,GRUPO C&C ENERGÍA BARBADOS SUCURSAL COLOMBIA.,CRAVOVIEJO,CARRIZALES,1736,1577,1507,1490,1375,1318,1299,1338,1168,1184,1150,1025
CASANARE,OROCUE,GRUPO C&C ENERGÍA BARBADOS SUCURSAL COLOMBIA.,CRAVOVIEJO,MATEMARRANO,298,119,163,380,381,357,311,306,295,261,208,199
CASANARE,OROCUE,GRUPO C&C ENERGÍA BARBADOS SUCURSAL COLOMBIA.,CRAVOVIEJO,SAIMIRI,590,537,505,513,467,444,402,393,386,380,378,369
CASANARE,OROCUE,GRUPO C&C ENERGÍA BARBADOS SUCURSAL COLOMBIA.,CRAVOVIEJO,ZOPILOTE,2149,2136,2041,2069,1988,1910,1885,1869,1809,1740,1717,1732
CASANARE,OROCUE,LAS QUINCHAS RESOURCE CORP. – SUCURSAL COLOMBIA,E & P MORICHE,MAURITIA ESTE,0,0,0,0,73,65,70,74,67,61,54,43
CASANARE,OROCUE,UNION TEMPORAL MORICHE ( PACIFIC STRATUS ENERGY),E & P MORICHE,MAURITIA ESTE,116,56,0,0,0,0,0,0,0,0,0,0
CASANARE,OROCUE,LAS QUINCHAS RESOURCE CORP. – SUCURSAL COLOMBIA,E & P MORICHE,MAURITIA NORTE,0,0,0,1417,1372,1435,1417,1411,1433,1438,1430,1416
CASANARE,OROCUE,UNION TEMPORAL MORICHE ( PACIFIC STRATUS ENERGY),E & P MORICHE,MAURITIA NORTE,1454,1451,1435,0,0,0,0,0,0,0,0,0
CASANARE,OROCUE,CNE OIL AND GAS S.A.S,E&P LLANOS 23,LABRADOR,1757,1660,1400,1242,1162,1151,1127,1071,1047,1038,986,927
CASANARE,OROCUE,CNE OIL AND GAS S.A.S,E&P LLANOS 23,MALTES,96,82,82,81,81,81,74,32,7,0,0,5
CASANARE,OROCUE,PERENCO COLOMBIA LIMITED,ESTERO,GUANAPALO,49,7,7,0,0,4,2,2,0,9,0,0
CASANARE,OROCUE,PERENCO COLOMBIA LIMITED,GARCERO,CANDALAY,0,0,0,0,0,0,0,0,0,0,0,0
CASANARE,OROCUE,PERENCO COLOMBIA LIMITED,GARCERO,GUASAR,0,0,1,0,0,0,0,0,0,16,203,337
CASANARE,OROCUE,PERENCO COLOMBIA LIMITED,GARCERO,JORCAN,32,0,0,0,31,37,28,21,25,24,16,26
CASANARE,OROCUE,PERENCO COLOMBIA LIMITED,GARCERO,JORDAN,992,937,1000,883,953,973,988,1001,985,941,866,856
CASANARE,OROCUE,PERENCO COLOMBIA LIMITED,GARCERO,PARAVARE,169,173,177,163,191,192,190,175,179,173,174,174
CASANARE,OROCUE,PERENCO COLOMBIA LIMITED,GARCERO,PIRITO,73,72,76,42,69,71,70,69,66,64,64,68
CASANARE,OROCUE,PERENCO COLOMBIA LIMITED,GARCERO,SARDINAS,722,721,663,671,727,715,666,980,1100,1010,939,870
CASANARE,OROCUE,VETRA EXPLORACION Y PRODUCCION COLOMBIA S.A.,LA PUNTA - CDND/I - VETRA,JUAPE,410,367,330,458,439,419,397,360,267,401,378,372
CASANARE,OROCUE,PETROMINERALES COLOMBIA LTD,MAPACHE,TUCUSO,1,0,0,0,0,0,0,0,0,0,0,0
CASANARE,OROCUE,OIRU CORPORATION,NASHIRA,ALEPE,0,0,0,0,169,170,170,153,170,164,141,169
CASANARE,OROCUE,SOGOMI ENERGY S.A.,NASHIRA,ALEPE,49,49,47,105,0,0,0,0,0,0,0,0
CASANARE,OROCUE,OIRU CORPORATION,NASHIRA,ALVA SUR,0,0,0,0,25,25,25,22,25,25,24,6
CASANARE,OROCUE,SOGOMI ENERGY S.A.,NASHIRA,ALVA SUR,0,0,2,26,0,0,0,0,0,0,0,0
CASANARE,OROCUE,OIRU CORPORATION,NASHIRA,NASHIRA NORTE,0,0,0,0,825,918,833,789,966,827,802,829
CASANARE,OROCUE,SOGOMI ENERGY S.A.,NASHIRA,NASHIRA NORTE,1224,969,1074,968,0,0,0,0,0,0,0,0
CASANARE,OROCUE,PERENCO COLOMBIA LIMITED,OROCUE,GUARILAQUE,1652,1518,1390,1421,1512,646,0,0,0,93,1223,1416
CASANARE,OROCUE,PERENCO COLOMBIA LIMITED,OROPENDOLA PERENCO,OROPENDOLA,331,305,151,142,122,165,161,146,150,105,96,140
CASANARE,OROCUE,PERENCO COLOMBIA LIMITED,OROPENDOLA PERENCO,VIREO,180,173,179,168,164,166,162,160,159,161,160,154
CASANARE,OROCUE,CANACOL ENERGY COLOMBIA S.A.,RANCHO HERMOSO ACUERDO PART CASANARE,RANCHO HERMOSO 4,0,0,0,0,867,0,0,0,0,0,0,0
CASANARE,OROCUE,CANACOL ENERGY COLOMBIA S.A.,RANCHO HERMOSO ACUERDO PART CASANARE-CANACOL,RANCHO HERMOSO 4,861,841,825,952,867,837,960,875,770,458,598,885
CASANARE,PAZ DE ARIPORO,PERENCO COLOMBIA LIMITED,CASANARE,CAÑO GARZA,155,74,0,0,0,0,0,0,0,0,0,0
CASANARE,PAZ DE ARIPORO,PERENCO COLOMBIA LIMITED,CASANARE,CAÑO GARZA ESTE,297,304,341,344,335,323,318,306,299,299,191,0
CASANARE,PAZ DE ARIPORO,PERENCO COLOMBIA LIMITED,CASANARE,CAÑO GARZA NORTE,300,266,257,252,253,240,232,235,144,81,17,0
CASANARE,PAZ DE ARIPORO,NEW GRANADA ENERGY CORPORATION,DOROTEA,DOROTEA B,3091,2978,2897,2778,2738,2658,2567,2489,2745,2861,2829,2712
CASANARE,PAZ DE ARIPORO,PACIFIC STRATUS ENERGY COLOMBIA CORP,E&E ARRENDAJO,AZOR,735,660,604,952,917,893,822,828,771,726,641,573
CASANARE,PAZ DE ARIPORO,PACIFIC STRATUS ENERGY COLOMBIA CORP,E&E ARRENDAJO,YAGUAZO,3301,3264,3122,2730,2431,2179,1962,1703,2123,2083,1838,1715
CASANARE,PAZ DE ARIPORO,PAREX RESOURCES COLOMBIA LTD,E&P LLANOS 40,BEGONIA,1901,1593,1419,1282,1185,986,1002,953,893,888,827,800
CASANARE,PAZ DE ARIPORO,PERENCO COLOMBIA LIMITED,ESTERO,ABEJAS,162,40,0,0,0,0,1,0,0,41,198,156
CASANARE,PAZ DE ARIPORO,PERENCO COLOMBIA LIMITED,ESTERO,CHAPARRITO,149,62,0,0,22,153,131,130,129,130,130,125
CASANARE,PAZ DE ARIPORO,Geopark Cuerva Sucursal Colombia LL (HUPECOL LL CARACARA),LA CUERVA,CUERVA NORESTE,80,0,0,0,0,0,48,65,52,51,51,50
CASANARE,PAZ DE ARIPORO,Geopark Cuerva Sucursal Colombia LL (HUPECOL LL CARACARA),LA CUERVA,CUERVA OESTE,587,0,0,0,0,0,501,631,578,566,562,536
CASANARE,PAZ DE ARIPORO,Geopark Cuerva Sucursal Colombia LL (HUPECOL LL CARACARA),LA CUERVA,CUERVA SUR,49,0,0,0,0,0,22,29,35,34,44,43
CASANARE,PAZ DE ARIPORO,NEW GRANADA ENERGY CORPORATION,LEONA,LEONA A SUR,0,0,2,1,0,0,0,0,0,2,0,0
CASANARE,PAZ DE ARIPORO,NEW GRANADA ENERGY CORPORATION,LEONA,LEONA B,172,171,128,85,86,82,80,78,73,148,155,175
CASANARE,PAZ DE ARIPORO,NEW GRANADA ENERGY CORPORATION,LEONA,LEONA B NORTE,0,0,0,0,0,0,0,0,0,25,53,105
CASANARE,PAZ DE ARIPORO,NEW GRANADA ENERGY CORPORATION,LEONA,LEONA B SUR,147,140,135,139,133,127,124,121,120,119,120,123
CASANARE,PAZ DE ARIPORO,NEW GRANADA ENERGY CORPORATION,LEONA,LEONA C,63,62,61,55,51,49,46,46,44,43,41,42
CASANARE,PAZ DE ARIPORO,GEOPARK COLOMBIA PN S.A SUCURSAL COLOMBIA (Winchester),YAMU,YAMÚ,0,0,0,0,0,0,0,7,0,0,0,0
CASANARE,PENDIENTE CERTIFICADO IGAC,GEOPARK COLOMBIA PN S.A SUCURSAL COLOMBIA (Winchester),E&P LLANOS 34,Jacana,0,0,0,0,5703,0,0,0,0,0,0,0
CASANARE,PENDIENTE CERTIFICADO IGAC,EQUION ENERGIA LIMITED,RECETOR EQUION,PAUTO SUR RECETOR,1246,1187,992,1069,937,1058,1055,908,936,0,0,0
CASANARE,PORE,PAREX RESOURCES COLOMBIA LTD,E&P Llanos 16 Contrato # 45,KONA,456,14,0,0,0,0,3,365,325,384,342,282
CASANARE,PORE,GEOPARK COLOMBIA PN S.A SUCURSAL COLOMBIA (Winchester),YAMU,CARUPANA,0,0,0,0,0,0,0,66,0,0,0,0
CASANARE,PORE,GEOPARK COLOMBIA PN S.A SUCURSAL COLOMBIA (Winchester),YAMU,POTRILLO,0,0,0,0,0,0,0,7,0,0,0,0
CASANARE,SAN LUIS DE PALENQUE,PERENCO COLOMBIA LIMITED,CASANARE,BARQUEREÑA,324,319,306,281,300,311,117,176,292,291,290,308
CASANARE,SAN LUIS DE PALENQUE,PERENCO COLOMBIA LIMITED,CASANARE,CRAVO ESTE,169,907,452,1046,1366,1024,792,533,442,369,463,469
CASANARE,SAN LUIS DE PALENQUE,PERENCO COLOMBIA LIMITED,CASANARE,LA FLORA,492,460,345,286,286,364,360,384,444,436,432,440
CASANARE,SAN LUIS DE PALENQUE,PETROMINERALES COLOMBIA LTD,CASANARE ESTE,CURITO,258,281,336,316,286,272,263,243,223,217,199,188
CASANARE,SAN LUIS DE PALENQUE,PERENCO COLOMBIA LIMITED,COROCORA,CAÑO GANDUL,197,202,178,181,173,182,179,180,181,190,199,111
CASANARE,SAN LUIS DE PALENQUE,PERENCO COLOMBIA LIMITED,COROCORA,REMACHE NORTE,525,546,445,531,562,515,514,450,497,471,483,341
CASANARE,SAN LUIS DE PALENQUE,PERENCO COLOMBIA LIMITED,COROCORA,REMACHE SUR,290,284,267,276,281,284,280,269,270,263,279,194
CASANARE,SAN LUIS DE PALENQUE,ALANGE ENERGY CORP SUC COLOMBIA,E&E CUBIRO,ARAUCO,129,113,115,109,0,0,0,0,0,0,0,0
CASANARE,SAN LUIS DE PALENQUE,PACIFIC STRATUS ENERGY COLOMBIA CORP,E&E CUBIRO,ARAUCO,0,0,0,0,116,109,111,113,110,109,104,101
CASANARE,SAN LUIS DE PALENQUE,ALANGE ENERGY CORP SUC COLOMBIA,E&E CUBIRO,CARETO,480,484,535,475,0,0,0,0,0,0,0,0
CASANARE,SAN LUIS DE PALENQUE,PACIFIC STRATUS ENERGY COLOMBIA CORP,E&E CUBIRO,CARETO,0,0,0,0,453,434,434,395,354,328,311,303
CASANARE,SAN LUIS DE PALENQUE,ALANGE ENERGY CORP SUC COLOMBIA,E&E CUBIRO,CERNICALO,96,0,0,0,0,0,0,0,0,0,0,0
CASANARE,SAN LUIS DE PALENQUE,ALANGE ENERGY CORP SUC COLOMBIA,E&E CUBIRO,COPA,3290,3020,2961,2899,0,0,0,0,0,0,0,0
CASANARE,SAN LUIS DE PALENQUE,PACIFIC STRATUS ENERGY COLOMBIA CORP,E&E CUBIRO,COPA,0,0,0,0,2722,2542,2403,2318,2233,2174,2040,1740
CASANARE,SAN LUIS DE PALENQUE,ALANGE ENERGY CORP SUC COLOMBIA,E&E CUBIRO,COPA A NORTE,540,506,471,442,0,0,0,0,0,0,0,0
CASANARE,SAN LUIS DE PALENQUE,PACIFIC STRATUS ENERGY COLOMBIA CORP,E&E CUBIRO,COPA A NORTE,0,0,0,0,453,461,487,496,481,473,448,426
CASANARE,SAN LUIS DE PALENQUE,ALANGE ENERGY CORP SUC COLOMBIA,E&E CUBIRO,COPA A SUR,500,477,431,392,0,0,0,0,0,0,0,0
CASANARE,SAN LUIS DE PALENQUE,PACIFIC STRATUS ENERGY COLOMBIA CORP,E&E CUBIRO,COPA A SUR,0,0,0,0,367,323,310,284,274,267,257,229
CASANARE,SAN LUIS DE PALENQUE,ALANGE ENERGY CORP SUC COLOMBIA,E&E CUBIRO,COPA B,553,535,487,475,0,0,0,0,0,0,0,0
CASANARE,SAN LUIS DE PALENQUE,PACIFIC STRATUS ENERGY COLOMBIA CORP,E&E CUBIRO,COPA B,0,0,0,0,469,463,459,415,403,403,394,398
CASANARE,SAN LUIS DE PALENQUE,ALANGE ENERGY CORP SUC COLOMBIA,E&E CUBIRO,COPA C,422,399,371,355,0,0,0,0,0,0,0,0
CASANARE,SAN LUIS DE PALENQUE,PACIFIC STRATUS ENERGY COLOMBIA CORP,E&E CUBIRO,COPA C,0,0,0,0,354,342,345,310,306,305,283,277
CASANARE,SAN LUIS DE PALENQUE,ALANGE ENERGY CORP SUC COLOMBIA,E&E CUBIRO,COPA D,707,853,572,463,0,0,0,0,0,0,0,0
CASANARE,SAN LUIS DE PALENQUE,PACIFIC STRATUS ENERGY COLOMBIA CORP,E&E CUBIRO,COPA D,0,0,0,0,602,650,523,413,779,862,870,817
CASANARE,SAN LUIS DE PALENQUE,ALANGE ENERGY CORP SUC COLOMBIA,E&E CUBIRO,PETIRROJO,227,226,212,228,0,0,0,0,0,0,0,0
CASANARE,SAN LUIS DE PALENQUE,PACIFIC STRATUS ENERGY COLOMBIA CORP,E&E CUBIRO,PETIRROJO,0,0,0,0,208,205,218,208,81,74,75,69
CASANARE,SAN LUIS DE PALENQUE,ALANGE ENERGY CORP SUC COLOMBIA,E&E CUBIRO,PETIRROJO SUR,151,142,136,130,0,0,0,0,0,0,0,0
CASANARE,SAN LUIS DE PALENQUE,PACIFIC STRATUS ENERGY COLOMBIA CORP,E&E CUBIRO,PETIRROJO SUR,0,0,0,0,111,84,61,42,38,40,43,34
CASANARE,SAN LUIS DE PALENQUE,ALANGE ENERGY CORP SUC COLOMBIA,E&E CUBIRO,TIJERETO,53,0,0,0,0,0,0,0,0,0,0,0
CASANARE,SAN LUIS DE PALENQUE,CNE OIL AND GAS S.A.S,E&P LLANOS 23,LEONO,492,292,310,423,359,299,419,451,395,395,360,357
CASANARE,SAN LUIS DE PALENQUE,CNE OIL AND GAS S.A.S,E&P LLANOS 23,PANTRO,221,213,183,165,156,172,188,163,92,27,26,26
CASANARE,SAN LUIS DE PALENQUE,CNE OIL AND GAS S.A.S,E&P LLANOS 23,TIGRO,76,61,19,0,0,62,35,35,35,36,35,35
CASANARE,SAN LUIS DE PALENQUE,PAREX RESOURCES COLOMBIA LTD,E&P LLANOS 30,ADALIA,626,1375,1725,1725,1438,1150,1023,897,776,720,712,718
CASANARE,SAN LUIS DE PALENQUE,PAREX RESOURCES COLOMBIA LTD,E&P LOS OCARROS PAREX,LAS MARACAS,2034,2050,1854,1795,1728,1592,1587,1536,1624,1999,1698,1500
CASANARE,SAN LUIS DE PALENQUE,PERENCO COLOMBIA LIMITED,GARCERO,CANDALAY,0,0,1,0,0,0,0,0,0,0,0,0
CASANARE,TAURAMENA,PETROMINERALES COLOMBIA LTD,Canaguaro E&P-016 del 2006,Canaguay,399,376,361,347,45,0,0,26,727,513,408,363
CASANARE,TAURAMENA,VERANO ENERGY (BARBADOS) LIMITED,E&P LLANOS 32,CALONA,0,0,0,203,491,674,699,694,779,761,769,801
CASANARE,TAURAMENA,VERANO ENERGY (BARBADOS) LIMITED,E&P LLANOS 32,CARMENTEA,1081,1030,882,810,735,684,646,564,536,518,492,471
CASANARE,TAURAMENA,VERANO ENERGY (BARBADOS) LIMITED,E&P LLANOS 32,KANANASKIS,1842,1240,1050,777,618,518,576,562,416,232,176,261
CASANARE,TAURAMENA,GEOPARK COLOMBIA PN S.A SUCURSAL COLOMBIA (Winchester),E&P LLANOS 34,Chachalaca,160,29,0,0,0,0,162,316,282,229,176,140
CASANARE,TAURAMENA,GEOPARK COLOMBIA PN S.A SUCURSAL COLOMBIA (Winchester),E&P LLANOS 34,MAX,749,381,0,0,101,626,630,633,638,641,643,611
CASANARE,TAURAMENA,GEOPARK COLOMBIA PN S.A SUCURSAL COLOMBIA (Winchester),E&P LLANOS 34,TAROTARO,1933,1826,1764,1638,1871,1681,1586,1476,1398,1360,1270,1222
CASANARE,TAURAMENA,GEOPARK COLOMBIA PN S.A SUCURSAL COLOMBIA (Winchester),E&P LLANOS 34,TIGANA,5140,4722,4711,4446,4277,3946,3603,4393,3040,4861,6949,7429
CASANARE,TAURAMENA,GEOPARK COLOMBIA PN S.A SUCURSAL COLOMBIA (Winchester),E&P LLANOS 34,TIGANA NORTE,2811,2921,2975,2976,3048,3055,3053,3049,3126,2936,3114,2985
CASANARE,TAURAMENA,GEOPARK COLOMBIA PN S.A SUCURSAL COLOMBIA (Winchester),E&P LLANOS 34,TIGANA SUR,4463,4729,4698,4600,4538,4496,4530,4460,4398,4354,4292,4252
CASANARE,TAURAMENA,GEOPARK COLOMBIA PN S.A SUCURSAL COLOMBIA (Winchester),E&P LLANOS 34,TILO,1324,1227,1175,1039,954,899,864,715,554,544,550,611
CASANARE,TAURAMENA,GEOPARK COLOMBIA PN S.A SUCURSAL COLOMBIA (Winchester),E&P LLANOS 34,TUA,10907,10643,10618,10270,9840,10525,9538,9720,9373,8623,8278,8168
CASANARE,TAURAMENA,CEPSA COLOMBIA S.A.,GARIBAY,JILGUERO,1191,1118,1073,1055,986,846,760,681,698,741,699,706
CASANARE,TAURAMENA,CEPSA COLOMBIA S.A.,GARIBAY,MELERO,84,0,0,0,0,0,0,0,0,0,0,0
CASANARE,TAURAMENA,ECOPETROL LLANOS,RIO CHITAMENA,CUSIANA,0,0,0,0,0,0,3134,3246,3117,3097,2975,3109
CASANARE,TAURAMENA,EQUION ENERGIA LIMITED,RIO CHITAMENA,CUSIANA,1866,2261,2395,2352,2662,2978,0,0,0,0,0,0
CASANARE,TAURAMENA,ECOPETROL LLANOS,TAURAMENA,CUSIANA,0,0,0,0,0,0,2233,2120,2222,2420,2303,2212
CASANARE,TAURAMENA,EQUION ENERGIA LIMITED,TAURAMENA,CUSIANA,3786,3407,3205,3114,2432,2314,0,0,0,0,0,0
CASANARE,TAURAMENA,CEPSA COLOMBIA S.A.,TIPLE,CUBARRO,0,0,4,0,0,0,0,0,0,0,0,0
CASANARE,TAURAMENA,CEPSA COLOMBIA S.A.,TIPLE,JILGUERO SUR,1188,1051,860,779,706,661,707,687,668,618,619,602
CASANARE,TAURAMENA,CEPSA COLOMBIA S.A.,TIPLE,PALMERO,0,23,23,0,0,0,0,0,0,0,0,0
CASANARE,TRINIDAD,PERENCO COLOMBIA LIMITED,COROCORA,COREN,133,408,1087,1358,1204,1494,1713,1702,1935,2049,2088,2048
CASANARE,TRINIDAD,PERENCO COLOMBIA LIMITED,COROCORA,COROCORA,378,370,499,556,553,546,524,534,519,485,451,432
CASANARE,TRINIDAD,PERENCO COLOMBIA LIMITED,COROCORA,CORSUR,0,232,435,389,444,416,347,331,301,267,256,209
CASANARE,TRINIDAD,ALANGE ENERGY CORP SUC COLOMBIA,E&E CUBIRO,PETIRROJO,142,141,133,143,0,0,0,0,0,0,0,0
CASANARE,TRINIDAD,PACIFIC STRATUS ENERGY COLOMBIA CORP,E&E CUBIRO,PETIRROJO,0,0,0,0,131,128,137,130,237,217,221,203
CASANARE,TRINIDAD,ALANGE ENERGY CORP SUC COLOMBIA,E&E CUBIRO,YOPO,136,115,106,103,0,0,0,0,0,0,0,0
CASANARE,TRINIDAD,PACIFIC STRATUS ENERGY COLOMBIA CORP,E&E CUBIRO,YOPO,0,0,0,0,104,101,96,83,79,70,67,62
CASANARE,TRINIDAD,PERENCO COLOMBIA LIMITED,ESTERO,LOS TOROS,83,80,83,101,98,92,90,95,85,88,88,89
CASANARE,TRINIDAD,PERENCO COLOMBIA LIMITED,GARCERO,PALMARITO,456,358,236,260,262,249,244,235,172,168,192,233
CASANARE,TRINIDAD,PERENCO COLOMBIA LIMITED,GARCERO,SIRENAS,0,0,0,0,0,0,0,0,21,49,36,66
CASANARE,TRINIDAD,"LEWIS ENERGY COLOMBIA, INC",GUACHIRIA,LOS ACEITES,0,0,0,0,3,0,0,0,0,0,0,0
CASANARE,TRINIDAD,"LEWIS ENERGY COLOMBIA, INC",GUACHIRIA SUR,TULIPAN,0,0,0,0,5,0,0,0,0,651,714,638
CASANARE,TRINIDAD,PERENCO COLOMBIA LIMITED,YALEA,TRINIDAD,889,740,537,501,544,650,641,641,633,683,799,803
CASANARE,VILLA NUEVA,PAREX RESOURCES COLOMBIA LTD,CABRESTERO PAREX,AKIRA,2383,2192,1973,3055,3069,3361,3822,2944,2383,2665,2523,2150
CASANARE,VILLA NUEVA,PAREX RESOURCES COLOMBIA LTD,CABRESTERO PAREX,KITARO,2,0,0,0,1,0,0,424,47,138,120,135
CASANARE,VILLA NUEVA,PETROMINERALES COLOMBIA LTD,CORCEL,CARUTO,495,480,466,460,450,447,441,424,424,425,353,390
CASANARE,VILLA NUEVA,GEOPARK COLOMBIA PN S.A SUCURSAL COLOMBIA (Winchester),E&P LLANOS 34,Jacana,4624,5185,5817,5655,0,5491,6297,8562,11499,12155,12295,12147
CASANARE,YOPAL,EMERALD ENERGY  DE COLOMBIA PLC,CAMPO RICO,VIGIA,609,530,488,409,336,269,274,291,242,218,210,222
CASANARE,YOPAL,PERENCO COLOMBIA LIMITED,CASANARE,LA GLORIA NORTE,1193,1120,1076,980,908,885,845,857,866,844,801,799
CASANARE,YOPAL,PERENCO COLOMBIA LIMITED,CASANARE,MORICHAL,736,643,592,567,506,485,442,420,403,386,223,108
CASANARE,YOPAL,PERENCO COLOMBIA LIMITED,CASANARE,TOCARIA,692,698,726,763,968,820,703,574,380,223,158,172
CASANARE,YOPAL,COLOMBIA ENERGY DEVELOPMENT CO,CEE RIO VERDE,TILODIRAN,737,706,722,732,740,675,706,722,729,683,964,1305
CASANARE,YOPAL,PACIFIC STRATUS ENERGY COLOMBIA CORP,E&P LLANOS 19,LANGUR,0,1,0,0,0,0,0,0,0,0,0,0
CASANARE,YOPAL,EQUION ENERGIA LIMITED,PIEDEMEONTE EQUION INCREMENTAL,FLOREÑA,0,0,0,0,0,0,2467,2182,2624,2883,2997,3304
CASANARE,YOPAL,EQUION ENERGIA LIMITED,PIEDEMEONTE EQUION INCREMENTAL,PAUTO SUR,0,0,0,0,0,0,6271,6762,7425,8041,7040,8179
CASANARE,YOPAL,EQUION ENERGIA LIMITED,PIEDEMONTE EQUION,FLOREÑA,7152,6800,7212,7436,7648,8019,5983,5789,5599,5392,5187,4992
CASANARE,YOPAL,EQUION ENERGIA LIMITED,PIEDEMONTE EQUION,FLOREÑA MIRADOR,4356,3438,3511,3392,3436,3992,3040,3273,3376,3448,3464,3093
CASANARE,YOPAL,EQUION ENERGIA LIMITED,PIEDEMONTE EQUION,PAUTO SUR,29931,29768,29450,29909,30474,29395,24998,24265,23604,22947,22313,21698
CASANARE,YOPAL,CANACOL ENERGY COLOMBIA S.A.,RANCHO HERMOSO ACUERDO PART CASANARE,RANCHO HERMOSO 4,0,0,0,0,611,0,0,0,0,0,0,0
CASANARE,YOPAL,CANACOL ENERGY COLOMBIA S.A.,RANCHO HERMOSO ACUERDO PART CASANARE-CANACOL,RANCHO HERMOSO 4,726,717,681,710,611,616,663,628,680,761,716,676
CASANARE,YOPAL,EQUION ENERGIA LIMITED,RECETOR EQUION,PAUTO SUR RECETOR,0,0,0,0,0,0,0,0,0,916,923,929
CASANARE,YOPAL,EQUION ENERGIA LIMITED,RECETOR EQUION,VOLCANERA,0,0,0,29,26,27,27,64,72,78,78,79
CAUCA,PIAMONTE,GRAN TIERRA ENERGY COLOMBIA LTD,GUAYUYACO,GUAYUYACO,712,676,675,628,630,619,632,620,607,553,590,580
CAUCA,PIAMONTE,ECOPETROL,SANTANA ECOPETROL,MARY,347,348,351,348,336,260,259,259,244,261,264,265
CAUCA,PIAMONTE,ECOPETROL,SANTANA ECOPETROL,MIRAFLOR,83,72,88,89,90,88,87,35,88,88,85,85
CESAR,AGUACHICA,"LEWIS ENERGY COLOMBIA, INC",Contrato E&P N° 39 de 2009 - VMM,CARAMELO,0,0,0,0,0,0,0,0,110,45,44,46
CESAR,AGUACHICA,CANACOL ENERGY COLOMBIA S.A.,E&P SANTA ISABEL,OSO PARDO,178,177,175,176,173,171,168,166,164,163,161,159
CESAR,AGUACHICA,ECOPETROL,OPERACION DIRECTA - LEBRIJA,DOÑA MARIA,27,28,28,27,27,27,28,28,28,28,26,24
CESAR,AGUACHICA,CANACOL ENERGY COLOMBIA S.A.,VMM2 CANACOL,MONO ARAÑA,304,36,0,0,0,0,0,0,0,0,0,0
CESAR,RIO DE ORO,PETROLEOS DEL NORTE S.A,E&P MIDAS,CHUIRA,213,234,241,224,220,221,223,218,215,216,227,241
CESAR,RIO DE ORO,EMERALD ENERGY  DE COLOMBIA PLC,FORTUNA,PIMIENTO,0,0,0,0,0,0,0,0,0,0,3,0
CESAR,RIO DE ORO,EMERALD ENERGY  DE COLOMBIA PLC,FORTUNA,TOTUMAL,0,0,0,0,0,0,0,0,0,0,0,19
CESAR,RIO DE ORO,PETROLEOS DEL NORTE S.A,TISQUIRAMA B,LOS ANGELES,870,880,828,826,790,669,773,744,680,650,605,618
CESAR,RIO DE ORO,PETROLEOS DEL NORTE S.A,TISQUIRAMA B,QUERUBIN,93,88,78,75,89,88,89,88,90,63,40,39
CESAR,SAN ALBERTO,PETROLEOS DEL NORTE S.A,TISQUIRAMA-A,SANTA LUCIA,292,315,193,0,0,0,0,6,0,0,0,0
CESAR,SAN MARTÍN,PETROLEOS DEL NORTE S.A,E&P MIDAS,ACORDIONERO,5004,4987,4876,4872,4776,4860,4818,4746,4811,5041,5821,6267
CESAR,SAN MARTÍN,PETROLEOS DEL NORTE S.A,E&P MIDAS,ZOE,7,0,0,0,0,0,0,0,0,0,0,0
CESAR,SAN MARTÍN,ECOPETROL,TISQUIRAMA-C,CARONTE,178,107,1,0,0,0,0,0,0,0,0,0
CESAR,SAN MARTÍN,ECOPETROL,TISQUIRAMA-C,SAN ROQUE,144,142,140,139,137,135,133,132,130,128,127,125
CESAR,SAN MARTÍN,ECOPETROL,TISQUIRAMA-C,TISQUIRAMA,987,922,916,932,993,956,925,836,836,839,857,868
CESAR,SAN MARTÍN,ECOPETROL,TISQUIRAMA-C INCREMENTAL,SAN ROQUE,1879,2079,2315,2210,2260,2273,1976,2188,2061,2154,1976,2011
CORDOBA,PUEBLO NUEVO,GEOPRODUCTION OIL AND GAS COMPANY OF COLOMBIA,ESPERANZA,NELSON,3,3,2,1,3,3,2,2,2,1,1,1
CUNDINAMARCA,GUADUAS,PACIFIC STRATUS ENERGY COLOMBIA CORP,DINDAL - RIO SECO,GUADUAS,0,0,0,0,262,241,239,226,222,215,208,198
CUNDINAMARCA,GUADUAS,SIPETROL S.A.,DINDAL - RIO SECO,GUADUAS,314,312,280,261,0,0,0,0,0,0,0,0
CUNDINAMARCA,PUERTO SALGAR,CINCO RANCH PETROLEUM COLOMBIA INC SUCURSAL COLOMBIA,BOCACHICO,TORCAZ,35,28,21,24,26,26,25,27,26,22,27,29
CUNDINAMARCA,PULI,HOCOL S.A.,PULI HOCOL,PULI,30,7,7,1,0,0,0,0,0,0,119,131
DEPARTAMENTO NN,MUNICIPIO NN,EMERALD ENERGY  DE COLOMBIA PLC,OMBU,CAPELLA,0,0,39,46,18,0,0,0,0,0,0,0
HUILA,AIPE,ECOPETROL ALTO MAGDALENA,PALERMO ECOPETROL,BALCON,1294,1269,1198,1166,1131,1087,1105,1093,1077,1044,1025,992
HUILA,AIPE,ECOPETROL ALTO MAGDALENA,PIJAO POTRERILLO,ARRAYAN,611,559,445,310,407,378,332,279,253,247,159,403
HUILA,AIPE,ECOPETROL ALTO MAGDALENA,PIJAO POTRERILLO,BRISAS,139,110,106,87,88,71,80,90,77,96,112,115
HUILA,AIPE,ECOPETROL ALTO MAGDALENA,PIJAO POTRERILLO,DINA CRETACEO,217,215,213,210,208,206,204,202,200,197,195,193
HUILA,AIPE,ECOPETROL ALTO MAGDALENA,PIJAO POTRERILLO,DINA TERCIARIO,2054,2028,2017,1993,1947,1901,1952,1887,1804,1684,1831,1851
HUILA,AIPE,ECOPETROL ALTO MAGDALENA,PIJAO POTRERILLO,TEMPRANILLO,336,327,304,316,336,159,72,210,308,307,153,264
HUILA,AIPE,ECOPETROL ALTO MAGDALENA,PIJAO POTRERILLO,TEMPRANILLO NORTE,141,202,214,58,147,252,81,157,234,251,224,213
HUILA,AIPE,ECOPETROL ALTO MAGDALENA,PIJAO POTRERILLO,TENAY,162,161,159,158,157,155,154,153,151,150,149,148
HUILA,AIPE,ECOPETROL ALTO MAGDALENA,PIJAO POTRERILLO Incremental,BRISAS,0,0,0,0,0,0,0,0,0,0,0,0
HUILA,AIPE,ECOPETROL ALTO MAGDALENA,PIJAO POTRERILLO Incremental,DINA CRETACEO,234,272,255,287,299,298,266,259,203,303,349,395
HUILA,AIPE,ECOPETROL ALTO MAGDALENA,PIJAO POTRERILLO Incremental,DINA TERCIARIO,3159,3368,3295,2840,2848,3136,3129,3080,2963,2972,2898,2606
HUILA,AIPE,ECOPETROL ALTO MAGDALENA,PIJAO POTRERILLO Incremental,TENAY,449,427,391,376,368,376,366,369,352,345,319,295
HUILA,BARAYA,ECOPETROL ALTO MAGDALENA,HUILA 35,ANDALUCIA SUR,79,84,81,81,81,82,74,57,56,52,63,71
HUILA,NEIVA,ECOPETROL,CAGUAN ECOPETROL,ESPINO,15,14,14,17,15,12,15,15,17,16,16,18
HUILA,NEIVA,ECOPETROL,CAGUAN ECOPETROL,RIO CEIBAS,1472,1436,1431,1398,1382,1392,1387,1309,1330,1311,1210,1182
HUILA,NEIVA,ECOPETROL ALTO MAGDALENA,PALERMO,SAN FRANCISCO,0,0,0,0,0,0,0,0,0,0,,0
HUILA,NEIVA,ECOPETROL ALTO MAGDALENA,PALERMO ECOPETROL,SAN FRANCISCO,3236,3094,3116,2990,3027,2995,2952,2851,2829,2772,2678,2930
HUILA,NEIVA,ECOPETROL ALTO MAGDALENA,PIJAO POTRERILLO,CEBU,137,136,135,134,133,132,131,130,129,129,128,127
HUILA,NEIVA,ECOPETROL ALTO MAGDALENA,PIJAO POTRERILLO,PALOGRANDE,936,929,923,917,910,904,898,892,886,880,874,868
HUILA,NEIVA,ECOPETROL ALTO MAGDALENA,PIJAO POTRERILLO,PALOGRANDE HONDA,215,277,209,187,179,173,170,174,159,169,173,174
HUILA,NEIVA,ECOPETROL ALTO MAGDALENA,PIJAO POTRERILLO,PIJAO,241,153,156,150,160,151,120,145,164,174,145,158
HUILA,NEIVA,ECOPETROL ALTO MAGDALENA,PIJAO POTRERILLO Incremental,CEBU,59,52,7,32,54,42,23,35,36,45,54,64
HUILA,NEIVA,ECOPETROL ALTO MAGDALENA,PIJAO POTRERILLO Incremental,PALOGRANDE,80,312,357,313,547,492,351,397,344,414,425,419
HUILA,NEIVA,ECOPETROL ALTO MAGDALENA,TELLO,LA JAGUA,51,50,48,49,53,49,48,51,51,52,53,54
HUILA,NEIVA,ECOPETROL ALTO MAGDALENA,TELLO,TELLO,1455,1441,1427,1413,1399,1385,1372,1359,1346,1333,1321,1308
HUILA,NEIVA,ECOPETROL ALTO MAGDALENA,TELLO ECP-ANH INCREMENTAL,TELLO,3357,3201,3210,3226,3406,3384,3372,3397,3330,3075,3105,3365
HUILA,PAICOL,HOCOL S.A.,SAN JACINTO,LA CAÑADA NORTE,1957,1935,1938,1906,1889,1743,1799,1674,1646,182,796,1713
HUILA,PALERMO,ECOPETROL ALTO MAGDALENA,PALERMO,SAN FRANCISCO,0,0,0,0,0,0,0,0,0,0,0,0
HUILA,PALERMO,ECOPETROL ALTO MAGDALENA,PALERMO ECOPETROL,PALERMO,220,212,216,221,204,194,194,185,188,157,157,185
HUILA,PALERMO,ECOPETROL ALTO MAGDALENA,PALERMO ECOPETROL,SAN FRANCISCO,2225,2153,2189,2196,2219,2098,1988,2052,2058,2021,1940,1992
HUILA,PALERMO,ECOPETROL ALTO MAGDALENA,PIJAO POTRERILLO,SANTA CLARA,531,529,527,524,522,520,517,515,513,511,509,506
HUILA,PALERMO,ECOPETROL ALTO MAGDALENA,PIJAO POTRERILLO Incremental,SANTA CLARA,240,209,34,56,146,153,116,213,211,243,141,52
HUILA,TESALIA,HOCOL S.A.,RIO PAEZ,LA HOCHA,982,899,808,781,964,966,1039,1105,1040,969,844,948
HUILA,VILLAVIEJA,ECOPETROL ALTO MAGDALENA,PIJAO POTRERILLO,LOMA LARGA,630,581,584,739,740,688,660,620,592,578,564,540
HUILA,YAGUARA,ECOPETROL,HOBO ECOPETROL,YAGUARA,2405,2171,2021,1837,1727,1739,1734,1748,1782,1758,1810,1975
MAGDALENA,ARIGUANI,PETRÓLEOS SUD AMERICANOS SUCURSAL COLOMBIA,EL DIFICIL,EL DIFICIL,147,147,154,143,114,145,146,133,130,123,126,130
MAGDALENA,ARIGUANI,PETRÓLEOS SUD AMERICANOS SUCURSAL COLOMBIA,EL DIFICIL - INCREMENTAL,EL DIFICIL,0,0,0,0,0,0,9,49,48,48,46,45
MAGDALENA,SANTA ANA,PACIFIC STRATUS ENERGY COLOMBIA CORP,E&P GUAMA,CAPURE,0,0,0,0,0,0,0,1,0,0,0,0
MAGDALENA,SANTA ANA,PACIFIC STRATUS ENERGY COLOMBIA CORP,E&P GUAMA,COTORRA,0,4,0,0,0,0,0,8,3,16,13,0
MAGDALENA,SANTA ANA,PACIFIC STRATUS ENERGY COLOMBIA CORP,E&P GUAMA,MANAMO,0,5,46,54,46,49,46,44,34,30,25,29
MAGDALENA,SANTA ANA,PACIFIC STRATUS ENERGY COLOMBIA CORP,E&P GUAMA,PEDERNALITO,59,47,2,11,5,3,2,1,7,5,4,6
META,ACACIAS,ECOPETROL,CPO-9,AKACIAS,5663,6705,3,0,0,0,0,0,0,1143,1511,3327
META,ACACIAS,ECOPETROL LLANOS,CUBARRAL,CASTILLA NORTE,236,208,194,220,222,110,108,106,104,102,101,99
META,ACACIAS,ECOPETROL LLANOS,CUBARRAL,CHICHIMENE,52334,52739,52515,51439,52564,50042,243,238,234,229,225,220
META,ACACIAS,ECOPETROL LLANOS,CUBARRAL,CHICHIMENE SW,1116,1161,996,1090,841,751,0,0,0,0,0,0
META,ACACIAS,ECOPETROL LLANOS,CUBARRAL Incremental,CASTILLA NORTE,47463,43904,40578,41617,39225,39176,41928,41824,42064,39387,39478,38622
META,ACACIAS,ECOPETROL LLANOS,CUBARRAL Incremental,CHICHIMENE,4128,4694,4824,4367,3868,3527,51093,50995,51437,50098,50846,51659
META,ACACIAS,ECOPETROL LLANOS,CUBARRAL Incremental,CHICHIMENE SW,0,0,0,0,0,0,0,737,1184,911,1109,980
META,BARRANCA DE UPIA,PETROMINERALES COLOMBIA LTD,CORCEL,BOA,0,0,0,2,0,0,0,0,0,0,0,0
META,BARRANCA DE UPIA,PETROMINERALES COLOMBIA LTD,CORCEL,CORCEL C,551,547,544,501,489,478,477,456,427,284,176,178
META,BARRANCA DE UPIA,PETROMINERALES COLOMBIA LTD,CORCEL,ESPADARTE,346,345,357,331,292,274,231,207,195,189,175,168
META,CABUYARO,PAREX RESOURCES COLOMBIA LTD,CERRERO,KATMANDU NORTE,0,0,0,0,0,0,0,0,0,0,0,157
META,CABUYARO,PERENCO COLOMBIA LIMITED,CERRERO,KATMANDU NORTE,0,0,0,0,0,0,0,0,0,148,69,0
META,CABUYARO,PETROMINERALES COLOMBIA LTD,CORCEL,COBRA,276,272,271,266,268,270,162,20,13,136,353,355
META,CABUYARO,PETROMINERALES COLOMBIA LTD,CORCEL,CORCEL D,268,262,262,254,250,251,254,248,247,222,259,339
META,CABUYARO,PETROMINERALES COLOMBIA LTD,CORCEL,CORCEL E,448,443,437,419,428,432,428,401,375,392,392,387
META,CABUYARO,PETROMINERALES COLOMBIA LTD,CORCEL,ESPADARTE,196,132,87,67,59,46,40,37,36,34,30,30
META,CABUYARO,PETROMINERALES COLOMBIA LTD,CORCEL,GUALA,58,0,0,0,0,0,0,0,0,0,40,17
META,CABUYARO,PETROMINERALES COLOMBIA LTD,CORCEL,MAMBO,0,0,0,0,0,0,0,0,0,0,0,80
META,CABUYARO,ONGC VIDESH LIMITED,CPO-5,LOTO,0,0,0,0,0,0,0,86,0,0,0,0
META,CABUYARO,PETROMINERALES COLOMBIA LTD,GUATIQUIA,ARDILLA,393,395,387,375,320,335,292,261,220,187,180,172
META,CABUYARO,PETROMINERALES COLOMBIA LTD,GUATIQUIA,AVISPA,12541,12232,11504,11149,10665,10815,11269,10603,12845,12300,11987,11587
META,CABUYARO,PETROMINERALES COLOMBIA LTD,GUATIQUIA,CANDELILLA,2038,1970,1972,1720,1702,1883,2049,2250,1764,1734,1645,1453
META,CABUYARO,PETROMINERALES COLOMBIA LTD,GUATIQUIA,CEIBO,2318,1995,2156,2274,2121,2065,2018,1855,1572,2110,2033,2016
META,CABUYARO,PETROMINERALES COLOMBIA LTD,GUATIQUIA,GULUPA,40,0,0,0,0,0,0,0,0,0,0,0
META,CABUYARO,PETROMINERALES COLOMBIA LTD,GUATIQUIA,YATAY,861,833,823,750,737,527,760,704,474,407,415,391
META,CASTILLA NUEVA,ECOPETROL LLANOS,CUBARRAL,CASTILLA,1862,1902,1859,1803,1778,1760,1478,1455,1432,1410,1388,1367
META,CASTILLA NUEVA,ECOPETROL LLANOS,CUBARRAL,CASTILLA ESTE,164,162,161,159,157,156,154,153,151,150,148,147
META,CASTILLA NUEVA,ECOPETROL LLANOS,CUBARRAL Incremental,CASTILLA,78564,83188,84327,81649,81130,80012,77211,74274,71356,74384,74839,75039
META,CASTILLA NUEVA,ECOPETROL LLANOS,CUBARRAL Incremental,CASTILLA ESTE,282,174,159,151,118,127,135,148,129,178,189,169
META,GUAMAL,ECOPETROL LLANOS,CUBARRAL,CHICHIMENE SW,19853,19948,19421,17655,17955,18616,20398,0,0,0,0,0
META,GUAMAL,ECOPETROL LLANOS,CUBARRAL Incremental,CHICHIMENE,0,0,0,0,0,0,0,138,299,868,855,904
META,GUAMAL,ECOPETROL LLANOS,CUBARRAL Incremental,CHICHIMENE SW,0,0,0,0,0,0,0,20604,20549,18792,18731,17607
META,PUERTO GAITAN,NEW GRANADA ENERGY CORPORATION,CABIONA,CABIONA,947,951,952,950,933,949,922,921,901,901,907,900
META,PUERTO GAITAN,ECOPETROL,CAÑO SUR E&P,CAÑO SUR,55,0,0,0,0,0,0,0,0,60,58,22
META,PUERTO GAITAN,ECOPETROL,CAÑO SUR E&P,FAUNO,1206,743,0,0,0,0,0,0,268,626,666,846
META,PUERTO GAITAN,ECOPETROL,CAÑO SUR E&P,MITO,162,61,0,0,0,0,0,0,41,143,321,181
META,PUERTO GAITAN,CEPSA COLOMBIA S.A.,CARACARA,CARACARA SUR A,4002,3895,3714,3637,3318,3324,3187,3311,3193,3224,3143,3118
META,PUERTO GAITAN,CEPSA COLOMBIA S.A.,CARACARA,CARACARA SUR B y C,2942,2806,2737,2393,2340,2189,2240,2226,2247,2134,2147,1915
META,PUERTO GAITAN,CEPSA COLOMBIA S.A.,CARACARA,ELIZITA,1328,1384,1417,1388,1366,1283,1145,791,1224,1218,1312,1414
META,PUERTO GAITAN,CEPSA COLOMBIA S.A.,CARACARA,JAGUAR SOUTH WEST,2343,2091,2040,1939,1988,2011,2113,1757,2129,2220,1945,1861
META,PUERTO GAITAN,CEPSA COLOMBIA S.A.,CARACARA,PEGUITA,3392,3281,2986,2750,2654,2554,2564,2064,1969,2230,2379,2110
META,PUERTO GAITAN,CEPSA COLOMBIA S.A.,CARACARA,PEGUITA II,486,453,488,474,471,430,460,407,371,388,558,640
META,PUERTO GAITAN,CEPSA COLOMBIA S.A.,CARACARA,PEGUITA III,1170,1298,1841,2504,2542,2638,2357,2289,2188,2117,2632,2478
META,PUERTO GAITAN,CEPSA COLOMBIA S.A.,CARACARA,RANCHO QUEMADO,173,166,166,161,164,162,167,163,162,156,157,166
META,PUERTO GAITAN,CEPSA COLOMBIA S.A.,CARACARA,TORO SENTADO,315,250,236,221,229,237,230,235,207,212,204,201
META,PUERTO GAITAN,CEPSA COLOMBIA S.A.,CARACARA,TORO SENTADO NORTE,243,260,259,241,258,260,256,252,269,257,259,259
META,PUERTO GAITAN,CEPSA COLOMBIA S.A.,CARACARA,TORO SENTADO WEST,286,235,205,208,221,222,228,237,241,240,233,206
META,PUERTO GAITAN,CEPSA COLOMBIA S.A.,CARACARA,UNUMA,0,5,0,0,0,0,7,119,240,303,307,309
META,PUERTO GAITAN,META PETROLEUM CORP,CPE-6,HAMACA,966,1056,1024,971,947,989,982,950,890,889,882,891
META,PUERTO GAITAN,TECPETROL COLOMBIA S.A.S.,CPO-07,ATARRAYA,712,684,657,640,620,603,574,549,528,525,503,488
META,PUERTO GAITAN,TECPETROL COLOMBIA S.A.S.,CPO-13,PENDARE,1535,1382,1257,1041,984,899,872,835,810,833,834,793
META,PUERTO GAITAN,HOCOL S.A.,E&E GUARROJO,GUARROJO,1447,1350,180,966,1257,1155,1089,997,881,942,954,909
META,PUERTO GAITAN,HOCOL S.A.,E&E GUARROJO,OCELOTE,14062,13990,1943,9333,12595,12632,12413,11926,11789,11501,11207,11342
META,PUERTO GAITAN,HOCOL S.A.,E&E GUARROJO,PINTADO,1106,1288,167,1014,1201,1200,1148,1166,1146,1124,1701,2119
META,PUERTO GAITAN,MAUREL & PROM COLOMBIA B.V,E&P SABANERO,SABANERO,1099,1119,956,901,0,0,0,0,0,0,0,0
META,PUERTO GAITAN,META PETROLEUM CORP,E&P SABANERO,SABANERO,0,0,0,0,883,830,807,816,733,689,718,725
META,PUERTO GAITAN,META PETROLEUM CORP,PIRIRI,RUBIALES,35797,30438,28913,29048,28173,27339,0,0,0,0,0,0
META,PUERTO GAITAN,META PETROLEUM CORP,QUIFA,AMBAR,2029,2026,2030,2028,1903,1794,1518,1761,1793,1769,1770,1747
META,PUERTO GAITAN,META PETROLEUM CORP,QUIFA,OPALO,719,709,666,683,696,630,528,605,618,605,594,625
META,PUERTO GAITAN,META PETROLEUM CORP,QUIFA,QUIFA,52774,51171,50493,50020,49358,47750,46728,45204,42802,38572,41339,42471
META,PUERTO GAITAN,META PETROLEUM CORP,RUBIALES,RUBIALES,122950,115289,115278,111350,109526,107804,0,0,0,0,0,0
META,PUERTO GAITAN,ECOPETROL LLANOS,RUBIALES ECOPETROL,RUBIALES,0,0,0,0,0,0,130414,127399,123471,118418,116592,112173
META,PUERTO GAITAN,ECOPETROL LLANOS,RUBIALES ECOPETROL - INCREMENTAL,RUBIALES,0,0,0,0,0,0,0,0,0,0,5009,0
META,PUERTO LOPEZ,ECOPETROL LLANOS,ALMAGRO_ECOPETROL,ALMAGRO,348,345,310,259,258,257,254,252,215,111,110,109
META,PUERTO LOPEZ,HUPECOL OPERATING CO LLC,E&P LLANOS 58,LLANOS 58,3569,3330,3210,3067,2938,2793,2693,2590,2598,2444,2336,2237
META,PUERTO LOPEZ,ECOPETROL LLANOS,VALDIVIA ECOPETROL,VALDIVIA,224,223,236,253,255,254,251,247,247,243,242,238
META,SAN MARTÍN,ECOPETROL LLANOS,CDND CAMOA _ECOPETROL,CAMOA,54,55,61,60,60,60,60,35,46,39,33,33
META,VILLAVICENCIO,ECOPETROL,APIAY INCREMENTAL,APIAY,4245,4262,4438,4331,4209,4449,4457,4343,4209,3984,3849,4157
META,VILLAVICENCIO,ECOPETROL,APIAY INCREMENTAL,APIAY ESTE,572,602,582,470,337,399,456,550,540,533,555,415
META,VILLAVICENCIO,ECOPETROL,APIAY INCREMENTAL,AUSTRAL,98,96,104,94,85,86,73,68,58,75,113,106
META,VILLAVICENCIO,ECOPETROL,APIAY INCREMENTAL,GAVAN,2217,1872,2022,1780,1695,1929,1878,1856,1779,1668,1667,1528
META,VILLAVICENCIO,ECOPETROL,APIAY INCREMENTAL,GUATIQUIA,3149,3320,3210,3291,3312,2914,3090,2891,2677,2558,2814,3011
META,VILLAVICENCIO,ECOPETROL,APIAY INCREMENTAL,POMPEYA,1,0,0,0,0,0,5,11,20,4,4,6
META,VILLAVICENCIO,ECOPETROL,APIAY INCREMENTAL,SURIA,3025,2887,2574,2639,2689,2579,2526,2574,2504,2694,3324,3365
META,VILLAVICENCIO,ECOPETROL,APIAY INCREMENTAL,SURIA SUR,1270,1263,1219,1043,1106,1127,1193,1149,1151,1172,1145,1082
META,VILLAVICENCIO,ECOPETROL,APIAY INCREMENTAL,TANANE,171,187,120,45,57,65,66,61,42,40,45,48
META,VILLAVICENCIO,ECOPETROL,LIBERTAD-REFORMA INCREMENTAL,LIBERTAD NORTE,75,59,8,0,0,0,0,0,0,0,0,94
META,VISTA HERMOSA,PETROMINERALES COLOMBIA LTD,RIO ARIARI,MOCHELO,209,0,0,0,0,0,0,0,0,0,0,0
NARIÑO,IPIALES,ECOPETROL D. SUR,ORITO,SUCUMBIOS,355,320,212,354,359,309,383,379,367,361,303,290
NORTE DE SANTANDER,CUCUTA,TURKISH PETROLEUM INTERNATIONAL COMPANY,GONZALEZ,RIO ZULIA WEST,41,0,0,0,0,0,0,0,0,0,0,0
NORTE DE SANTANDER,CUCUTA,ECOPETROL,ZULIA,RIO ZULIA,481,435,460,506,438,443,483,471,418,471,442,445
NORTE DE SANTANDER,LA ESPERANZA,ECOPETROL,PAVAS CACHIRA,PAVAS,59,41,46,52,51,52,54,51,54,52,51,53
NORTE DE SANTANDER,TIBU,ECOPETROL,BARCO,SARDINATA,235,232,235,235,221,220,224,195,215,188,183,143
NORTE DE SANTANDER,TIBU,ECOPETROL,BARCO,TIBU,885,881,877,873,868,864,860,856,851,847,843,839
NORTE DE SANTANDER,TIBU,ECOPETROL,BARCO INCREMENTAL,TIBU,2468,2241,2205,1964,1934,1980,1923,1771,1608,1605,1599,1693
PUTUMAYO,MOCOA,GRAN TIERRA ENERGY COLOMBIA LTD,CHAZA,MOQUETA,6719,6708,6939,7648,7212,6961,6443,6690,6591,6398,6239,6211
PUTUMAYO,MOCOA,ECOPETROL,SANTANA ECOPETROL,TOROYACO,260,258,256,257,265,260,250,267,242,266,260,260
PUTUMAYO,ORITO,ECOPETROL D. SUR,ORITO,CARIBE,141,141,140,140,139,139,138,138,137,137,136,135
PUTUMAYO,ORITO,ECOPETROL D. SUR,ORITO,CHURUYACO,77,82,63,29,30,35,547,2554,1843,1529,1348,984
PUTUMAYO,ORITO,ECOPETROL D. SUR,ORITO,ORITO,1743,1740,1730,1728,1720,1717,1709,1705,1700,1693,1690,1682
PUTUMAYO,ORITO,ECOPETROL D. SUR,ORITO,SAN ANTONIO,237,163,245,285,283,247,229,259,242,227,140,184
PUTUMAYO,ORITO,ECOPETROL D. SUR,ORITO,SUCIO,61,60,68,66,73,70,58,59,56,52,58,54
PUTUMAYO,ORITO,ECOPETROL D. SUR,ORITO Incremental,CARIBE,813,789,763,735,721,731,514,726,698,672,652,634
PUTUMAYO,ORITO,ECOPETROL D. SUR,ORITO Incremental,ORITO,1614,1659,1575,1498,1469,1466,1348,1287,1202,1081,1001,1042
PUTUMAYO,PUERTO ASIS,VETRA EXPLORACION Y PRODUCCION COLOMBIA S.A.,CPI SUR ORIENTE,COHEMBI,3403,3231,4336,4697,4400,3748,2064,1015,4754,5008,4637,4761
PUTUMAYO,PUERTO ASIS,VETRA EXPLORACION Y PRODUCCION COLOMBIA S.A.,CPI SUR ORIENTE,QUILLACINGA,725,438,1037,1172,1028,842,505,145,783,844,878,837
PUTUMAYO,PUERTO ASIS,VETRA EXPLORACION Y PRODUCCION COLOMBIA S.A.,CPI SUR ORIENTE,QUINDE,1130,1021,1303,1172,903,0,0,0,0,594,1044,909
PUTUMAYO,PUERTO ASIS,ECOPETROL D. SUR,ORITO,QUILILI,266,264,272,259,258,246,234,221,219,220,213,220
PUTUMAYO,PUERTO ASIS,AMERISUR EXPLORACIÓN COLOMBIA,PLATANILLO,PLATANILLO,3755,2532,135,2468,3544,3430,3343,815,4280,4309,4220,4071
PUTUMAYO,PUERTO ASIS,GRAN TIERRA ENERGY COLOMBIA LTD,PUT-7,CUMPLIDOR,0,0,0,0,0,0,0,0,0,0,43,562
PUTUMAYO,PUERTO CAICEDO,ECOPETROL D. SUR,ORITO,CENCELLA,112,107,111,109,61,97,29,0,0,0,0,0
PUTUMAYO,PUERTO CAICEDO,ECOPETROL D. SUR,ORITO,MANSOYA,175,165,176,156,171,164,152,148,133,162,158,156
PUTUMAYO,PUERTO CAICEDO,ECOPETROL D. SUR,ORITO,YURILLA,319,253,356,340,167,33,342,223,223,298,114,26
PUTUMAYO,SAN MIGUEL,ECOPETROL D. SUR,ORITO,ACAE-SAN MIGUEL (PTO COLON),2123,2088,1958,1883,1700,1892,1761,1841,1970,1804,1529,1634
PUTUMAYO,SAN MIGUEL,ECOPETROL D. SUR,ORITO,LORO,34,138,177,173,160,145,123,86,66,58,62,59
PUTUMAYO,VALLE DEL GUAMUEZ,ECOPETROL D. SUR,ORITO,HORMIGA,68,65,65,60,58,56,57,59,57,59,60,51
PUTUMAYO,VALLE DEL GUAMUEZ,ECOPETROL D. SUR,ORITO,LORO,593,599,575,649,689,660,463,518,475,526,596,641
PUTUMAYO,VILLAGARZON,GRAN TIERRA ENERGY COLOMBIA LTD,CHAZA,COSTAYACO,13255,13701,13190,12794,12909,12682,11982,11744,12589,11766,13972,13492
PUTUMAYO,VILLAGARZON,GRAN TIERRA ENERGY COLOMBIA LTD,GUAYUYACO,JUANAMBU,438,413,377,381,414,407,405,401,396,380,417,307
PUTUMAYO,VILLAGARZON,EMERALD ENERGY  DE COLOMBIA PLC,MIRTO E&P,MIRTO,0,0,0,19,1,0,0,0,0,0,0,0
SANTANDER,BARRANCABERMEJA,ECOPETROL,DE MARES,GALA,1739,1739,1607,1608,1626,1600,1521,1433,1448,1377,1365,1242
SANTANDER,BARRANCABERMEJA,ECOPETROL,DE MARES,GALAN,710,790,830,791,792,782,746,747,759,728,624,645
SANTANDER,BARRANCABERMEJA,ECOPETROL,DE MARES,INFANTAS,771,769,766,764,762,760,758,756,753,751,749,747
SANTANDER,BARRANCABERMEJA,ECOPETROL,DE MARES,LA CIRA,2572,2561,2551,2540,2529,2519,2508,2498,2488,2477,2467,2457
SANTANDER,BARRANCABERMEJA,ECOPETROL,DE MARES,LLANITO,2111,2080,1922,1903,1962,1914,1938,1890,1931,1848,1706,1676
SANTANDER,BARRANCABERMEJA,ECOPETROL,LA CIRA-INFANTAS INCREMENTAL,INFANTAS,11220,11125,10720,10585,10024,10033,9740,9577,9717,9643,9460,9404
SANTANDER,BARRANCABERMEJA,ECOPETROL,LA CIRA-INFANTAS INCREMENTAL,LA CIRA,22760,21917,22465,21851,21674,21974,21937,21554,22484,23670,25273,26013
SANTANDER,BARRANCABERMEJA,CONSORCIO CAMPOS DE PRODUCCIÓN - CCP,QUEBRADA ROJA,QUEBRADA ROJA,0,0,0,0,0,0,0,0,0,0,0,0
SANTANDER,BOLIVAR,KAPPA RESOURCES COLOMBIA LTD.,LAS QUINCHAS,BAUL,19,13,0,0,0,0,0,0,0,0,0,0
SANTANDER,CIMITARRA,KAPPA RESOURCES COLOMBIA LTD.,LAS QUINCHAS,ACACIA ESTE,5,5,0,0,0,0,0,0,0,0,0,0
SANTANDER,CIMITARRA,MANSAROVAR ENERGY COLOMBIA LTD,NARE ASOCIACION,CHICALA,0,0,0,0,0,0,0,5,19,32,105,58
SANTANDER,CIMITARRA,COMPAÑIA OPERADORA PETROCOLOMBIA S.A.S - COPP,OPON,OPON,43,38,39,41,39,38,23,36,36,35,21,32
SANTANDER,EL CARMEN DE CHUCURI,ECOPETROL,DE MARES,SAN LUIS,55,53,50,53,52,49,42,51,53,51,51,51
SANTANDER,MUNICIPIO NN SANTANDER,CONSORCIO CAMPOS DE PRODUCCIÓN - CCP,Toca,TOCA,21,8,0,0,0,0,0,0,0,0,0,0
SANTANDER,PENDIENTE CERTIFICADO IGAC,ECOPETROL,Convenio,LISAMA NORTE,56,47,32,30,36,0,0,0,0,0,0,0
SANTANDER,PENDIENTE CERTIFICADO IGAC,ECOPETROL,Convenio de Explotación Lisama-Nutria,LISAMA NORTE,56,0,0,0,0,37,38,36,37,38,0,0
SANTANDER,PUERTO WILCHES,ECOPETROL,YARIGUI-CANTAGALLO,Yarigui-Cantagallo,1270,1250,1248,1260,1229,1238,1170,1162,1204,1170,1255,1311
SANTANDER,PUERTO WILCHES,ECOPETROL,YARIGUI-CANTAGALLO INCREMENTAL,Yarigui-Cantagallo,4556,4267,4322,4334,4223,4189,3917,3845,3885,3811,4160,4235
SANTANDER,PUERTO WILCHES,ECOPETROL,YARIGUI-GARZAS,GARZAS,319,278,193,191,192,193,194,193,183,125,122,120
SANTANDER,RIONEGRO,AMERISUR EXPLORACIÓN COLOMBIA,E&P FENIX,FENIX,1,1,2,2,1,2,1,2,2,2,2,1
SANTANDER,RIONEGRO,PETROLEOS DEL NORTE S.A,E&P LA PALOMA,COLON,244,224,247,260,258,249,240,222,206,141,80,179
SANTANDER,RIONEGRO,PETROLEOS DEL NORTE S.A,E&P LA PALOMA,GAITERO,32,5,0,0,0,0,0,0,0,0,0,0
SANTANDER,RIONEGRO,PETROLEOS DEL NORTE S.A,E&P LA PALOMA,JUGLAR,93,117,150,147,149,141,138,136,138,138,137,139
SANTANDER,RIONEGRO,ECOPETROL,PROVINCIA,BONANZA,580,575,570,565,561,556,551,547,542,538,533,529
SANTANDER,RIONEGRO,ECOPETROL,PROVINCIA INCREMENTAL,BONANZA,2052,2101,2103,2130,2104,2128,2024,1977,1803,1755,1722,1727
SANTANDER,SABANA DE TORRES,ECOPETROL,CRISTALINA,CRISTALINA,121,123,124,121,123,122,120,123,117,116,116,0
SANTANDER,SABANA DE TORRES,PETROSANTANDER (COLOMBIA) INC.,EL PIÑAL,LIEBRE,36,36,35,35,35,54,97,95,77,68,66,68
SANTANDER,SABANA DE TORRES,PETROSANTANDER (COLOMBIA) INC.,LAS MONAS,CORAZON,26,29,33,34,37,37,37,38,30,34,34,34
SANTANDER,SABANA DE TORRES,PETROSANTANDER (COLOMBIA) INC.,LAS MONAS,CORAZON WEST,184,244,213,247,276,266,238,192,160,239,262,219
SANTANDER,SABANA DE TORRES,PETROSANTANDER (COLOMBIA) INC.,LAS MONAS,LA SALINA,1481,1412,1417,1389,1366,1334,1332,1428,1467,1344,1303,1208
SANTANDER,SABANA DE TORRES,PETROSANTANDER (COLOMBIA) INC.,LAS MONAS,PAYOA,806,703,672,620,639,609,639,605,612,545,530,627
SANTANDER,SABANA DE TORRES,PETROSANTANDER (COLOMBIA) INC.,LAS MONAS,PAYOA WEST,4,9,8,8,7,8,7,7,8,8,8,8
SANTANDER,SABANA DE TORRES,ECOPETROL,PLAYON,AULLADOR,348,415,433,397,343,245,178,179,229,344,344,329
SANTANDER,SABANA DE TORRES,ECOPETROL,PROVINCIA,PROVINCIA,4093,3664,3478,3323,3129,3126,2936,2829,2754,3035,3282,2989
SANTANDER,SAN VICENTE DE CHUCURI,ECOPETROL,Convenio de Explotación Lisama-Nutria,LISAMA NORTE,0,0,0,0,0,0,0,0,0,0,36,35
SANTANDER,SAN VICENTE DE CHUCURI,ECOPETROL,DE MARES,COLORADO,0,0,0,0,0,7,0,0,0,4,0,0
SANTANDER,SAN VICENTE DE CHUCURI,ECOPETROL,DE MARES,LISAMA,1042,1062,1046,1005,994,962,935,1036,1027,1025,938,903
SANTANDER,SAN VICENTE DE CHUCURI,ECOPETROL,DE MARES,NUTRIA,1387,1372,1277,1387,1385,1381,1396,1435,1393,1223,1336,1393
SANTANDER,SAN VICENTE DE CHUCURI,ECOPETROL,DE MARES,TESORO,312,301,288,349,329,292,303,286,266,263,262,258
SANTANDER,SIMACOTA,ECOPETROL,DE MARES,AGUAS BLANCAS,21,19,22,20,21,22,22,18,20,18,0,0
SUCRE,LOS PALMITOS,PACIFIC STRATUS ENERGY COLOMBIA CORP,LA CRECIENTE,LA CRECIENTE,7,6,5,5,5,6,6,6,7,7,6,4
SUCRE,SAN PEDRO,PACIFIC STRATUS ENERGY COLOMBIA CORP,LA CRECIENTE,APAMATE,0,0,0,0,0,0,0,0,0,0,0,0
SUCRE,SAN PEDRO,PACIFIC STRATUS ENERGY COLOMBIA CORP,LA CRECIENTE,LA CRECIENTE,17,19,20,18,16,16,13,8,7,8,6,5
SUCRE,SAN PEDRO,PACIFIC STRATUS ENERGY COLOMBIA CORP,LA CRECIENTE,LA CRECIENTE I,0,0,0,0,0,0,0,0,6,3,2,2
TOLIMA,ALVARADO,HOCOL S.A.,ARMERO HOCOL,TOTARE,60,77,78,74,81,82,80,64,86,92,82,56
TOLIMA,CHAPARRAL,HOCOL S.A.,TOLIMA B HOCOL,RIO SALDAÑA,193,172,148,137,145,146,146,209,204,194,220,218
TOLIMA,ESPINAL,KAPPA RESOURCES COLOMBIA LTD.,ABANICO,ABANICO,929,814,0,0,0,0,0,0,0,0,0,0
TOLIMA,ESPINAL,PACIFIC STRATUS ENERGY COLOMBIA CORP,ABANICO,ABANICO,0,0,710,832,817,828,814,815,831,817,776,766
TOLIMA,GUAMO,KAPPA RESOURCES COLOMBIA LTD.,GUASIMO,LISA,4,4,0,0,0,0,0,0,0,0,0,0
TOLIMA,GUAMO,PACIFIC STRATUS ENERGY COLOMBIA CORP,GUASIMO,LISA,0,0,3,0,0,0,0,0,0,0,0,0
TOLIMA,MELGAR,PERENCO COLOMBIA LIMITED,BOQUERON,GUANDO,8557,8509,8089,7746,7509,7517,7629,7179,7425,7865,7873,7543
TOLIMA,MELGAR,PERENCO COLOMBIA LIMITED,BOQUERON,GUANDO SW,2223,1874,2290,2259,2159,2110,2023,1984,1868,1881,1754,1883
TOLIMA,PIEDRAS,INTEROIL COLOMBIA EXPLORATION AND PRODUCTION,AMBROSIA,AMBROSIA,33,33,32,33,37,33,32,32,32,32,31,31
TOLIMA,PIEDRAS,INTEROIL COLOMBIA EXPLORATION AND PRODUCTION,MANA,MANA,913,891,864,808,763,764,747,733,759,754,697,691
TOLIMA,PIEDRAS,HOCOL S.A.,PULI HOCOL,TOQUI-TOQUI,510,492,476,485,484,465,473,462,450,452,460,419
TOLIMA,PIEDRAS,INTEROIL COLOMBIA EXPLORATION AND PRODUCTION,RIO OPIA,RIO OPIA,47,57,42,36,47,39,39,38,36,36,60,56
TOLIMA,PRADO,HOCOL S.A.,ESPINAL - HOCOL,MATACHIN SUR,385,368,354,350,337,334,323,319,317,301,303,312
TOLIMA,PURIFICACION,HOCOL S.A.,CHENCHE HOCOL,CHENCHE,57,55,52,60,59,59,58,55,55,54,1,40
TOLIMA,PURIFICACION,HOCOL S.A.,ESPINAL - HOCOL,MATACHIN NORTE,2865,2905,2848,2875,2822,2732,2524,2489,2441,2336,2257,2222
TOLIMA,PURIFICACION,HOCOL S.A.,ESPINAL - HOCOL,MATACHIN SUR,245,238,241,243,232,239,233,217,213,216,262,414
