Departamento,Municipio,Latitud,Longitud,Geolocalizacion,Operadora,Contrato,Campo,Enero,Febrero,Marzo,Abril,Mayo,Junio,Julio,Agosto,Septiembre,Octubre,Noviembre,Diciembre
ANTIOQUIA,PUERTO NARE,6.126539139,-74.70317722,POINT (-74.70317722 6.126539139),ECOPETROL S.A.,TECA COCORNA,AREA TECA-COCORNA,1291.74,1285.1,1281.02,1254.71,1323.26,1268.1,1198.19,1212.39,1356.37,1286.82,1546.81,1558.79
ANTIOQUIA,PUERTO NARE,6.126539139,-74.70317722,POINT (-74.70317722 6.126539139),MANSAROVAR ENERGY COLOMBIA LTD,NARE,NARE SUR,179.33,209.05,241.55,244.42,264.89,260.38,210.67,218.99,187.88,189.81,200.45,167.47
ANTIOQUIA,PUERTO NARE,6.126539139,-74.70317722,POINT (-74.70317722 6.126539139),MANSAROVAR ENERGY COLOMBIA LTD,NARE,UNDERRIVER,798.3,745.97,736.98,673.28,664.03,1154.56,639.45,710.29,662.89,698.13,657.42,629.09
ANTIOQUIA,PUERTO TRIUNFO,5.954830151,-74.6861918,POINT (-74.6861918 5.954830151),ECOPETROL S.A.,TECA COCORNA,AREA TECA-COCORNA,205.95,213.24,199.52,183.49,164.47,164.93,150.85,125.04,131.28,122.17,140.35,60.32
ANTIOQUIA,YONDO,6.925159318,-74.15824041,POINT (-74.15824041 6.925159318),ECOPETROL S.A.,MAGDALENA MEDIO,CASABE,10383.34,10307.74,10208.22,10161.94,10251.03,10108.62,10636.26,9707.98,9795.5,10265.62,10958.9,11769.92
ANTIOQUIA,YONDO,6.925159318,-74.15824041,POINT (-74.15824041 6.925159318),ECOPETROL S.A.,MAGDALENA MEDIO,CASABE SUR,1957.22,1923.78,1974.96,1952.15,1845.97,1739.7,1763.54,867.7,1450.86,1710.93,1815.17,1870.6
ANTIOQUIA,YONDO,6.925159318,-74.15824041,POINT (-74.15824041 6.925159318),ECOPETROL S.A.,MAGDALENA MEDIO,PEÑAS BLANCAS,1060.57,1063.98,1099.95,1186.04,1203.57,1130.16,1164.56,563.93,987.91,1061.45,1084.61,1125.26
ARAUCA,ARAUCA,6.796280825,-70.50921153,POINT (-70.50921153 6.796280825),OCCIDENTAL DE COLOMBIA LLC,CHIPIRÓN,CHIPIRÓN,7262.77,6149.36,5679.87,5515.9,5369.35,5876.67,4382.9,5399.29,4762.73,5451.39,5736.2,5725.81
ARAUCA,ARAUCA,6.796280825,-70.50921153,POINT (-70.50921153 6.796280825),OCCIDENTAL DE COLOMBIA LLC,CHIPIRÓN,GALEMBO,123.42,115.79,113.23,120.77,129.94,128.4,80.58,122.71,99.2,121,105.27,105.74
ARAUCA,ARAUCA,6.796280825,-70.50921153,POINT (-70.50921153 6.796280825),OCCIDENTAL DE COLOMBIA LLC,CHIPIRÓN,MACANA,296.68,238.29,240.06,211.73,137.45,182.1,226.55,281.84,227.77,202.61,178.03,160.94
ARAUCA,ARAUCA,6.796280825,-70.50921153,POINT (-70.50921153 6.796280825),OCCIDENTAL DE COLOMBIA LLC,CHIPIRÓN,MATANEGRA OESTE,36.94,39,35.1,27.83,26.23,26.77,13.65,23.68,27.67,6.13,0,0
ARAUCA,ARAUCA,6.796280825,-70.50921153,POINT (-70.50921153 6.796280825),OCCIDENTAL DE COLOMBIA LLC,CRAVO NORTE,CAÑO LIMÓN,21049.81,22407.57,23908.84,23677.27,22887.03,23514.37,17537.97,22907.13,22241.43,22449.48,22608.13,21636.58
ARAUCA,ARAUCA,6.796280825,-70.50921153,POINT (-70.50921153 6.796280825),OCCIDENTAL DE COLOMBIA LLC,CRAVO NORTE,CAÑO YARUMAL,3231.68,3197.75,3438.68,3297.6,3072.48,3115.67,2171.9,3095.81,3355.6,3343.84,3368.6,3299.19
ARAUCA,ARAUCA,6.796280825,-70.50921153,POINT (-70.50921153 6.796280825),OCCIDENTAL DE COLOMBIA LLC,CRAVO NORTE,TONINA,24.23,25.86,27.03,25.3,24.94,26.3,14.35,23.26,14.3,13.1,9.4,0
ARAUCA,ARAUQUITA,6.799338394,-71.29827429,POINT (-71.29827429 6.799338394),OCCIDENTAL DE COLOMBIA LLC,CHIPIRÓN,ARAGUATO,189.23,184.64,173.32,144.43,139.77,117.5,62.39,95.87,82.77,105.74,72.67,61.19
ARAUCA,ARAUQUITA,6.799338394,-71.29827429,POINT (-71.29827429 6.799338394),OCCIDENTAL DE COLOMBIA LLC,CHIPIRÓN,BAYONERO,1152.13,835.18,611.77,608.77,561.13,474.9,302.13,440.84,345.53,429.9,406.7,398.58
ARAUCA,ARAUQUITA,6.799338394,-71.29827429,POINT (-71.29827429 6.799338394),OCCIDENTAL DE COLOMBIA LLC,CHIPIRÓN,CHIPIRÓN,118.06,135.32,136.23,108.4,88.52,89.47,48.9,79.68,70.13,88.26,86.9,87.48
ARAUCA,ARAUQUITA,6.799338394,-71.29827429,POINT (-71.29827429 6.799338394),OCCIDENTAL DE COLOMBIA LLC,CHIPIRÓN,JIBA,0,0,0,0,0,0,0,0,0,0,0,4.13
ARAUCA,ARAUQUITA,6.799338394,-71.29827429,POINT (-71.29827429 6.799338394),OCCIDENTAL DE COLOMBIA LLC,CHIPIRÓN,JIBA UNIFICADO,77.35,91.46,89.94,96.03,91.84,92.37,52.81,81.48,58.43,70.19,68.1,80.13
ARAUCA,ARAUQUITA,6.799338394,-71.29827429,POINT (-71.29827429 6.799338394),OCCIDENTAL DE COLOMBIA LLC,COSECHA,CANAGUEY,1341.94,1290.32,1144.77,1230.17,1221.13,1232.07,738.35,1036.03,853.33,1135.74,1145.27,1137
ARAUCA,ARAUQUITA,6.799338394,-71.29827429,POINT (-71.29827429 6.799338394),OCCIDENTAL DE COLOMBIA LLC,COSECHA,FINN,2494.9,3022.57,3005.71,3013.77,3039.48,3327.37,3357.29,4587.97,4736.47,4494.26,4006.67,3546.55
ARAUCA,ARAUQUITA,6.799338394,-71.29827429,POINT (-71.29827429 6.799338394),OCCIDENTAL DE COLOMBIA LLC,COSECHA,GOLONDRINA,60.32,65.82,45.61,42.8,38.9,44.37,14.84,43.1,11.67,47.97,38.53,40.06
ARAUCA,ARAUQUITA,6.799338394,-71.29827429,POINT (-71.29827429 6.799338394),OCCIDENTAL DE COLOMBIA LLC,COSECHA,MORROCOY,99.9,104.5,85,98.6,95.9,93.73,8.48,0,0,0,0,0
ARAUCA,ARAUQUITA,6.799338394,-71.29827429,POINT (-71.29827429 6.799338394),OCCIDENTAL DE COLOMBIA LLC,COSECHA,REX,791.9,500.29,403.58,423.87,306.39,296.23,181.65,283.94,220.8,267.16,232.17,233.94
ARAUCA,ARAUQUITA,6.799338394,-71.29827429,POINT (-71.29827429 6.799338394),OCCIDENTAL DE COLOMBIA LLC,COSECHA,REX NE,2542.29,2474.96,2260.52,2319.3,4459.23,4554.53,3597.52,4778.71,4553.9,5079,4953.6,5572.29
ARAUCA,ARAUQUITA,6.799338394,-71.29827429,POINT (-71.29827429 6.799338394),OCCIDENTAL DE COLOMBIA LLC,COSECHA,TERECAY,944.94,1516.96,1888.74,1585.97,1530,1584.67,942.68,1474.32,1133.53,1470.55,1313.57,1324.74
ARAUCA,ARAUQUITA,6.799338394,-71.29827429,POINT (-71.29827429 6.799338394),OCCIDENTAL DE COLOMBIA LLC,CRAVO NORTE,CAÑO LIMÓN,138.52,337.57,603.71,668.77,711.29,793.13,880.52,1216.19,737.33,815.61,381.07,854.16
ARAUCA,ARAUQUITA,6.799338394,-71.29827429,POINT (-71.29827429 6.799338394),OCCIDENTAL DE COLOMBIA LLC,CRAVO NORTE,REDONDO,921.42,933.86,894.29,873.27,844.97,879.07,521.71,728.65,590.83,789.77,848.1,898.23
ARAUCA,ARAUQUITA,6.799338394,-71.29827429,POINT (-71.29827429 6.799338394),OCCIDENTAL DE COLOMBIA LLC,CRAVO NORTE,REDONDO ESTE,48.52,49.82,60.52,57.17,55.9,56.8,33.26,54.68,49.27,64.1,63.77,56.1
ARAUCA,ARAUQUITA,6.799338394,-71.29827429,POINT (-71.29827429 6.799338394),OCCIDENTAL DE COLOMBIA LLC,RONDÓN,CAÑO RONDÓN,3109.32,3429.36,3131.9,4551.87,3684.68,3387.97,2026.48,2825.97,2460.13,2955.97,2552,2979.39
ARAUCA,ARAUQUITA,6.799338394,-71.29827429,POINT (-71.29827429 6.799338394),OCCIDENTAL DE COLOMBIA LLC,RONDÓN,CARICARE,3974.32,4444.32,5359.1,4415.63,3336.48,4040.13,2272.39,3717.97,3052.27,3764.1,3814.77,3602.48
ARAUCA,TAME,6.390650479,-71.79178647,POINT (-71.79178647 6.390650479),PAREX RESOURCES COLOMBIA LTD. SUCURSAL,CAPACHOS,ANDINA,799.81,1873.86,2136.97,2773.15,2976.41,3040.09,3369.84,4140.93,4427.02,4306.27,4091.12,3348.14
ARAUCA,TAME,6.390650479,-71.79178647,POINT (-71.79178647 6.390650479),PAREX RESOURCES COLOMBIA LTD. SUCURSAL,CAPACHOS,CAPACHOS,886.12,1123.75,1049.36,1744.61,1915.1,1776.17,1655.36,2020.24,1084.63,172.89,320.96,1989.49
ARAUCA,TAME,6.390650479,-71.79178647,POINT (-71.79178647 6.390650479),PAREX RESOURCES COLOMBIA LTD. SUCURSAL,CAPACHOS,ANDINA NORTE,0,0,0,0,52.62,308.31,0,0,1521.9,2099.81,1257.06,0
ATLANTICO,SABANALARGA,10.62250777,-74.95510542,POINT (-74.95510542 10.62250777),LEWIS ENERGY COLOMBIA INC,SSJN-1,BULLERENGUE,418.45,409.33,404.78,402.62,403.58,422.47,520.48,443.94,380.79,559.38,556.23,594.5
BOLIVAR,CANTAGALLO,7.239229146,-74.10014043,POINT (-74.10014043 7.239229146),ECOPETROL S.A.,MAGDALENA MEDIO,YARIGUÍ-CANTAGALLO,10903.37,11256.16,12115.73,11629.55,13871.06,15588.09,16094.44,15650.16,15886.39,14045.53,15039.08,16129.45
BOLIVAR,CICUCO,9.235268598,-74.68840962,POINT (-74.68840962 9.235268598),HOCOL S.A.,CICUCO BOQUETE,CICUCO,437.24,417.26,421.81,425.81,453.09,394.28,362.75,334.14,383.88,397.35,389.83,325.56
BOLIVAR,TALAIGUA NUEVO,9.269516705,-74.58695233,POINT (-74.58695233 9.269516705),HOCOL S.A.,CICUCO BOQUETE,BOQUETE,56.06,51.56,51.69,31.84,34.98,36.53,48.67,67.67,82.84,81.05,79.44,56.71
BOLIVAR,TALAIGUA NUEVO,9.269516705,-74.58695233,POINT (-74.58695233 9.269516705),HOCOL S.A.,CICUCO BOQUETE,CICUCO,205.68,201.22,202.42,221.7,286.7,260.47,243.49,245.74,220.71,216.43,195.38,180.77
BOYACA,CORRALES,5.82454582,-72.84544845,POINT (-72.84544845 5.82454582),UNION TEMPORAL OMEGA ENERGY,BUENAVISTA,BOLÍVAR,0,0,0,0,0,0,0,0,0,37.06,0,0
BOYACA,CORRALES,5.82454582,-72.84544845,POINT (-72.84544845 5.82454582),UNION TEMPORAL OMEGA ENERGY,BUENAVISTA,CORRALES,293.03,305.39,282.65,277.8,251.35,260.37,249.23,236.29,212.2,226.03,210.1,194.32
BOYACA,PUERTO BOYACA,5.953466654,-74.4528581,POINT (-74.4528581 5.953466654),ECOPETROL S.A.,PALAGUA,CAIPAL,747.63,720.58,705.03,710.09,692.74,713.45,706.83,684.77,675.26,680.44,641.36,620.4
BOYACA,PUERTO BOYACA,5.953466654,-74.4528581,POINT (-74.4528581 5.953466654),ECOPETROL S.A.,PALAGUA,PALAGUA,6770.8,6535.66,6488.39,6514.24,6647.18,6529.5,6585.52,6670.26,6716.88,6828.05,7034.16,6922.67
BOYACA,PUERTO BOYACA,5.953466654,-74.4528581,POINT (-74.4528581 5.953466654),MANSAROVAR ENERGY COLOMBIA LTD,GUAGUAQUI - TERAN,VELASQUEZ,3071.92,3260.74,3223.85,3132.5,3146.34,3098.47,3122.68,3042.41,2823.74,2470.5,2443.9,2875.47
BOYACA,PUERTO BOYACA,5.953466654,-74.4528581,POINT (-74.4528581 5.953466654),MANSAROVAR ENERGY COLOMBIA LTD,NARE,ABARCO,3515.05,3387.58,3140.82,3201.84,3177.54,3006.53,2912.12,3089.34,3240.09,3285.18,3012.68,2858.6
BOYACA,PUERTO BOYACA,5.953466654,-74.4528581,POINT (-74.4528581 5.953466654),MANSAROVAR ENERGY COLOMBIA LTD,NARE,GIRASOL,2924.93,3008.66,2712.96,2917.05,3045.59,2819.64,2763.11,2915.58,2877.09,2860.31,2887.54,2482.12
BOYACA,PUERTO BOYACA,5.953466654,-74.4528581,POINT (-74.4528581 5.953466654),MANSAROVAR ENERGY COLOMBIA LTD,NARE,JAZMIN,4294.42,4130.59,3892.78,4039.89,3902.05,3736.91,3691.85,3674.56,3624.91,3523.61,3522.49,3556.48
BOYACA,PUERTO BOYACA,5.953466654,-74.4528581,POINT (-74.4528581 5.953466654),MANSAROVAR ENERGY COLOMBIA LTD,NARE,MORICHE,10363.3,10416.78,10232.52,10221.76,10310.77,10299.07,10332.04,10346.56,10108.02,10277.62,10220.17,10123.37
BOYACA,PUERTO BOYACA,5.953466654,-74.4528581,POINT (-74.4528581 5.953466654),MANSAROVAR ENERGY COLOMBIA LTD,NARE,UNDERRIVER,1252.95,1371.16,1142.17,1276.74,1191.1,687.92,1038.68,1259.02,1210.64,1190.09,1061.84,1035.36
BOYACA,PUERTO BOYACA,5.953466654,-74.4528581,POINT (-74.4528581 5.953466654),TPL COLOMBIA LTD - SUCURSAL COLOMBIA ANTES PANATLANTIC COLOMBIA LTD SUCURSAL EN COLOMBIA,TURPIAL,TURPIAL,0,0,0,0,70.94,369.8,211.83,227.36,192.98,7.61,33.07,50.81
BOYACA,SAN LUIS DE GACENO,4.798203543,-73.13397018,POINT (-73.13397018 4.798203543),NIKOIL ENERGY CORP,CÓNDOR,MEDINA,65.21,65.69,65.82,63.82,62.79,60.11,63.91,57.15,53.47,53.97,57.68,55.63
BOYACA,TOPAGA,5.765350303,-72.83672958,POINT (-72.83672958 5.765350303),UNION TEMPORAL OMEGA ENERGY,BUENAVISTA,BOLÍVAR,40.26,38.51,39.68,39.92,38.66,38.14,38.71,38.27,37.18,0,37.04,36.66
CASANARE,AGUAZUL,5.126121886,-72.54821017,POINT (-72.54821017 5.126121886),CEPSA COLOMBIA S.A.,LLA 22,RAMIRIQUI,1931.04,1881.03,1806.42,1772.49,1799.03,1720.14,1659.27,1598,1523.96,1443.58,1354.71,1301.91
CASANARE,AGUAZUL,5.126121886,-72.54821017,POINT (-72.54821017 5.126121886),ECOPETROL S.A.,CUSIANA NORTE,CUSIANA NORTE,1028.98,1066.93,877.83,743.95,840.42,804.93,770.84,761.01,746.64,725.28,674.11,603.46
CASANARE,AGUAZUL,5.126121886,-72.54821017,POINT (-72.54821017 5.126121886),ECOPETROL S.A.,ECOP-SDLA-OP-DIRECTA,CUPIAGUA,6067.31,5952.21,5592.59,5973.3,5911.49,5974.23,5954.97,6048.08,6012.69,5598.75,5265.18,5291.99
CASANARE,AGUAZUL,5.126121886,-72.54821017,POINT (-72.54821017 5.126121886),ECOPETROL S.A.,ECOP-SDLA-OP-DIRECTA,CUPIAGUA SUR,1731.42,1531.41,1453.37,1320.58,1335.66,1192.42,1221.69,1245.57,1297.69,1486.39,1542.91,1406.55
CASANARE,AGUAZUL,5.126121886,-72.54821017,POINT (-72.54821017 5.126121886),ECOPETROL S.A.,RECETOR,CUPIAGUA LIRIA,3473.87,3394.69,3359.42,3365.69,3350.86,3374.82,3279.76,2998.66,2872.62,2441.66,2255.46,2253.37
CASANARE,AGUAZUL,5.126121886,-72.54821017,POINT (-72.54821017 5.126121886),PAREX RESOURCES COLOMBIA LTD. SUCURSAL,LLA 26,RUMBA,1711.74,1550.7,950.34,1533.28,1910.38,1816.9,2062.18,1950.08,1612.71,1379.44,1790.86,1242.69
CASANARE,AGUAZUL,5.126121886,-72.54821017,POINT (-72.54821017 5.126121886),PERENCO COLOMBIA LIMITED,CASANARE,LA GLORIA,398.03,380.12,335.5,360.02,301.73,295.91,287.72,286.37,278.12,296.06,277.91,268.29
CASANARE,MANI,4.675769488,-72.21280273,POINT (-72.21280273 4.675769488),CEPSA COLOMBIA S.A.,PUNTERO,MANATUS,115.3,166.85,174.94,0,0,0,0,0,0,0,0,76.55
CASANARE,MANI,4.675769488,-72.21280273,POINT (-72.21280273 4.675769488),CEPSA COLOMBIA S.A.,PUNTERO,ONCA,318.66,293.64,288.86,0,0,0,0,0,0,0,0,227.43
CASANARE,MANI,4.675769488,-72.21280273,POINT (-72.21280273 4.675769488),COLOMBIA ENERGY DEVELOPMENT CO,ALCARAVÁN,ESTERO,82.86,83.28,83.28,77.67,75.61,75.78,76.4,76.54,76.57,76.31,44.92,72.07
CASANARE,MANI,4.675769488,-72.21280273,POINT (-72.21280273 4.675769488),COLOMBIA ENERGY DEVELOPMENT CO,LOS HATOS,LOS HATOS,45.05,44.96,44.98,43.89,43.8,43.85,38.91,35.74,35.57,32.67,46.45,48.44
CASANARE,MANI,4.675769488,-72.21280273,POINT (-72.21280273 4.675769488),EMERALD ENERGY PLC SUCURSAL COLOMBIA,CAMPO RICO,CAMPO RICO,408.63,400.44,391.62,360.39,364.28,378.95,392.81,382.15,373.92,378.16,367.49,366.88
CASANARE,MANI,4.675769488,-72.21280273,POINT (-72.21280273 4.675769488),EMERALD ENERGY PLC SUCURSAL COLOMBIA,CAMPO RICO,CENTAURO SUR,96.08,97.03,96.91,99.44,96.15,94.14,93.12,115.64,112.23,115.46,112.51,108.46
CASANARE,MANI,4.675769488,-72.21280273,POINT (-72.21280273 4.675769488),Frontera Energy Colombia Corp Sucursal Colombia,CASIMENA,MANTIS,331.11,321.97,317.32,309.49,307.75,307.81,307.12,297.88,296.77,294.53,291.11,288.53
CASANARE,MANI,4.675769488,-72.21280273,POINT (-72.21280273 4.675769488),Frontera Energy Colombia Corp Sucursal Colombia,CASIMENA,PISINGO,768.31,699.01,663.73,626.06,599.6,590.89,583.35,625.33,614.73,602.25,565.4,551.34
CASANARE,MANI,4.675769488,-72.21280273,POINT (-72.21280273 4.675769488),HOCOL S.A.,LA PUNTA,LA PUNTA,338.97,338.54,302.65,327.6,323.06,306.3,299.81,306.13,302.3,237.42,689.67,650.81
CASANARE,MANI,4.675769488,-72.21280273,POINT (-72.21280273 4.675769488),HOCOL S.A.,UPIA,SANTIAGO,681.14,689.85,689.39,325.46,347.22,340.17,336.04,320.72,335.02,342.1,288.93,557.19
CASANARE,MANI,4.675769488,-72.21280273,POINT (-72.21280273 4.675769488),OMNIA.ENERGY INC. SUCURSAL COLOMBIA EN REORGANIZACIÓN  (ANTES SANTA MARIA PETROLEUM INC),LLA 27,FLAMI,388.92,459.94,395.15,380.08,389.81,332.72,309.9,334.87,320.37,315.49,260.08,258.54
CASANARE,MANI,4.675769488,-72.21280273,POINT (-72.21280273 4.675769488),PERENCO COLOMBIA LIMITED,CASANARE,LA GLORIA,259.97,298.97,294.07,294.62,293.22,280.37,279.02,276.61,272.62,268.31,139.6,186.86
CASANARE,MANI,4.675769488,-72.21280273,POINT (-72.21280273 4.675769488),PETROLEOS SUD AMERICANOS SUCURSAL COLOMBIA,ENTRERRIOS,ENTRERRIOS,505.67,486.98,477.04,437.61,409.53,455.87,479.65,451.17,420.54,337.48,342.35,336.72
CASANARE,MANI,4.675769488,-72.21280273,POINT (-72.21280273 4.675769488),PETROLEOS SUD AMERICANOS SUCURSAL COLOMBIA,RIO META,GUARIMENA,56.93,155.38,154.42,152.34,149.95,135.69,154.82,142.58,155.93,155.94,153.08,154.13
CASANARE,MONTERREY,4.841308642,-72.8473434,POINT (-72.8473434 4.841308642),Frontera Energy Colombia Corp Sucursal Colombia,CANAGUARO,Canaguay,382.38,332.86,101.96,276.74,215.16,233.28,241.86,235.69,227.02,231.06,246.57,250.84
CASANARE,MUNICIPIO NN CASANARE,4.841308642,-72.8473434,POINT (-72.8473434 4.841308642),EQUION ENERGÍA LIMITED,NISCOTA,HURÓN,1002.33,673.97,541.86,1199.46,1185.74,950.11,838.49,552.77,300.4,0,0,0
CASANARE,MUNICIPIO NN CASANARE,4.841308642,-72.8473434,POINT (-72.8473434 4.841308642),Frontera Energy Colombia Corp Sucursal Colombia,CRAVOVIEJO,SAIMIRÍ,17.18,0,0,0,0,0,0,0,0,0,0,0
CASANARE,MUNICIPIO NN CASANARE,4.841308642,-72.8473434,POINT (-72.8473434 4.841308642),NEW GRANADA ENERGY CORPORATION SUCURSAL COLOMBIA,DOROTEA,DOROTEA E,92.87,94.07,93.6,96.57,97.79,98.2,94.71,93.96,92.84,92.44,87.55,33.42
CASANARE,OROCUE,4.915139133,-71.59873966,POINT (-71.59873966 4.915139133),CANACOL ENERGY COLOMBIA SAS,RANCHO HERMOSO,RANCHO HERMOSO,1060.22,1110.15,1095.88,1062.98,909.66,862.39,870.31,853.21,832.24,828.37,824.2,818.97
CASANARE,OROCUE,4.915139133,-71.59873966,POINT (-71.59873966 4.915139133),CARRAO ENERGY S.A. SUCURSAL COLOMIBA,LLA 23,DANES,511.01,136.73,532.55,447.94,430.88,418.35,415.28,410.81,414.67,413.67,400.3,327.79
CASANARE,OROCUE,4.915139133,-71.59873966,POINT (-71.59873966 4.915139133),CARRAO ENERGY S.A. SUCURSAL COLOMIBA,LLA 23,LABRADOR,580.25,585.97,595.57,591.88,644.85,641.95,611.45,564.59,544.55,534.68,409.91,330.58
CASANARE,OROCUE,4.915139133,-71.59873966,POINT (-71.59873966 4.915139133),COLOMBIA ENERGY DEVELOPMENT CO,ALCARAVÁN,CANACABARE,400.47,710.71,1065.87,1792.89,2039.7,1910.41,1015.16,1555.57,1424.32,1219.41,1178.12,1001.07
CASANARE,OROCUE,4.915139133,-71.59873966,POINT (-71.59873966 4.915139133),EMERALD ENERGY PLC SUCURSAL COLOMBIA,CAMPO RICO,VIGIA SUR,1764.81,1730.6,1737.49,1670.64,1914.46,1965.68,1819.81,1850.24,2036.47,1919.67,1842.69,1865.48
CASANARE,OROCUE,4.915139133,-71.59873966,POINT (-71.59873966 4.915139133),Frontera Energy Colombia Corp Sucursal Colombia,CACHICAMO,ANDARRIOS,122.52,103.45,100.22,92.2,84.17,77.93,71.79,79.68,79.42,72.05,64.82,57.33
CASANARE,OROCUE,4.915139133,-71.59873966,POINT (-71.59873966 4.915139133),Frontera Energy Colombia Corp Sucursal Colombia,CACHICAMO,CIRIGÜELO,272.3,261.69,289.74,245.54,226.22,220.82,176.75,130.85,144.94,234.05,202.82,173.11
CASANARE,OROCUE,4.915139133,-71.59873966,POINT (-71.59873966 4.915139133),Frontera Energy Colombia Corp Sucursal Colombia,CACHICAMO,GRETA OTO,150.63,150.09,147,144.57,142.7,143.47,144.65,143.94,143.88,144.09,140.12,141.29
CASANARE,OROCUE,4.915139133,-71.59873966,POINT (-71.59873966 4.915139133),Frontera Energy Colombia Corp Sucursal Colombia,CACHICAMO,GUACHARACA,544.06,424.7,394.64,378.7,347.14,327.38,315.99,291.18,333.39,525.58,560.75,577.38
CASANARE,OROCUE,4.915139133,-71.59873966,POINT (-71.59873966 4.915139133),Frontera Energy Colombia Corp Sucursal Colombia,CACHICAMO,HOATZIN,68.9,65.24,62.75,66.33,93.87,102.83,97.71,96.65,93.94,97.42,94.55,88.34
CASANARE,OROCUE,4.915139133,-71.59873966,POINT (-71.59873966 4.915139133),Frontera Energy Colombia Corp Sucursal Colombia,CACHICAMO,HOATZIN NORTE,187.3,179.75,173.36,177.62,185.82,183.74,175.91,176.09,179.73,184.02,184.31,177.43
CASANARE,OROCUE,4.915139133,-71.59873966,POINT (-71.59873966 4.915139133),Frontera Energy Colombia Corp Sucursal Colombia,CASANARE ESTE,CURITO,114.17,56.54,0,0,0,0,0,0,0,0,0,0
CASANARE,OROCUE,4.915139133,-71.59873966,POINT (-71.59873966 4.915139133),INVEPETROL LIMITED COLOMBIA,CASANARE ESTE,CURITO,0,0,0,0,0,0,0,0,0,0,30.01,118.06
CASANARE,OROCUE,4.915139133,-71.59873966,POINT (-71.59873966 4.915139133),Frontera Energy Colombia Corp Sucursal Colombia,CRAVOVIEJO,BASTIDAS,66.06,73.63,77.41,78.75,94.59,70.84,68.77,58.21,62.09,44.85,74.21,341.88
CASANARE,OROCUE,4.915139133,-71.59873966,POINT (-71.59873966 4.915139133),Frontera Energy Colombia Corp Sucursal Colombia,CRAVOVIEJO,CARRIZALES,408.32,443.04,406.76,364.89,377.4,385.77,336.04,313.79,294.7,394.33,468.02,452.45
CASANARE,OROCUE,4.915139133,-71.59873966,POINT (-71.59873966 4.915139133),Frontera Energy Colombia Corp Sucursal Colombia,CRAVOVIEJO,MATEMARRANO,36.8,41.75,40.28,55.65,69.87,60.03,59.83,62.32,56.51,57.96,52.61,52.1
CASANARE,OROCUE,4.915139133,-71.59873966,POINT (-71.59873966 4.915139133),Frontera Energy Colombia Corp Sucursal Colombia,CRAVOVIEJO,SAIMIRÍ,167.89,181.75,196.04,168.17,159.1,153.63,157.1,170.3,162.73,158.66,158.29,143.4
CASANARE,OROCUE,4.915139133,-71.59873966,POINT (-71.59873966 4.915139133),Frontera Energy Colombia Corp Sucursal Colombia,CRAVOVIEJO,ZOPILOTE,1448.73,1365.18,1206.41,1141.82,1183.39,1191.23,1223.4,1342.8,1387.01,1339.01,1304.41,1217.28
CASANARE,OROCUE,4.915139133,-71.59873966,POINT (-71.59873966 4.915139133),Frontera Energy Colombia Corp Sucursal Colombia,MAPACHE,TUCUSO,119.37,107.51,103.21,91.67,82.09,75.66,72.5,72.77,63.04,36.77,29.43,0
CASANARE,OROCUE,4.915139133,-71.59873966,POINT (-71.59873966 4.915139133),INTEROIL COLOMBIA EXPLORATION AND PRODUCTION,LLA 47,VIKINGO,0,256.21,243.57,235.27,228.55,213.82,206.83,206.13,203.63,211.48,210.7,210.51
CASANARE,OROCUE,4.915139133,-71.59873966,POINT (-71.59873966 4.915139133),LAS QUINCHAS RESOURCE CORP SURCURSAL COLOMBIA,MORICHE,MAURITÍA ESTE,9.45,9.41,55.59,70.86,86.06,105.72,116.88,113.23,113.17,149.9,127.77,82.69
CASANARE,OROCUE,4.915139133,-71.59873966,POINT (-71.59873966 4.915139133),LAS QUINCHAS RESOURCE CORP SURCURSAL COLOMBIA,MORICHE,MAURITÍA NORTE,1257.99,1300.76,1284.67,1308.36,1223.89,1098.99,1000.28,1154.6,1167.54,1202.64,1229.31,1124.08
CASANARE,OROCUE,4.915139133,-71.59873966,POINT (-71.59873966 4.915139133),OIRU CORPORATION,NASHIRA,ALEPE,212.7,185.12,160.33,202.56,203.6,190.4,188.13,171.06,186.9,179.81,176.56,181.26
CASANARE,OROCUE,4.915139133,-71.59873966,POINT (-71.59873966 4.915139133),OIRU CORPORATION,NASHIRA,ALVA SUR,0,0,0,18.31,75.18,55.45,52.5,47.86,38.85,27.15,26.46,27.8
CASANARE,OROCUE,4.915139133,-71.59873966,POINT (-71.59873966 4.915139133),OIRU CORPORATION,NASHIRA,NASHIRA NORTE,707.33,703.9,697.86,738.12,697.49,693.2,666.79,498.36,591.99,569.28,589.8,595.72
CASANARE,OROCUE,4.915139133,-71.59873966,POINT (-71.59873966 4.915139133),PERENCO COLOMBIA LIMITED,ESTERO,GUANAPALO,62.78,103.95,116.51,113.27,84.21,106.48,84.71,77.23,71.9,68.59,75.72,73.87
CASANARE,OROCUE,4.915139133,-71.59873966,POINT (-71.59873966 4.915139133),PERENCO COLOMBIA LIMITED,GARCERO,CANDALAY,20.99,15.75,22.68,21.64,23.55,31.99,29.95,31,27.17,28.21,37.73,34.64
CASANARE,OROCUE,4.915139133,-71.59873966,POINT (-71.59873966 4.915139133),PERENCO COLOMBIA LIMITED,GARCERO,GUASAR,302.54,307.63,301.22,290.02,282.08,251.3,255.17,242.28,240.12,230.56,216.51,207.08
CASANARE,OROCUE,4.915139133,-71.59873966,POINT (-71.59873966 4.915139133),PERENCO COLOMBIA LIMITED,GARCERO,JORCAN,41.73,38.6,34.08,39.21,43.35,38.36,38.21,35.46,33.76,33.13,33.64,41.09
CASANARE,OROCUE,4.915139133,-71.59873966,POINT (-71.59873966 4.915139133),PERENCO COLOMBIA LIMITED,GARCERO,JORDÁN,485.14,380.66,353.16,467.53,475.51,477.82,492.52,472.83,476.38,427.66,379.39,393.67
CASANARE,OROCUE,4.915139133,-71.59873966,POINT (-71.59873966 4.915139133),PERENCO COLOMBIA LIMITED,GARCERO,PARAVARE,172.32,159.8,148.64,151.07,143.89,141.02,131.4,133.05,130.49,119.77,138.69,134.6
CASANARE,OROCUE,4.915139133,-71.59873966,POINT (-71.59873966 4.915139133),PERENCO COLOMBIA LIMITED,GARCERO,PIRITO,51.63,63.22,65.21,71.26,65.38,53.37,66.64,67.77,59.52,53.63,71.33,69.92
CASANARE,OROCUE,4.915139133,-71.59873966,POINT (-71.59873966 4.915139133),PERENCO COLOMBIA LIMITED,GARCERO,SARDINAS,952.84,865.57,887.79,848.31,895.59,870.65,873.84,876.14,868.2,769.91,768.76,761.7
CASANARE,OROCUE,4.915139133,-71.59873966,POINT (-71.59873966 4.915139133),PERENCO COLOMBIA LIMITED,OROCUÉ,GUARILAQUE,1091.56,1054.35,875.54,962.69,1109.99,1017.92,981.32,885.54,935.29,840.16,798.38,825.25
CASANARE,OROCUE,4.915139133,-71.59873966,POINT (-71.59873966 4.915139133),PERENCO COLOMBIA LIMITED,OROPENDOLA,OROPÉNDOLA,185.75,174.53,170.56,201.25,202.72,217.85,214.22,222.64,212.06,209.63,199.84,125.12
CASANARE,OROCUE,4.915139133,-71.59873966,POINT (-71.59873966 4.915139133),PERENCO COLOMBIA LIMITED,OROPENDOLA,VIREO,131.1,117.77,115.9,115.2,146.25,127.18,131.48,135.42,132.64,133,127.5,149.01
CASANARE,OROCUE,4.915139133,-71.59873966,POINT (-71.59873966 4.915139133),VETRA EXPLORACION Y PRODUCCION COLOMBIA S.A.S.,LA PUNTA,JUAPE,81.48,81.5,78.29,75.4,83.81,83.87,89.65,130.84,121.73,124.61,118.93,104.29
CASANARE,OROCUE,4.915139133,-71.59873966,POINT (-71.59873966 4.915139133),VETRA EXPLORACION Y PRODUCCION COLOMBIA S.A.S.,LA PUNTA,SANTO DOMINGO,130.35,129.96,123.35,120.7,119.16,118.8,126.8,190.19,210.77,245.03,284.77,327.77
CASANARE,OROCUE,4.915139133,-71.59873966,POINT (-71.59873966 4.915139133),VETRA EXPLORACION Y PRODUCCION COLOMBIA S.A.S.,LA PUNTA,SANTO DOMINGO NORTE,457.87,438.75,434.42,424.17,395.68,394.93,300.26,0,0,0,0,0
CASANARE,OROCUE,4.915139133,-71.59873966,POINT (-71.59873966 4.915139133),Frontera Energy Colombia Corp Sucursal Colombia,MAPACHE,CASTAÑA,0,0,0,0,0,131.17,288.38,349.56,311.9,299.48,93.32,0
CASANARE,OROCUE,4.915139133,-71.59873966,POINT (-71.59873966 4.915139133),PETROLEOS COLOMBIANOS SA,TAPIR,RIO CRAVO ESTE,0,0,0,0,19.47,466.27,397.01,368.79,371.72,457.36,433.83,415.38
CASANARE,PAZ DE ARIPORO,5.779915281,-70.86947037,POINT (-70.86947037 5.779915281),GEOPARK COLOMBIA S.A.S.,LA CUERVA,CUERVA ESTE,0,0,0,1.22,0,0,0,0,0,0,0,0
CASANARE,PAZ DE ARIPORO,5.779915281,-70.86947037,POINT (-70.86947037 5.779915281),PERENCO OIL AND GAS COLOMBIA LIMITED.,LA CUERVA,CUERVA ESTE,0,0,0,0,0,0,0.12,0,0,0,0,0
CASANARE,PAZ DE ARIPORO,5.779915281,-70.86947037,POINT (-70.86947037 5.779915281),GEOPARK COLOMBIA S.A.S.,LA CUERVA,CUERVA NORESTE,26.53,28.66,27.73,28.13,29.68,23.99,0,0,0,0,0,0
CASANARE,PAZ DE ARIPORO,5.779915281,-70.86947037,POINT (-70.86947037 5.779915281),PERENCO OIL AND GAS COLOMBIA LIMITED.,LA CUERVA,CUERVA NORESTE,0,0,0,0,0,0,24.96,29.02,24.34,24.68,22.08,21.49
CASANARE,PAZ DE ARIPORO,5.779915281,-70.86947037,POINT (-70.86947037 5.779915281),GEOPARK COLOMBIA S.A.S.,LA CUERVA,CUERVA OESTE,359.82,359.3,237.08,250.75,269.4,264.27,0,0,0,0,0,0
CASANARE,PAZ DE ARIPORO,5.779915281,-70.86947037,POINT (-70.86947037 5.779915281),PERENCO OIL AND GAS COLOMBIA LIMITED.,LA CUERVA,CUERVA OESTE,0,0,0,0,0,0,243.2,279.2,250.51,270.68,299.36,393.46
CASANARE,PAZ DE ARIPORO,5.779915281,-70.86947037,POINT (-70.86947037 5.779915281),GEOPARK COLOMBIA S.A.S.,LA CUERVA,CUERVA SUR,147.34,143.46,140.63,161.96,152.12,147.75,0,0,0,0,0,0
CASANARE,PAZ DE ARIPORO,5.779915281,-70.86947037,POINT (-70.86947037 5.779915281),PERENCO OIL AND GAS COLOMBIA LIMITED.,LA CUERVA,CUERVA SUR,0,0,0,0,0,0,132.29,151.61,145.08,149.76,149.23,144.84
CASANARE,PAZ DE ARIPORO,5.779915281,-70.86947037,POINT (-70.86947037 5.779915281),GEOPARK COLOMBIA S.A.S.,YAMU,YAMÚ,55.81,55.6,52.9,48.67,49.47,47.95,0,0,0,0,0,0
CASANARE,PAZ DE ARIPORO,5.779915281,-70.86947037,POINT (-70.86947037 5.779915281),PERENCO OIL AND GAS COLOMBIA LIMITED.,YAMU,YAMÚ,0,0,0,0,0,0,38.26,45.21,45.16,42.27,36.91,35.44
CASANARE,PAZ DE ARIPORO,5.779915281,-70.86947037,POINT (-70.86947037 5.779915281),NEW GRANADA ENERGY CORPORATION SUCURSAL COLOMBIA,DOROTEA,DOROTEA B,1491.17,1517.17,1637.85,1970.9,1827.9,1703.25,1617.08,1569.7,1489.25,1550.36,1545.95,1536.71
CASANARE,PAZ DE ARIPORO,5.779915281,-70.86947037,POINT (-70.86947037 5.779915281),NEW GRANADA ENERGY CORPORATION SUCURSAL COLOMBIA,LEONA,LEONA B,168.86,167.78,158.81,138.17,136.29,133.57,127.48,125.15,128.35,129.58,124.65,119.01
CASANARE,PAZ DE ARIPORO,5.779915281,-70.86947037,POINT (-70.86947037 5.779915281),NEW GRANADA ENERGY CORPORATION SUCURSAL COLOMBIA,LEONA,LEONA B NORTE,35.95,34.67,33.75,31.8,31.48,29.36,38.11,37.69,37.3,36.42,35.44,36.4
CASANARE,PAZ DE ARIPORO,5.779915281,-70.86947037,POINT (-70.86947037 5.779915281),NEW GRANADA ENERGY CORPORATION SUCURSAL COLOMBIA,LEONA,LEONA B SUR,51.17,50.76,54.12,53.72,51.32,50.23,48.42,43.79,42.27,25.54,9.61,9.97
CASANARE,PAZ DE ARIPORO,5.779915281,-70.86947037,POINT (-70.86947037 5.779915281),NEW GRANADA ENERGY CORPORATION SUCURSAL COLOMBIA,LEONA,LEONA C,23.81,23.23,22.49,21.54,21.28,21.61,0.24,0,0,11.22,27.97,29.84
CASANARE,PAZ DE ARIPORO,5.779915281,-70.86947037,POINT (-70.86947037 5.779915281),Frontera Energy Colombia Corp Sucursal Colombia,ARRENDAJO,AZOR,150.56,150.64,150.14,142.01,199.94,228.46,187.8,158.62,159.47,162.59,164.92,165.3
CASANARE,PAZ DE ARIPORO,5.779915281,-70.86947037,POINT (-70.86947037 5.779915281),Frontera Energy Colombia Corp Sucursal Colombia,ARRENDAJO,YAGUAZO,851.67,813.32,865.67,952.27,1041.44,1129.96,1057.26,1003.96,1009.52,955.23,959.95,1080.37
CASANARE,PAZ DE ARIPORO,5.779915281,-70.86947037,POINT (-70.86947037 5.779915281),PAREX RESOURCES COLOMBIA LTD. SUCURSAL,LLA 40,BEGONIA,375.04,367.18,357.1,346.24,339.89,329.44,324.65,316.69,307.08,305.4,299.46,288.9
CASANARE,PAZ DE ARIPORO,5.779915281,-70.86947037,POINT (-70.86947037 5.779915281),"SUELOPETROL, C.A. SUCURSAL COLOMBIA",LLA 61,OMI,0,0,0,0,0,0,0,149.28,289.48,209.86,161.05,130.6
CASANARE,PAZ DE ARIPORO,5.779915281,-70.86947037,POINT (-70.86947037 5.779915281),PERENCO COLOMBIA LIMITED,CASANARE,CAÑO GARZA,170.59,170.04,153.89,154.14,148.78,149.06,134.01,142.99,125.89,124.88,101.72,98.1
CASANARE,PAZ DE ARIPORO,5.779915281,-70.86947037,POINT (-70.86947037 5.779915281),PERENCO COLOMBIA LIMITED,CASANARE,CAÑO GARZA ESTE,118.01,129.71,116.2,103.28,119.79,151.22,145.35,137.51,138.5,140.74,125.06,136.14
CASANARE,PAZ DE ARIPORO,5.779915281,-70.86947037,POINT (-70.86947037 5.779915281),PERENCO COLOMBIA LIMITED,CASANARE,CAÑO GARZA NORTE,209.15,189.09,190.56,155.41,155.32,144.23,151.38,143.4,142.82,139.86,130.08,122.38
CASANARE,PAZ DE ARIPORO,5.779915281,-70.86947037,POINT (-70.86947037 5.779915281),PERENCO COLOMBIA LIMITED,ESTERO,ABEJAS,150.38,160.48,155.84,97.92,137.46,153.29,126.73,226.9,402.31,533.29,641.64,733.79
CASANARE,PAZ DE ARIPORO,5.779915281,-70.86947037,POINT (-70.86947037 5.779915281),PERENCO COLOMBIA LIMITED,ESTERO,CHAPARRITO,275.42,278.8,273.01,268.93,266.68,257.2,257.72,251.89,248.52,254.48,243.32,246.66
CASANARE,PAZ DE ARIPORO,5.779915281,-70.86947037,POINT (-70.86947037 5.779915281),TABASCO OIL COMPANY LLC,JAGUEYES 3432-B,ANDALUZ,136.39,163.71,170.84,158,154.58,143.33,141.97,131.45,128.27,123.26,120.43,120.9
CASANARE,PORE,5.663194953,-71.92580806,POINT (-71.92580806 5.663194953),GEOPARK COLOMBIA S.A.S.,YAMU,CARUPANA,160.33,160.2,152.56,113.09,64.25,71.01,0,0,0,0,0,0
CASANARE,PORE,5.663194953,-71.92580806,POINT (-71.92580806 5.663194953),PERENCO OIL AND GAS COLOMBIA LIMITED.,YAMU,CARUPANA,0,0,0,0,0,0,82.02,273.31,331.1,281.3,200.1,277.08
CASANARE,PORE,5.663194953,-71.92580806,POINT (-71.92580806 5.663194953),GEOPARK COLOMBIA S.A.S.,YAMU,POTRILLO,62.13,66.57,62.64,67.02,68.84,64.92,0,0,0,0,0,0
CASANARE,PORE,5.663194953,-71.92580806,POINT (-71.92580806 5.663194953),PERENCO OIL AND GAS COLOMBIA LIMITED.,YAMU,POTRILLO,0,0,0,0,0,0,46.46,60.59,53.76,38.38,51.96,50.86
CASANARE,PORE,5.663194953,-71.92580806,POINT (-71.92580806 5.663194953),PAREX RESOURCES COLOMBIA LTD. SUCURSAL,LLA 16,KONA,268.36,324.22,327.99,361.79,486.93,460.86,443.49,448.04,439.84,391.46,396.21,414.75
CASANARE,SAN LUIS DE PALENQUE,5.274955665,-71.81749276,POINT (-71.81749276 5.274955665),CARRAO ENERGY S.A. SUCURSAL COLOMIBA,LLA 23,LEONO,38.87,91.03,129.8,137.47,144.08,146.6,120.46,117.85,121.59,120.43,118.73,121.76
CASANARE,SAN LUIS DE PALENQUE,5.274955665,-71.81749276,POINT (-71.81749276 5.274955665),CARRAO ENERGY S.A. SUCURSAL COLOMIBA,LLA 23,PANTRO,0.65,1.09,1.98,0.68,9.86,8.71,6.21,9.13,5.89,7.44,8.45,7.32
CASANARE,SAN LUIS DE PALENQUE,5.274955665,-71.81749276,POINT (-71.81749276 5.274955665),CARRAO ENERGY S.A. SUCURSAL COLOMIBA,LLA 23,TIGRO,12.67,0,0,0,0,0,0,0,0,0,0,0
CASANARE,SAN LUIS DE PALENQUE,5.274955665,-71.81749276,POINT (-71.81749276 5.274955665),Frontera Energy Colombia Corp Sucursal Colombia,CASANARE ESTE,CEDRILLO,0,0,66.98,33.43,338.02,154,0,0,0,0,0,0
CASANARE,SAN LUIS DE PALENQUE,5.274955665,-71.81749276,POINT (-71.81749276 5.274955665),Frontera Energy Colombia Corp Sucursal Colombia,CASANARE ESTE,CURITO,101.25,50.14,0,0,0,0,0,0,0,0,0,0
CASANARE,SAN LUIS DE PALENQUE,5.274955665,-71.81749276,POINT (-71.81749276 5.274955665),INVEPETROL LIMITED COLOMBIA,CASANARE ESTE,CURITO,0,0,0,0,0,0,0,0,0,0,26.61,104.69
CASANARE,SAN LUIS DE PALENQUE,5.274955665,-71.81749276,POINT (-71.81749276 5.274955665),Frontera Energy Colombia Corp Sucursal Colombia,CUBIRO,ARAUCO,63.33,65.03,61.92,57.74,57.74,60.35,62.12,63.52,64.05,65.6,49.02,49.07
CASANARE,SAN LUIS DE PALENQUE,5.274955665,-71.81749276,POINT (-71.81749276 5.274955665),Frontera Energy Colombia Corp Sucursal Colombia,CUBIRO,CARETO,205.86,200.42,193.02,163.12,143.54,146.86,152.7,167.2,172.32,181.51,155.23,167.65
CASANARE,SAN LUIS DE PALENQUE,5.274955665,-71.81749276,POINT (-71.81749276 5.274955665),Frontera Energy Colombia Corp Sucursal Colombia,CUBIRO,COPA,1975.45,1835.96,1991.9,1939.84,1911.18,2355.16,2152.09,2069.81,1987.69,1720.88,1813.28,1632.95
CASANARE,SAN LUIS DE PALENQUE,5.274955665,-71.81749276,POINT (-71.81749276 5.274955665),Frontera Energy Colombia Corp Sucursal Colombia,CUBIRO,COPA A NORTE,492.51,498.1,474.56,502.52,487.26,551.76,532.57,522.45,543.33,537.34,724.81,847.6
CASANARE,SAN LUIS DE PALENQUE,5.274955665,-71.81749276,POINT (-71.81749276 5.274955665),Frontera Energy Colombia Corp Sucursal Colombia,CUBIRO,COPA A SUR,68.05,73.42,67.23,64.9,63.35,78.24,330.51,226.78,192.49,180.51,203.63,194.45
CASANARE,SAN LUIS DE PALENQUE,5.274955665,-71.81749276,POINT (-71.81749276 5.274955665),Frontera Energy Colombia Corp Sucursal Colombia,CUBIRO,COPA B,198.51,190.73,193.62,185.22,187.74,182.05,177.28,175.34,173.77,175.51,164.58,146.35
CASANARE,SAN LUIS DE PALENQUE,5.274955665,-71.81749276,POINT (-71.81749276 5.274955665),Frontera Energy Colombia Corp Sucursal Colombia,CUBIRO,COPA C,166.43,182.56,187.84,162.05,82.3,51.48,35.79,21.45,17.16,125.55,222.3,203.43
CASANARE,SAN LUIS DE PALENQUE,5.274955665,-71.81749276,POINT (-71.81749276 5.274955665),Frontera Energy Colombia Corp Sucursal Colombia,CUBIRO,COPA D,461.49,475.24,440.53,393.62,415.71,455.04,461.41,442.59,447.71,433.49,407.76,386.5
CASANARE,SAN LUIS DE PALENQUE,5.274955665,-71.81749276,POINT (-71.81749276 5.274955665),Frontera Energy Colombia Corp Sucursal Colombia,CUBIRO,PETIRROJO SUR,32.1,27.54,100.33,103.69,112.8,115.57,84.57,72.96,77.34,73.06,75.05,73.14
CASANARE,SAN LUIS DE PALENQUE,5.274955665,-71.81749276,POINT (-71.81749276 5.274955665),Frontera Energy Colombia Corp Sucursal Colombia,CUBIRO,TIJERETO,0,0,0,0,0,0,0,0,0,17.14,46.88,51.72
CASANARE,SAN LUIS DE PALENQUE,5.274955665,-71.81749276,POINT (-71.81749276 5.274955665),PAREX RESOURCES COLOMBIA LTD. SUCURSAL,LLA 30,ADALIA,442.54,433.6,427.72,421.02,409.3,400.85,398.59,391.93,378.14,379.61,370.17,371.46
CASANARE,SAN LUIS DE PALENQUE,5.274955665,-71.81749276,POINT (-71.81749276 5.274955665),PAREX RESOURCES COLOMBIA LTD. SUCURSAL,LOS OCARROS,LAS MARACAS,436.5,490.62,483.6,535.99,502.49,478.68,448.03,457.32,478.81,403.55,324.78,364.55
CASANARE,SAN LUIS DE PALENQUE,5.274955665,-71.81749276,POINT (-71.81749276 5.274955665),PERENCO COLOMBIA LIMITED,CASANARE,BARQUEREÑA,197.74,180.23,95.38,186.22,198,197.28,185.64,196.31,190.8,178.75,169.64,170.54
CASANARE,SAN LUIS DE PALENQUE,5.274955665,-71.81749276,POINT (-71.81749276 5.274955665),PERENCO COLOMBIA LIMITED,CASANARE,CRAVO ESTE,567.79,544.41,579.37,530.38,72.88,505.4,541.7,540.04,524.37,513.04,495.68,498.98
CASANARE,SAN LUIS DE PALENQUE,5.274955665,-71.81749276,POINT (-71.81749276 5.274955665),PERENCO COLOMBIA LIMITED,CASANARE,LA FLORA,313.11,261.97,239.23,293.65,307.74,305.54,314.22,297.57,237.3,244.15,256.24,276.13
CASANARE,SAN LUIS DE PALENQUE,5.274955665,-71.81749276,POINT (-71.81749276 5.274955665),PERENCO COLOMBIA LIMITED,COROCORA,CAÑO GANDUL,200.08,202.19,178.25,205.23,218.36,205.69,195.52,174.52,187.82,198.12,189.27,180.03
CASANARE,SAN LUIS DE PALENQUE,5.274955665,-71.81749276,POINT (-71.81749276 5.274955665),PERENCO COLOMBIA LIMITED,COROCORA,REMACHE NORTE,244.45,243.33,304.48,333.86,332.47,335.21,326.3,340.49,333.06,330.48,311.29,318.38
CASANARE,SAN LUIS DE PALENQUE,5.274955665,-71.81749276,POINT (-71.81749276 5.274955665),PERENCO COLOMBIA LIMITED,COROCORA,REMACHE SUR,206.45,215.16,0,176.24,143.45,214.8,210.73,219.88,231.97,236.14,236.38,220.85
CASANARE,TAURAMENA,4.697463691,-72.62922436,POINT (-72.62922436 4.697463691),CEPSA COLOMBIA S.A.,GARIBAY,JILGUERO,207.57,349.92,317.19,281.78,250.65,252.09,233.54,338.26,294.1,285.46,272.27,255.26
CASANARE,TAURAMENA,4.697463691,-72.62922436,POINT (-72.62922436 4.697463691),CEPSA COLOMBIA S.A.,GARIBAY,MELERO,103.35,106.45,99.54,93.08,97.14,94.67,39.59,37.36,92.75,92.46,91.03,93.59
CASANARE,TAURAMENA,4.697463691,-72.62922436,POINT (-72.62922436 4.697463691),CEPSA COLOMBIA S.A.,TIPLE,JILGUERO SUR,351.8,324.82,298.45,277.28,268.3,261.28,241.12,236.71,228.41,225.89,216.07,194.4
CASANARE,TAURAMENA,4.697463691,-72.62922436,POINT (-72.62922436 4.697463691),ECOPETROL S.A.,RÍO CHITAMENA,CUSIANA,1552.48,1623.48,1497.58,1477.96,1687.51,1467.7,1254.27,1075.98,1001.23,977.84,971.78,945.09
CASANARE,TAURAMENA,4.697463691,-72.62922436,POINT (-72.62922436 4.697463691),ECOPETROL S.A.,TAURAMENA,CUSIANA,1122.75,1044.32,1275.46,1535.28,1612.63,1528.87,1275.23,793.25,700.8,697.54,762.44,708.89
CASANARE,TAURAMENA,4.697463691,-72.62922436,POINT (-72.62922436 4.697463691),Frontera Energy Colombia Corp Sucursal Colombia,CANAGUARO,Canaguay,268.53,220.19,343.14,299.47,280.34,250.8,234.11,205.74,327.63,300.11,284.05,245.32
CASANARE,TAURAMENA,4.697463691,-72.62922436,POINT (-72.62922436 4.697463691),Frontera Energy Colombia Corp Sucursal Colombia,LLA 25,ACORAZADO,0,0,0,33.86,59.31,72.02,0,0,0,0,0,0
CASANARE,TAURAMENA,4.697463691,-72.62922436,POINT (-72.62922436 4.697463691),GEOPARK COLOMBIA S.A.S.,LLA 34,CHACHALACA,48.82,159.78,229.24,208.92,174.42,168.07,159.7,156.7,131.39,139.64,128.22,118.99
CASANARE,TAURAMENA,4.697463691,-72.62922436,POINT (-72.62922436 4.697463691),GEOPARK COLOMBIA S.A.S.,LLA 34,CHIRICOCA,1217.74,1220.14,1297.48,1557.68,1957.18,2008.25,1549.46,3743.35,4373.5,4306.58,4078.32,3755.28
CASANARE,TAURAMENA,4.697463691,-72.62922436,POINT (-72.62922436 4.697463691),GEOPARK COLOMBIA S.A.S.,LLA 34,MAX,330.43,319.42,322.78,328.17,330.05,314.06,306.18,304.66,306.76,281.85,205.81,272.37
CASANARE,TAURAMENA,4.697463691,-72.62922436,POINT (-72.62922436 4.697463691),GEOPARK COLOMBIA S.A.S.,LLA 34,TARO TARO,561.92,560.82,542.53,527.01,493.42,471.58,464.5,413.63,422.22,426.52,421.68,413.59
CASANARE,TAURAMENA,4.697463691,-72.62922436,POINT (-72.62922436 4.697463691),GEOPARK COLOMBIA S.A.S.,LLA 34,TIGANA,6409.69,6055.3,5578.81,5569.67,5278.72,4494.48,33749.45,32648.4,31572.29,35084.05,37788,35586.86
CASANARE,TAURAMENA,4.697463691,-72.62922436,POINT (-72.62922436 4.697463691),GEOPARK COLOMBIA S.A.S.,LLA 34,TIGANA NORTE,16696.22,18653.06,17877.31,16293.03,17033.71,18219.43,0,0,0,0,0,0
CASANARE,TAURAMENA,4.697463691,-72.62922436,POINT (-72.62922436 4.697463691),GEOPARK COLOMBIA S.A.S.,LLA 34,TIGANA SUR,5923.72,5735.02,5731.05,5413.47,5629.9,4947.24,0,0,0,0,0,0
CASANARE,TAURAMENA,4.697463691,-72.62922436,POINT (-72.62922436 4.697463691),GEOPARK COLOMBIA S.A.S.,LLA 34,TILO,404.43,346.2,351.16,379.72,396.38,388.61,377.35,350.36,360.9,244.87,352.9,342.69
CASANARE,TAURAMENA,4.697463691,-72.62922436,POINT (-72.62922436 4.697463691),GEOPARK COLOMBIA S.A.S.,LLA 34,TUA,4677.43,4599.22,4292.43,7466.94,6908.33,6118.93,5930.18,5644.51,5444.65,5071.95,4856.53,4737.48
CASANARE,TAURAMENA,4.697463691,-72.62922436,POINT (-72.62922436 4.697463691),VERANO ENERGY (BARBADOS) LIMITED,LLA 31,AZOGUE,0,0,0,0,0,0,0,0,0,0,0,1165.01
CASANARE,TAURAMENA,4.697463691,-72.62922436,POINT (-72.62922436 4.697463691),VERANO ENERGY (BARBADOS) LIMITED,LLA 32,CALONA,899,1755.16,1046.25,1810.98,1853.81,1296.57,1953.52,1205.57,581.85,548.99,496.64,227.58
CASANARE,TAURAMENA,4.697463691,-72.62922436,POINT (-72.62922436 4.697463691),VERANO ENERGY (BARBADOS) LIMITED,LLA 32,CARMENTEA,181,176.24,171.3,167.71,153.56,152.14,164.41,280.4,315.7,314.09,302.41,244.37
CASANARE,TAURAMENA,4.697463691,-72.62922436,POINT (-72.62922436 4.697463691),VERANO ENERGY (BARBADOS) LIMITED,LLA 32,KANANASKIS,226.91,69.5,214.74,64.97,65.68,216.18,72.43,94.85,135.12,144.58,141.51,319.83
CASANARE,TRINIDAD,5.354527091,-71.25479519,POINT (-71.25479519 5.354527091),CEPSA COLOMBIA S.A.,MERECURE,TAMARINIZA,0,0,0,327.82,0,0,0,0,0,0,0,0
CASANARE,TRINIDAD,5.354527091,-71.25479519,POINT (-71.25479519 5.354527091),Frontera Energy Colombia Corp Sucursal Colombia,CUBIRO,PETIRROJO,127.03,60.58,47.14,46.28,50.21,47.17,32.64,35.5,43.02,42.61,48.46,44.26
CASANARE,TRINIDAD,5.354527091,-71.25479519,POINT (-71.25479519 5.354527091),Frontera Energy Colombia Corp Sucursal Colombia,CUBIRO,YOPO,27.8,18.01,17.2,15.89,17.45,15.59,12.25,1.64,0,0,0,0
CASANARE,TRINIDAD,5.354527091,-71.25479519,POINT (-71.25479519 5.354527091),LEWIS ENERGY COLOMBIA INC,GUACHIRÍA,LOS ACEITES,106.99,94.41,93.17,94.99,90.08,85.67,84.55,84.35,89.51,91.21,88.91,86.93
CASANARE,TRINIDAD,5.354527091,-71.25479519,POINT (-71.25479519 5.354527091),LEWIS ENERGY COLOMBIA INC,GUACHIRÍA,PRIMAVERA,46.45,43.41,44.47,45.01,43.64,44.11,43.87,43.36,43.9,47.18,44.26,41.78
CASANARE,TRINIDAD,5.354527091,-71.25479519,POINT (-71.25479519 5.354527091),LEWIS ENERGY COLOMBIA INC,GUACHIRIA SUR,AGAVE,0,1.05,0.43,0.83,0,0,0,0,0,0,0,0
CASANARE,TRINIDAD,5.354527091,-71.25479519,POINT (-71.25479519 5.354527091),LEWIS ENERGY COLOMBIA INC,GUACHIRIA SUR,AZAFRÁN,791.99,871.92,915.31,912.11,884.67,824.74,766.63,731.08,696.43,647.83,598.36,553.29
CASANARE,TRINIDAD,5.354527091,-71.25479519,POINT (-71.25479519 5.354527091),LEWIS ENERGY COLOMBIA INC,GUACHIRIA SUR,TULIPÁN,197.07,191.66,183.81,171.23,159.26,148.43,117.09,91.76,86.64,89.02,117.8,129.41
CASANARE,TRINIDAD,5.354527091,-71.25479519,POINT (-71.25479519 5.354527091),PERENCO COLOMBIA LIMITED,COROCORA,COREN,1964.82,1800.77,1754.04,1697.57,1623.64,1558.64,1514.36,1458.8,1412.27,1452.74,1341.75,1239.48
CASANARE,TRINIDAD,5.354527091,-71.25479519,POINT (-71.25479519 5.354527091),PERENCO COLOMBIA LIMITED,COROCORA,COROCORA,932.8,879.53,921.21,904.16,864.57,832.54,818.26,856.32,816.98,824.49,735.28,740.99
CASANARE,TRINIDAD,5.354527091,-71.25479519,POINT (-71.25479519 5.354527091),PERENCO COLOMBIA LIMITED,COROCORA,CORSUR,76.95,69.94,71.01,70.98,70.06,69.49,71.75,75.52,74.2,53.82,47.28,81.18
CASANARE,TRINIDAD,5.354527091,-71.25479519,POINT (-71.25479519 5.354527091),PERENCO COLOMBIA LIMITED,ESTERO,TOROS,38.71,37.72,37.39,36.75,35.34,34.04,35.27,35.78,34.88,39.02,33.53,33.5
CASANARE,TRINIDAD,5.354527091,-71.25479519,POINT (-71.25479519 5.354527091),PERENCO COLOMBIA LIMITED,GARCERO,PALMARITO,291.54,279.91,261.7,263.13,233.29,213.99,202.42,217.01,214.12,217.61,191.54,204.27
CASANARE,TRINIDAD,5.354527091,-71.25479519,POINT (-71.25479519 5.354527091),PERENCO COLOMBIA LIMITED,GARCERO,SIRENAS,38,37.88,38.61,34.97,38.21,37.04,32.26,28.53,23.93,21.62,26.77,28.69
CASANARE,TRINIDAD,5.354527091,-71.25479519,POINT (-71.25479519 5.354527091),PERENCO COLOMBIA LIMITED,YALEA,TRINIDAD,519.21,550.51,627.7,670.93,652.3,651.36,606.16,561.62,595.15,576.72,555.95,536.01
CASANARE,VILLA NUEVA,4.528307719,-72.82314281,POINT (-72.82314281 4.528307719),GEOPARK COLOMBIA S.A.S.,LLA 34,CURUCUCÚ,282.85,268.95,258.32,257.04,243.16,237.42,236.48,223.73,216.54,211.34,231.44,230.96
CASANARE,VILLA NUEVA,4.528307719,-72.82314281,POINT (-72.82314281 4.528307719),GEOPARK COLOMBIA S.A.S.,LLA 34,GUACO,0,0,0,0,0,0,0,0,444.57,597.36,465.06,394.43
CASANARE,VILLA NUEVA,4.528307719,-72.82314281,POINT (-72.82314281 4.528307719),GEOPARK COLOMBIA S.A.S.,LLA 34,JACAMAR,44.62,41.06,39.85,39.95,38.13,34.09,35.26,32.62,33.05,35.16,37.23,36.52
CASANARE,VILLA NUEVA,4.528307719,-72.82314281,POINT (-72.82314281 4.528307719),GEOPARK COLOMBIA S.A.S.,LLA 34,JACANA,24906.33,24725.13,24669.31,24175.97,24332.82,25432.93,25999.56,25636.46,26537.4,25216.7,26712.01,26485.41
CASANARE,TAURAMENA,4.528307719,-72.82314281,POINT (-72.82314281 4.528307719),GEOPARK COLOMBIA S.A.S.,LLA 34,TIGANA SUR,7240.1,7009.46,7004.61,6616.47,6880.99,6046.62,0,0,0,0,0,0
CASANARE,VILLA NUEVA,4.528307719,-72.82314281,POINT (-72.82314281 4.528307719),PAREX RESOURCES COLOMBIA LTD. SUCURSAL,CABRESTERO,AKIRA,1378.87,1245.86,777.85,621.46,818.68,1977.91,2628.81,2612.66,2764.67,2442.46,1599.44,1560.07
CASANARE,VILLA NUEVA,4.528307719,-72.82314281,POINT (-72.82314281 4.528307719),PAREX RESOURCES COLOMBIA LTD. SUCURSAL,CABRESTERO,BACANO,5865.53,5579.82,5427.86,5250.86,4380.4,4215.8,3166.93,2842.41,3686.6,4126.03,3950.17,3533.59
CASANARE,VILLA NUEVA,4.528307719,-72.82314281,POINT (-72.82314281 4.528307719),Frontera Energy Colombia Corp Sucursal Colombia,CORCEL,CARUTO,306.8,302.58,296.61,284.96,283.12,284.91,270.11,259.14,258.78,246.46,249.54,243.42
CASANARE,YOPAL,5.242744761,-72.25802857,POINT (-72.25802857 5.242744761),CANACOL ENERGY COLOMBIA SAS,RANCHO HERMOSO,RANCHO HERMOSO,524.53,398.86,291.64,249.41,243.96,226.05,221.27,217.39,208.44,203.52,204.1,204.29
CASANARE,YOPAL,5.242744761,-72.25802857,POINT (-72.25802857 5.242744761),COLOMBIA ENERGY DEVELOPMENT CO,RIO VERDE,BORAL,215.59,212.96,211.69,201.34,194,163.82,145.58,127.51,87.1,59.72,45.33,33.58
CASANARE,YOPAL,5.242744761,-72.25802857,POINT (-72.25802857 5.242744761),COLOMBIA ENERGY DEVELOPMENT CO,RIO VERDE,MARSUPIAL,34.91,37.51,37.66,33.81,28.54,4.74,3.36,0.33,0.33,0.33,0.32,0.33
CASANARE,YOPAL,5.242744761,-72.25802857,POINT (-72.25802857 5.242744761),COLOMBIA ENERGY DEVELOPMENT CO,RIO VERDE,TILODIRÁN,1892.15,1754.62,1650.61,1634.71,1655.57,1613.12,1584.66,1665.87,1572.94,1614.55,1601.58,1490.8
CASANARE,YOPAL,5.242744761,-72.25802857,POINT (-72.25802857 5.242744761),ECOPETROL S.A.,RECETOR,PAUTO SUR RECETOR,658.37,610.31,614.46,587.83,583.92,623.1,627.16,627.13,622.94,545.55,575.81,582.13
CASANARE,YOPAL,5.242744761,-72.25802857,POINT (-72.25802857 5.242744761),ECOPETROL S.A.,RECETOR,VOLCANERA,78.8,46.11,39.49,41.92,35.64,19.74,14.24,20.94,20.59,28.63,26.05,11.09
CASANARE,YOPAL,5.242744761,-72.25802857,POINT (-72.25802857 5.242744761),EMERALD ENERGY PLC SUCURSAL COLOMBIA,CAMPO RICO,VIGIA,423.61,386.92,460.83,533.26,464.79,452.46,457.48,489.09,469.02,459.26,439.81,425.16
CASANARE,YOPAL,5.242744761,-72.25802857,POINT (-72.25802857 5.242744761),EMERALD ENERGY PLC SUCURSAL COLOMBIA,CAMPO RICO,LOS POTROS,0,0,0,0,0,0,0,0,0,42.74,147.41,167.61
CASANARE,YOPAL,5.242744761,-72.25802857,POINT (-72.25802857 5.242744761),EQUION ENERGÍA LIMITED,PIEDEMONTE,FLOREÑA,5257.67,5247.61,5004.88,4938.23,4821.72,4553.8,4296.53,4450.88,4261.83,4059.71,4203.94,3958.72
CASANARE,YOPAL,5.242744761,-72.25802857,POINT (-72.25802857 5.242744761),EQUION ENERGÍA LIMITED,PIEDEMONTE,FLOREÑA MIRADOR,2966.21,3357.8,3392.11,3447.25,3646.08,3751.7,3943.12,3642.93,3422.5,3177.61,3278.66,3090.48
CASANARE,YOPAL,5.242744761,-72.25802857,POINT (-72.25802857 5.242744761),EQUION ENERGÍA LIMITED,PIEDEMONTE,PAUTO SUR,28477.09,27582.66,26929.71,27268.16,26941.84,26573.97,26214.52,26303.43,25758.81,25278.32,25015.2,24580.6
CASANARE,YOPAL,5.242744761,-72.25802857,POINT (-72.25802857 5.242744761),PERENCO COLOMBIA LIMITED,CASANARE,LA GLORIA NORTE,598.35,577.22,571.27,385.12,151.96,518.42,495.02,487.39,473.77,471.69,459.3,455.83
CASANARE,YOPAL,5.242744761,-72.25802857,POINT (-72.25802857 5.242744761),PERENCO COLOMBIA LIMITED,CASANARE,MORICHAL,223.39,216.35,216.16,219.07,205.29,212.59,210.18,204.11,203.24,199.63,197.73,197.44
CASANARE,YOPAL,5.242744761,-72.25802857,POINT (-72.25802857 5.242744761),PERENCO COLOMBIA LIMITED,CASANARE,TOCARIA,319.59,304.41,287.18,266.9,259.66,223.29,227.87,221.49,218.87,213.42,224.68,205.84
CAUCA,PIAMONTE,1.054128816,-76.4443271,POINT (-76.4443271 1.054128816),GRAN TIERRA ENERGY COLOMBIA LTD,GUAYUYACO,GUAYUYACO,436.47,418.81,405.48,404.14,414.64,382.74,319.2,389.86,421.84,394.07,386.35,410.94
CAUCA,PIAMONTE,1.054128816,-76.4443271,POINT (-76.4443271 1.054128816),GRAN TIERRA ENERGY COLOMBIA LTD,SANTANA,MARY,132.74,124.89,129.2,125.17,123.24,120.51,133.6,167.25,138.31,124.85,126.87,129.83
CAUCA,PIAMONTE,1.054128816,-76.4443271,POINT (-76.4443271 1.054128816),GRAN TIERRA ENERGY COLOMBIA LTD,SANTANA,MIRAFLOR,0,0,0,0,0,0,0,0,0,0,105.07,139.96
CESAR,AGUACHICA,8.248735219,-73.6227405,POINT (-73.6227405 8.248735219),CARRAO ENERGY S.A. SUCURSAL COLOMIBA,SANTA ISABEL,OSO PARDO,186.65,195.35,191.41,186.02,169.57,157.71,154.97,144.24,138.05,132.19,129.62,126.29
CESAR,AGUACHICA,8.248735219,-73.6227405,POINT (-73.6227405 8.248735219),CARRAO ENERGY S.A. SUCURSAL COLOMIBA,VMM 2,MONO ARAÑA,368.46,288.92,395.55,324.31,612.88,465.65,414.16,424.46,423.39,439.46,413.43,418.93
CESAR,AGUACHICA,8.248735219,-73.6227405,POINT (-73.6227405 8.248735219),ECOPETROL S.A.,LEBRIJA,DOÑA MARÍA,27.61,27.46,26.58,22.02,4.33,3.9,10.19,12.94,8.22,21.97,0.32,0
CESAR,AGUACHICA,8.248735219,-73.6227405,POINT (-73.6227405 8.248735219),EMERALD ENERGY PLC SUCURSAL COLOMBIA,FORTUNA,TOTUMAL,0,23.8,0,0,0,0,0,0,0,0,0,0
CESAR,AGUACHICA,8.248735219,-73.6227405,POINT (-73.6227405 8.248735219),LEWIS ENERGY COLOMBIA INC,VMM 1,CARAMELO,1.41,0,0,0,0,0,0,0,0,0,0,0
CESAR,RIO DE ORO,8.201070245,-73.48750127,POINT (-73.48750127 8.201070245),EMERALD ENERGY PLC SUCURSAL COLOMBIA,FORTUNA,PIMIENTO,2.02,2.28,1.59,0,0,0,0,0,0,0,0,0
CESAR,RIO DE ORO,8.201070245,-73.48750127,POINT (-73.48750127 8.201070245),EMERALD ENERGY PLC SUCURSAL COLOMBIA,FORTUNA,SÍLFIDE,4.53,4.21,4.06,0.28,0,0,0,0,0,0,0,0
CESAR,RIO DE ORO,8.201070245,-73.48750127,POINT (-73.48750127 8.201070245),EMERALD ENERGY PLC SUCURSAL COLOMBIA,FORTUNA,TOTUMAL,18.36,0,19.56,21.73,0,0,0,0,0,0,0,0
CESAR,RIO DE ORO,8.201070245,-73.48750127,POINT (-73.48750127 8.201070245),GRAN TIERRA ENERGY COLOMBIA LTD,MIDAS,CHUIRA,69.14,34.34,18.2,20.02,28.97,83.37,231.73,226.32,211.58,211.99,198.72,195.93
CESAR,RIO DE ORO,8.201070245,-73.48750127,POINT (-73.48750127 8.201070245),GRAN TIERRA ENERGY COLOMBIA LTD,TISQUIRAMA B,LOS ANGELES,650.93,706.3,698.77,682.44,683.78,664.28,671.9,627.5,540.7,508.77,482.07,493.01
CESAR,RIO DE ORO,8.201070245,-73.48750127,POINT (-73.48750127 8.201070245),GRAN TIERRA ENERGY COLOMBIA LTD,TISQUIRAMA B,QUERUBÍN,91.32,128.93,119.32,107.16,100.69,94.4,89.9,85.12,84.24,66.52,56.31,77.01
CESAR,RIO DE ORO,8.201070245,-73.48750127,POINT (-73.48750127 8.201070245),GRAN TIERRA ENERGY COLOMBIA LTD,TISQUIRAMA B,TRONOS,13.58,6.39,8.2,12.24,15.02,15.44,14.68,13.11,10.37,10.45,11.97,8.94
CESAR,RIO DE ORO,8.201070245,-73.48750127,POINT (-73.48750127 8.201070245),PAREX RESOURCES COLOMBIA LTD. SUCURSAL,FORTUNA,HABANERO,0,0,0,0,0,0,1.35,0,0,0,0,0
CESAR,RIO DE ORO,8.201070245,-73.48750127,POINT (-73.48750127 8.201070245),PAREX RESOURCES COLOMBIA LTD. SUCURSAL,FORTUNA,PIMIENTO,0,0,0,0,1.28,1.14,1.57,1.16,0.82,1.5,2.21,2.54
CESAR,RIO DE ORO,8.201070245,-73.48750127,POINT (-73.48750127 8.201070245),PAREX RESOURCES COLOMBIA LTD. SUCURSAL,FORTUNA,TOTUMAL,0,0,0,0,19.07,16.31,26.89,16.99,22.75,21.52,20.83,21.33
CESAR,SAN ALBERTO,7.769815987,-73.47218888,POINT (-73.47218888 7.769815987),GRAN TIERRA ENERGY COLOMBIA LTD,TISQUIRAMA-A,SANTA LUCÍA,188.57,182.13,162.42,171.7,165.04,198.73,230.94,231.33,253.61,239.07,212.42,224.43
CESAR,SAN MARTÍN,7.937788454,-73.54436312,POINT (-73.54436312 7.937788454),ECOPETROL S.A.,TISQUIRAMA,CARONTE,6.78,55.69,42.86,34.64,30.63,26.95,29.7,23.7,22.12,8.99,0,0
CESAR,SAN MARTÍN,7.937788454,-73.54436312,POINT (-73.54436312 7.937788454),ECOPETROL S.A.,TISQUIRAMA,SAN ROQUE,1797.55,1766.03,1649.73,1636.59,1591.52,1590.07,1535.31,1405.83,1479.33,1346.42,1331.74,1306.73
CESAR,SAN MARTÍN,7.937788454,-73.54436312,POINT (-73.54436312 7.937788454),ECOPETROL S.A.,TISQUIRAMA,TISQUIRAMA,768.35,755.47,756.7,695.15,744.01,817.87,1392.32,1496.06,1845.31,2026.53,1956.82,2029.08
CESAR,SAN MARTÍN,7.937788454,-73.54436312,POINT (-73.54436312 7.937788454),GRAN TIERRA ENERGY COLOMBIA LTD,MIDAS,ACORDIONERO,21613.58,19716,20632.37,20298.24,18766.01,15394.19,15220.05,15724.9,15105.12,14135.63,15508.28,15052.22
CESAR,SAN MARTÍN,7.937788454,-73.54436312,POINT (-73.54436312 7.937788454),GRAN TIERRA ENERGY COLOMBIA LTD,MIDAS,ACORDIONERO-24,4.6,0,0,0,0,0,0,0,0,0,0,0
CESAR,SAN MARTÍN,7.937788454,-73.54436312,POINT (-73.54436312 7.937788454),GRAN TIERRA ENERGY COLOMBIA LTD,MIDAS,ZOE,0,4.62,3.75,0,3.48,3.85,1.22,2.84,2.61,3.6,2.09,1.54
CORDOBA,PUEBLO NUEVO,8.481339568,-75.40516154,POINT (-75.40516154 8.481339568),GEOPRODUCTION OIL AND GAS COMPANY OF COLOMBIA,ESPERANZA,NELSON,0.24,0.24,0.23,0.19,0.22,0.23,0.25,0.28,0.27,0.3,0.28,0.28
CUNDINAMARCA,GUADUAS,5.173554764,-74.64014651,POINT (-74.64014651 5.173554764),Frontera Energy Colombia Corp Sucursal Colombia,DINDAL,GUADUAS,137.23,136.57,129.97,137.1,137.19,135.4,133.03,132.29,131.4,129.13,127.57,128.23
CUNDINAMARCA,PULI,4.691336253,-74.68074404,POINT (-74.68074404 4.691336253),HOCOL S.A.,PULI,PULI,53.41,83,49.65,52.36,54.72,47.62,55.56,55.37,96.26,112.22,54.79,51.68
DEPARTAMENTO NN,MUNICIPIO NN,4.691336253,-74.68074404,POINT (-74.68074404 4.691336253),EMERALD ENERGY PLC SUCURSAL COLOMBIA,OMBU,CAPELLA,2780.23,2761.52,2647.46,2719.77,2921.3,2814.22,2221.09,2626.62,2442.21,2395.88,2230.47,2012.74
HUILA,AIPE,3.243441923,-75.27670655,POINT (-75.27670655 3.243441923),ECOPETROL S.A.,PALERMO,BALCÓN,801.04,775.68,797.94,715.52,717.88,737.3,791.86,789.68,793.54,767.02,784.26,721.12
HUILA,AIPE,3.243441923,-75.27670655,POINT (-75.27670655 3.243441923),ECOPETROL S.A.,PIJAO-POTRERILLO,ARRAYÁN,1203.59,1178.21,1091.81,1137.93,1241.13,1250.01,1264.43,1272.02,1253.8,1327.75,1292.25,1334.22
HUILA,AIPE,3.243441923,-75.27670655,POINT (-75.27670655 3.243441923),ECOPETROL S.A.,PIJAO-POTRERILLO,BRISAS,236.26,183.87,239.6,224.49,226.83,225.38,245.53,237.98,233.64,228.39,224.81,201.9
HUILA,AIPE,3.243441923,-75.27670655,POINT (-75.27670655 3.243441923),ECOPETROL S.A.,PIJAO-POTRERILLO,DINA CRETÁCEOS,1316.64,1298.4,1263.52,1256.46,1200.96,1173.1,1344.92,1222.57,1241.61,1330.02,1285.29,1262.72
HUILA,AIPE,3.243441923,-75.27670655,POINT (-75.27670655 3.243441923),ECOPETROL S.A.,PIJAO-POTRERILLO,DINA NORTE,324.55,472.87,474.91,428.54,367.37,391.63,404.53,457.89,513.35,481.72,484.19,434.96
HUILA,AIPE,3.243441923,-75.27670655,POINT (-75.27670655 3.243441923),ECOPETROL S.A.,PIJAO-POTRERILLO,DINA TERCIARIOS,2898.85,3007.23,3177.48,3139.14,3182.42,2960.3,3002.53,3035.79,2906.06,2846.25,2872.93,2760.78
HUILA,AIPE,3.243441923,-75.27670655,POINT (-75.27670655 3.243441923),ECOPETROL S.A.,PIJAO-POTRERILLO,LOMA LARGA,0,0,0,198.14,0,309.56,0,0,0,0,0,0
HUILA,AIPE,3.243441923,-75.27670655,POINT (-75.27670655 3.243441923),ECOPETROL S.A.,PIJAO-POTRERILLO,TEMPRANILLO,275.69,299.12,76.51,130.81,140.09,147.17,147.94,142.49,115.17,41.58,132.16,150.24
HUILA,AIPE,3.243441923,-75.27670655,POINT (-75.27670655 3.243441923),ECOPETROL S.A.,PIJAO-POTRERILLO,TEMPRANILLO NORTE,133.27,151.34,164.63,140.41,150.98,162.83,173.04,160.96,158.36,154.09,37.47,78.97
HUILA,AIPE,3.243441923,-75.27670655,POINT (-75.27670655 3.243441923),ECOPETROL S.A.,PIJAO-POTRERILLO,TENAY,178.86,175.15,167.29,171.51,166.97,173.19,170.08,162.02,165.09,165.77,167.92,165.88
HUILA,BARAYA,3.135423634,-74.95797796,POINT (-74.95797796 3.135423634),HOCOL S.A.,HUILA,ANDALUCIA,36.89,37.06,35.5,36.41,37.57,36.99,38.39,75.76,106.82,102.27,88.51,83.47
HUILA,GARZON,2.172441496,-75.57131243,POINT (-75.57131243 2.172441496),EMERALD ENERGY PLC SUCURSAL COLOMBIA,MATAMBO,GIGANTE,147.51,56.3,0,0,0,0,0,0,316.3,378.48,641.18,747.88
HUILA,NEIVA,2.993360046,-75.27236232,POINT (-75.27236232 2.993360046),ECOPETROL S.A.,CAGUAN,ESPINO,16.61,17.41,14.78,12.92,8.52,8.17,6.43,7.58,13.7,13.51,8.39,14.33
HUILA,NEIVA,2.993360046,-75.27236232,POINT (-75.27236232 2.993360046),ECOPETROL S.A.,CAGUAN,RIO CEIBAS,1024.03,1000.45,959.28,1006.37,1009.93,994.81,921.74,948.49,1002.69,954.01,903.98,835.81
HUILA,NEIVA,2.993360046,-75.27236232,POINT (-75.27236232 2.993360046),ECOPETROL S.A.,CAMPOS TELLO Y LA JAGUA,LA JAGUA,51.05,45.33,50.75,46.09,49.1,53.09,56.14,58.86,57.21,58.2,46.44,60.32
HUILA,NEIVA,2.993360046,-75.27236232,POINT (-75.27236232 2.993360046),ECOPETROL S.A.,CAMPOS TELLO Y LA JAGUA,TELLO,4472.33,4289.31,4436.6,4297.37,4014.99,4163.17,3936.47,4005.08,4110.27,4002.79,3975.4,4156.42
HUILA,NEIVA,2.993360046,-75.27236232,POINT (-75.27236232 2.993360046),ECOPETROL S.A.,PALERMO,SAN FRANCISCO,2696.46,2719.4,2709.21,2633.2,2726.08,2742.07,2571.89,2556.08,2654.18,2464.97,2257.29,2296.76
HUILA,NEIVA,2.993360046,-75.27236232,POINT (-75.27236232 2.993360046),ECOPETROL S.A.,PIJAO-POTRERILLO,CEBÚ,149.18,144.1,124.32,130.84,113.62,100.99,189.69,203.19,205.46,200.76,184.33,192.07
HUILA,NEIVA,2.993360046,-75.27236232,POINT (-75.27236232 2.993360046),ECOPETROL S.A.,PIJAO-POTRERILLO,PALOGRANDE,1085.01,1029.89,989.91,922.58,1034.45,1025.39,1066.43,1036.28,1039.95,1032.91,1031.18,987.18
HUILA,NEIVA,2.993360046,-75.27236232,POINT (-75.27236232 2.993360046),ECOPETROL S.A.,PIJAO-POTRERILLO,PALOGRANDE HONDA,374.02,364.49,383.84,377.73,311.99,371.72,504.62,525.73,512.69,545.92,546.27,541.19
HUILA,NEIVA,2.993360046,-75.27236232,POINT (-75.27236232 2.993360046),ECOPETROL S.A.,PIJAO-POTRERILLO,PIJAO POTRERILLO,93.14,107.05,125.99,120,125.04,122.25,128.86,128.05,126.21,137.94,124.11,85.26
HUILA,PAICOL,2.40689827,-75.72803027,POINT (-75.72803027 2.40689827),HOCOL S.A.,RIO PAEZ,LA CAÑADA NORTE,1180.84,1270.39,1375.68,1328.66,1410.22,1419.93,1359.27,1381.93,1369.12,1332.62,1309.64,1317.51
HUILA,PALERMO,2.914491967,-75.44066118,POINT (-75.44066118 2.914491967),ECOPETROL S.A.,PALERMO,PALERMO,112.65,121.93,121.76,120.86,120.73,83.76,82.89,138.67,112.76,123.9,105.54,104.95
HUILA,PALERMO,2.914491967,-75.44066118,POINT (-75.44066118 2.914491967),ECOPETROL S.A.,PALERMO,SAN FRANCISCO,1684.46,1712.92,1688.12,1682.53,1706.58,1706.36,1599.24,1547.79,1511.77,1575.54,1730.16,1645.77
HUILA,PALERMO,2.914491967,-75.44066118,POINT (-75.44066118 2.914491967),ECOPETROL S.A.,SANTA CLARA,SANTA CLARA,438.69,450.86,445.42,448.03,383.49,324.43,451.14,518.52,540.26,600.25,527.46,406.21
HUILA,TESALIA,2.526855132,-75.68259642,POINT (-75.68259642 2.526855132),HOCOL S.A.,RIO PAEZ,LA HOCHA,704.38,692.59,685.51,676.86,683.97,906.73,1002.88,972.31,987.49,961.76,999.93,925.59
HUILA,VILLAVIEJA,3.287057875,-75.13838292,POINT (-75.13838292 3.287057875),ECOPETROL S.A.,PIJAO-POTRERILLO,LOMA LARGA,338.36,374.59,376.33,0,311.92,0,363.02,372.04,358.98,54.44,186.17,308.8
HUILA,YAGUARA,2.646563339,-75.51592645,POINT (-75.51592645 2.646563339),ECOPETROL S.A.,HOBO,YAGUARA,1892.63,1715.82,1662.54,1636.67,1655.95,1760.55,1778.91,1785.53,1776.36,1766.59,1650.69,1745.36
MAGDALENA,ARIGUANI,9.834264955,-74.08460085,POINT (-74.08460085 9.834264955),PETROLEOS SUD AMERICANOS SUCURSAL COLOMBIA,EL DIFÍCIL,EL DIFÍCIL,157.63,151.75,152.64,147.39,130.71,141.41,152.04,150.81,145.6,142.54,137.57,132.99
MAGDALENA,SANTA ANA,9.503097215,-74.44419381,POINT (-74.44419381 9.503097215),Frontera Energy Colombia Corp Sucursal Colombia,GUAMA,CAPURE,2.08,1.29,1.21,1.07,0.84,1.1,1.16,0.8,1.03,1.39,0.07,0
MAGDALENA,SANTA ANA,9.503097215,-74.44419381,POINT (-74.44419381 9.503097215),Frontera Energy Colombia Corp Sucursal Colombia,GUAMA,COTORRA,0.3,0.27,0,0,0,0,0,0,0,0,0,0
MAGDALENA,SANTA ANA,9.503097215,-74.44419381,POINT (-74.44419381 9.503097215),Frontera Energy Colombia Corp Sucursal Colombia,GUAMA,MANAMO,0.44,0.35,0.63,0,0,0,0,0,0,0,0,1.39
MAGDALENA,SANTA ANA,9.503097215,-74.44419381,POINT (-74.44419381 9.503097215),Frontera Energy Colombia Corp Sucursal Colombia,GUAMA,PEDERNALITO,1.88,1.94,2.2,2.98,2.9,3.27,3.08,2.4,2.96,3.1,2.79,2.36
META,ACACIAS,3.943383008,-73.57135162,POINT (-73.57135162 3.943383008),ECOPETROL S.A.,CPO 9,AKACIAS,12307.73,13785.32,17174.56,17208.36,17564.79,17905.32,17127.56,18818.48,17602.41,19529.13,19547.89,19602.29
META,ACACIAS,3.943383008,-73.57135162,POINT (-73.57135162 3.943383008),ECOPETROL S.A.,CUBARRAL,CASTILLA,0,0,171.97,287.26,66.89,72391.5,98.13,100.87,121.93,108.92,127.23,145.91
META,ACACIAS,3.943383008,-73.57135162,POINT (-73.57135162 3.943383008),ECOPETROL S.A.,CUBARRAL,CASTILLA NORTE,40632.55,41073.16,41473.2,42667.9,42973.92,40705.63,40308.07,37749.79,39929.21,40775.4,40114.24,42520.57
META,ACACIAS,3.943383008,-73.57135162,POINT (-73.57135162 3.943383008),ECOPETROL S.A.,CUBARRAL,CHICHIMENE,50104.38,49321.04,48212.74,45500.65,47285.98,48182.41,46094.75,48446.88,45112.56,49355.97,50123.3,49740.07
META,ACACIAS,3.943383008,-73.57135162,POINT (-73.57135162 3.943383008),ECOPETROL S.A.,CUBARRAL,CHICHIMENE SW,377.48,329.14,119.53,0,0,0,0,0,300.65,386.23,389.67,371.82
META,BARRANCA DE UPIA,4.519076127,-72.99548981,POINT (-72.99548981 4.519076127),Frontera Energy Colombia Corp Sucursal Colombia,CORCEL,CORCEL A,238.22,235.42,221.18,215.79,214.93,216.66,217.26,200.82,205.07,212.36,212.41,207.65
META,BARRANCA DE UPIA,4.519076127,-72.99548981,POINT (-72.99548981 4.519076127),Frontera Energy Colombia Corp Sucursal Colombia,CORCEL,CORCEL C,235.29,212.01,217.76,211.7,221.71,222.91,226.7,223.12,219.49,216.27,208.9,207.7
META,BARRANCA DE UPIA,4.519076127,-72.99548981,POINT (-72.99548981 4.519076127),Frontera Energy Colombia Corp Sucursal Colombia,CORCEL,ESPADARTE,74.68,72.31,71.09,70.88,70.27,68.96,68.45,65.04,66.28,62.79,61.16,61.04
META,CABUYARO,4.315244759,-72.95268896,POINT (-72.95268896 4.315244759),ONGC VIDESH LIMITED SUCURSAL COLOMBIANA,CPO 5,INDICO,4429.77,1026.11,1626.95,4049.08,4703.54,4633.34,4592.5,4666.91,4746.98,4676.31,4944.68,4988.02
META,CABUYARO,4.315244759,-72.95268896,POINT (-72.95268896 4.315244759),ONGC VIDESH LIMITED SUCURSAL COLOMBIANA,CPO 5,MARIPOSA,3129.03,3134.82,3128.56,2753.47,3128.52,3003.32,3124.47,3101.63,3112.61,3080.18,3123.69,3127.92
META,CABUYARO,4.315244759,-72.95268896,POINT (-72.95268896 4.315244759),ONGC VIDESH LIMITED SUCURSAL COLOMBIANA,CPO 5,SOL,0,0,0,0,0,4.69,37.06,0,0,0,0,0
META,CABUYARO,4.315244759,-72.95268896,POINT (-72.95268896 4.315244759),Frontera Energy Colombia Corp Sucursal Colombia,CORCEL,COBRA,219.54,216.76,214.45,205.87,200.92,198.27,195.77,194.8,192.25,196.59,185.95,180.32
META,CABUYARO,4.315244759,-72.95268896,POINT (-72.95268896 4.315244759),Frontera Energy Colombia Corp Sucursal Colombia,CORCEL,CORCEL D,291.66,299.89,297.15,303.57,310.11,298.11,243.48,128.3,266.97,82.54,86.91,91.4
META,CABUYARO,4.315244759,-72.95268896,POINT (-72.95268896 4.315244759),Frontera Energy Colombia Corp Sucursal Colombia,CORCEL,CORCEL E,302.03,300.01,295.28,271.83,0,193.72,234.68,242.99,239.1,243.29,247.33,239.23
META,CABUYARO,4.315244759,-72.95268896,POINT (-72.95268896 4.315244759),Frontera Energy Colombia Corp Sucursal Colombia,GUATIQUIA,ARDILLA,2848.36,2823.78,2575.88,2556.61,2403.2,2340.24,2800.63,2618.16,2612.34,2627.18,2523.85,0
META,CABUYARO,4.315244759,-72.95268896,POINT (-72.95268896 4.315244759),Frontera Energy Colombia Corp Sucursal Colombia,GUATIQUIA,AVISPA,5954.36,6146.03,5935.7,5195.63,5039.28,5080.86,4807.41,5430.21,5437.53,5115.26,4764.21,0
META,CABUYARO,4.315244759,-72.95268896,POINT (-72.95268896 4.315244759),Frontera Energy Colombia Corp Sucursal Colombia,GUATIQUIA,CANDELILLA,5389.09,3780.38,3374.37,3118.71,2565.48,2140.36,1668.79,1470.28,1446.25,1562.99,1636.18,1644.76
META,CABUYARO,4.315244759,-72.95268896,POINT (-72.95268896 4.315244759),Frontera Energy Colombia Corp Sucursal Colombia,GUATIQUIA,CEIBO,957.09,988.06,915.2,857.77,730,732.84,745.64,719.53,676.98,627.94,563.35,8586.88
META,CABUYARO,4.315244759,-72.95268896,POINT (-72.95268896 4.315244759),Frontera Energy Colombia Corp Sucursal Colombia,GUATIQUIA,Coralillo,1936.56,1825.02,2265.13,2429.2,3038.16,2949.13,2885.33,2685.52,2583.96,2459.66,2298.4,2338.51
META,CABUYARO,4.315244759,-72.95268896,POINT (-72.95268896 4.315244759),Frontera Energy Colombia Corp Sucursal Colombia,GUATIQUIA,YATAY,469.59,471.49,433.98,444.13,499.92,442.45,417.27,302.21,143.25,144.44,137.26,128.88
META,CABUYARO,4.315244759,-72.95268896,POINT (-72.95268896 4.315244759),ONGC VIDESH LIMITED SUCURSAL COLOMBIANA,CPO 5,LOTO,0,0,0,0,0,0,0,0,0,0,0,6.97
META,CASTILLA NUEVA,3.805154089,-73.53886668,POINT (-73.53886668 3.805154089),ECOPETROL S.A.,CUBARRAL,CASTILLA,71821.96,72822.92,71704.19,69910.53,70686.64,77.33,71006.72,68957.29,69377.55,69499.86,68337.96,68992.83
META,CASTILLA NUEVA,3.805154089,-73.53886668,POINT (-73.53886668 3.805154089),ECOPETROL S.A.,CUBARRAL,CASTILLA ESTE,328.19,307.79,252.24,212.87,220.94,239.27,244.04,199.17,176.32,188.53,185.99,162.05
META,CASTILLA NUEVA,3.805154089,-73.53886668,POINT (-73.53886668 3.805154089),ECOPETROL S.A.,CUBARRAL,CASTILLA NORTE,2472.04,2043.65,2331.55,2238.01,2071.66,2109.87,2146.22,2664.68,2698.17,2566.76,2549.08,2478.72
META,GUAMAL,3.947775585,-73.95983864,POINT (-73.95983864 3.947775585),ECOPETROL S.A.,CPO 9,AKACIAS,2551.79,2527.46,2498.16,2510.4,2509.14,2409.58,2362.8,2321.44,2336.65,2214.87,2025.26,2385.9
META,GUAMAL,3.947775585,-73.95983864,POINT (-73.95983864 3.947775585),ECOPETROL S.A.,CUBARRAL,CHICHIMENE,918.93,878.77,895.55,935.57,857.56,833,754.47,836.02,802.08,802.36,715.25,950.85
META,GUAMAL,3.947775585,-73.95983864,POINT (-73.95983864 3.947775585),ECOPETROL S.A.,CUBARRAL,CHICHIMENE SW,19670.45,19788.17,19058.49,19326.02,20825.67,19626.44,18064.5,21107.41,19968.09,20543.06,20863.33,20311.96
META,MUNICIPIO NN META,3.947775585,-73.95983864,POINT (-73.95983864 3.947775585),Frontera Energy Colombia Corp Sucursal Colombia,GUATIQUIA,Alligator,2611.11,2446.05,2247.42,2125.96,2038.13,1941.53,1909.35,1731.63,1589.45,1393.66,1300.46,0
META,PUERTO GAITAN,4.005034467,-71.63157429,POINT (-71.63157429 4.005034467),CEPSA COLOMBIA S.A.,CARACARA,CARACARA SUR A,2426.78,2607.95,2569.28,2648.76,2746.91,2637.64,2644.07,2496.6,2561.56,2534.26,2441.26,2362.69
META,PUERTO GAITAN,4.005034467,-71.63157429,POINT (-71.63157429 4.005034467),CEPSA COLOMBIA S.A.,CARACARA,CARACARA SUR B Y C,2092.51,2048.22,2003.48,1933,1932.68,1778.88,1865.77,1891.64,1827.34,1680.75,1742.26,1845.59
META,PUERTO GAITAN,4.005034467,-71.63157429,POINT (-71.63157429 4.005034467),CEPSA COLOMBIA S.A.,CARACARA,ELIZITA,1009.47,979.96,949.33,958.92,891.48,1019.03,993.46,1013.06,989.83,1025.33,922.62,982.85
META,PUERTO GAITAN,4.005034467,-71.63157429,POINT (-71.63157429 4.005034467),CEPSA COLOMBIA S.A.,CARACARA,PEGUITA,1951.46,2417.42,2388.77,2016.08,2023.82,1847.4,1681.34,1659.11,1745.84,1673.89,1774.17,1745.76
META,PUERTO GAITAN,4.005034467,-71.63157429,POINT (-71.63157429 4.005034467),CEPSA COLOMBIA S.A.,CARACARA,PEGUITA II,674.72,662.8,649.2,633.91,587.94,631.64,623.37,502.39,573.75,581.57,541.06,533.15
META,PUERTO GAITAN,4.005034467,-71.63157429,POINT (-71.63157429 4.005034467),CEPSA COLOMBIA S.A.,CARACARA,PEGUITA III,1101.53,1679.07,1187.52,1302.48,1232.24,1222.33,1142.34,1253.21,1160.44,1101.2,962.58,1030.46
META,PUERTO GAITAN,4.005034467,-71.63157429,POINT (-71.63157429 4.005034467),CEPSA COLOMBIA S.A.,CARACARA,PEGUITA SW,1293.38,1390.79,1293.24,1262.49,1143.25,971.02,888.55,862.2,970.84,892.89,882.68,841.2
META,PUERTO GAITAN,4.005034467,-71.63157429,POINT (-71.63157429 4.005034467),CEPSA COLOMBIA S.A.,CARACARA,RANCHO QUEMADO,119.41,113.47,108.02,104.43,102.58,103.21,103.78,101.81,105.26,104.99,113.38,118.97
META,PUERTO GAITAN,4.005034467,-71.63157429,POINT (-71.63157429 4.005034467),CEPSA COLOMBIA S.A.,CARACARA,TORO SENTADO,158.24,159.42,160.74,159.11,162.42,165.92,162.31,177.03,154.59,214.34,241.33,254.89
META,PUERTO GAITAN,4.005034467,-71.63157429,POINT (-71.63157429 4.005034467),CEPSA COLOMBIA S.A.,CARACARA,TORO SENTADO NORTE,301.27,299.91,303.12,299.99,297.52,307.32,320.13,312.97,318.13,328.53,324.17,309.39
META,PUERTO GAITAN,4.005034467,-71.63157429,POINT (-71.63157429 4.005034467),CEPSA COLOMBIA S.A.,CARACARA,TORO SENTADO WEST,148.68,134.32,135.2,135.27,132.18,117.74,96.52,92.18,92.36,107.43,93.82,83.08
META,PUERTO GAITAN,4.005034467,-71.63157429,POINT (-71.63157429 4.005034467),CEPSA COLOMBIA S.A.,CARACARA,UNUMA,191.3,179.77,162.3,155.25,128.49,117.11,135.59,129.56,126.47,119.5,113.41,110.62
META,PUERTO GAITAN,4.005034467,-71.63157429,POINT (-71.63157429 4.005034467),ECOPETROL S.A.,CAÑO SUR,CAÑO SUR ESTE,3513.59,3481.84,3575.59,3504.8,3682.06,3937.65,4477.06,5140.42,5309.22,5410.97,5682.97,5723.99
META,PUERTO GAITAN,4.005034467,-71.63157429,POINT (-71.63157429 4.005034467),ECOPETROL S.A.,RUBIALES,RUBIALES,122499.45,121803.04,117360.31,121200.72,120572.42,119761.46,118783.92,119631.98,118199.27,117518.68,116863.3,117712
META,PUERTO GAITAN,4.005034467,-71.63157429,POINT (-71.63157429 4.005034467),Frontera Energy Colombia Corp Sucursal Colombia,CPE-5,COPLERO,0,0,0,0,0,0,0,99.98,128.96,82.36,0,0
META,PUERTO GAITAN,4.005034467,-71.63157429,POINT (-71.63157429 4.005034467),Frontera Energy Colombia Corp Sucursal Colombia,CPE-6,HAMACA,979.91,970.67,956.59,952.44,1014.68,1086.81,1911.36,2228.83,2204.82,1717.28,2401.04,2980.31
META,PUERTO GAITAN,4.005034467,-71.63157429,POINT (-71.63157429 4.005034467),Frontera Energy Colombia Corp Sucursal Colombia,CPE-7,GALOPE,0,0,0,0,0,0,0,0,0,0,17.19,0
META,PUERTO GAITAN,4.005034467,-71.63157429,POINT (-71.63157429 4.005034467),Frontera Energy Colombia Corp Sucursal Colombia,SABANERO,CHAMÁN,20.96,0,0,0,0,0,0,0,0,0,0,0
META,PUERTO GAITAN,4.005034467,-71.63157429,POINT (-71.63157429 4.005034467),Frontera Energy Colombia Corp Sucursal Colombia,SABANERO,SABANERO,1012.55,984.12,969.05,1008.46,996.02,1043.57,945.59,928.76,1004.9,914.83,956.3,1063.13
META,PUERTO GAITAN,4.005034467,-71.63157429,POINT (-71.63157429 4.005034467),Frontera Energy Colombia Corp Sucursal Colombia,SABANERO,SEJE,5.09,21.21,0,0,0,0,0,0,0,0,0,0
META,PUERTO GAITAN,4.005034467,-71.63157429,POINT (-71.63157429 4.005034467),Frontera Energy Colombia Corp Sucursal Colombia,QUIFA,CAJUA,2867.88,2737.21,2658.33,2796.62,2804.17,2782.1,2751.73,2532.76,2696.12,2617.54,2568.92,537.03
META,PUERTO GAITAN,4.005034467,-71.63157429,POINT (-71.63157429 4.005034467),Frontera Energy Colombia Corp Sucursal Colombia,QUIFA,JASPE,43.55,30.92,0,0,0,0,0,0,0,0,0,0
META,PUERTO GAITAN,4.005034467,-71.63157429,POINT (-71.63157429 4.005034467),Frontera Energy Colombia Corp Sucursal Colombia,QUIFA,QUIFA,45919.09,45394.48,44763.58,46508.76,48917.03,49355.29,48388.99,49150.07,49977.25,49460.56,46418.59,45628.63
META,PUERTO GAITAN,4.005034467,-71.63157429,POINT (-71.63157429 4.005034467),HOCOL S.A.,GUARROJO,GUARROJO,791.65,922.51,1071.97,982,910.54,931.97,845.49,814.62,794.91,766.56,765.15,813.75
META,PUERTO GAITAN,4.005034467,-71.63157429,POINT (-71.63157429 4.005034467),HOCOL S.A.,GUARROJO,OCELOTE,9372.56,9042.4,9038.6,9292.17,9179.44,9199.08,9211.23,9360.19,9599.61,9838.01,9839.58,9876.57
META,PUERTO GAITAN,4.005034467,-71.63157429,POINT (-71.63157429 4.005034467),HOCOL S.A.,GUARROJO,PINTADO,1400.75,1489.9,1613.92,1558.37,1544.76,1556.55,1484.89,1592.16,1605.07,1507.84,1493.14,1517.66
META,PUERTO GAITAN,4.005034467,-71.63157429,POINT (-71.63157429 4.005034467),NEW GRANADA ENERGY CORPORATION SUCURSAL COLOMBIA,CABIONA,CABIONA,684.73,681.25,652.46,629.69,625.65,610.68,608.42,602.61,602.13,590.83,577.09,577.86
META,PUERTO GAITAN,4.005034467,-71.63157429,POINT (-71.63157429 4.005034467),TECPETROL COLOMBIA SAS,CPO 13,La Pluma,0,0,628.85,558.49,409.92,392.33,374.49,330.8,241.09,269.21,249.6,228.15
META,PUERTO GAITAN,4.005034467,-71.63157429,POINT (-71.63157429 4.005034467),TECPETROL COLOMBIA SAS,CPO 13,PENDARE,1887.74,2040.55,1924.53,2355.3,2391.98,2357.8,2093.35,1994.92,2207.41,2133.54,2281.97,2898.39
META,PUERTO GAITAN,4.005034467,-71.63157429,POINT (-71.63157429 4.005034467),TECPETROL COLOMBIA SAS,CPO 13,Pendare Norte,0,0,56.08,0,0,202.02,495.36,500.95,475.63,439.52,429.22,440
META,PUERTO GAITAN,4.005034467,-71.63157429,POINT (-71.63157429 4.005034467),TECPETROL COLOMBIA SAS,CPO 7,ATARRAYA,289.77,284.52,283.43,251.46,278.82,274.09,271.37,267.79,239.17,257.21,250.12,250.06
META,PUERTO GAITAN,4.005034467,-71.63157429,POINT (-71.63157429 4.005034467),Frontera Energy Colombia Corp Sucursal Colombia,CPE-6,AMANECER,0,0,0,0,0.03,14.89,0,0,0,0,0,0
META,PUERTO LOPEZ,4.014298921,-72.64570499,POINT (-72.64570499 4.014298921),HUPECOL OPERATING CO LLC,LLA 58,FRANKMAVE,72.6,0,0,103.74,126.95,92.05,5.23,0,0,0,0,0
META,PUERTO LOPEZ,4.014298921,-72.64570499,POINT (-72.64570499 4.014298921),HUPECOL OPERATING CO LLC,LLA 58,LLANOS-58-4,1305.6,1249.69,1239.75,1214.58,1177.72,1134.92,1089.64,1021.97,1025.21,989.31,939.63,893.31
META,PUERTO LOPEZ,4.014298921,-72.64570499,POINT (-72.64570499 4.014298921),Iberoamericana de Hidrocarburos CQ Exploración y Producción S.A.S.,VALDIVIA ALMAGRO,ALMAGRO,564.49,580.77,602.81,707.02,714.24,715.36,708.09,700.68,690.47,704.05,687.84,662.88
META,PUERTO LOPEZ,4.014298921,-72.64570499,POINT (-72.64570499 4.014298921),Iberoamericana de Hidrocarburos CQ Exploración y Producción S.A.S.,VALDIVIA ALMAGRO,VALDIVIA ALMAGRO,306.49,304.92,302.16,288.62,306.35,323.71,328.86,344.91,320.77,293.94,293.81,289.42
META,SAN MARTÍN,3.515860962,-72.65672742,POINT (-72.65672742 3.515860962),ECOPETROL S.A.,CAÑO SUR,FONTANA,0,0,0,0,0,0,0,0,0,6.58,0,5.28
META,VILLAVICENCIO,4.09166877,-73.49291595,POINT (-73.49291595 4.09166877),ECOPETROL S.A.,APIAY,APIAY,4094.43,4113.13,4118.57,3967.49,3517.48,3802.75,3929.62,3642.29,3633.93,3284.3,3148.09,3085.59
META,VILLAVICENCIO,4.09166877,-73.49291595,POINT (-73.49291595 4.09166877),ECOPETROL S.A.,APIAY,APIAY ESTE,313.29,217.41,189.16,244.34,180.59,190.38,228.6,263.49,295.81,289.44,302.98,272.36
META,VILLAVICENCIO,4.09166877,-73.49291595,POINT (-73.49291595 4.09166877),ECOPETROL S.A.,APIAY,AUSTRAL,674.88,628.66,408.5,527.76,523.4,511.16,262.4,312.36,306.88,282.59,397.31,254.77
META,VILLAVICENCIO,4.09166877,-73.49291595,POINT (-73.49291595 4.09166877),ECOPETROL S.A.,APIAY,GAVAN,824.01,1218.67,1219.59,1247.06,1208.62,1229.83,1300.33,1207.42,1151.21,1263.56,1289.32,1361.99
META,VILLAVICENCIO,4.09166877,-73.49291595,POINT (-73.49291595 4.09166877),ECOPETROL S.A.,APIAY,GUATIQUIA,2297.12,2311.56,2303.01,1837.34,2186.39,2059.18,2406.15,2189.76,1991.49,2264.23,2160,2100.12
META,VILLAVICENCIO,4.09166877,-73.49291595,POINT (-73.49291595 4.09166877),ECOPETROL S.A.,APIAY,GUAYURIBA,12.48,2.9,21.71,34.17,34.28,11.31,0,0,0,0,0,0
META,VILLAVICENCIO,4.09166877,-73.49291595,POINT (-73.49291595 4.09166877),ECOPETROL S.A.,APIAY,LIBERTAD NORTE,188.15,193.51,163.98,139.56,145.58,139.51,174.03,193.01,222.51,194.86,187.87,188.58
META,VILLAVICENCIO,4.09166877,-73.49291595,POINT (-73.49291595 4.09166877),ECOPETROL S.A.,APIAY,POMPEYA,1.9,8.29,39.51,15.19,4.54,22.14,7.31,12.39,4.22,3.43,3.43,2.49
META,VILLAVICENCIO,4.09166877,-73.49291595,POINT (-73.49291595 4.09166877),ECOPETROL S.A.,APIAY,SAURIO,77.68,218.38,211.01,120,115,163.34,152.16,121.28,114.3,74.37,57.98,66.58
META,VILLAVICENCIO,4.09166877,-73.49291595,POINT (-73.49291595 4.09166877),ECOPETROL S.A.,APIAY,SURIA,1840.33,1995.24,1981.06,1909.5,1706.61,1849.26,2102.45,2541.59,3065.46,4255.12,4761.7,5173.81
META,VILLAVICENCIO,4.09166877,-73.49291595,POINT (-73.49291595 4.09166877),ECOPETROL S.A.,APIAY,SURIA SUR,1714.94,1723.69,1738.77,1325.92,1564.43,1380.44,1518.5,1537.56,1611.85,1248.1,1130.39,811.55
META,VILLAVICENCIO,4.09166877,-73.49291595,POINT (-73.49291595 4.09166877),ECOPETROL S.A.,APIAY,TANANE,199.99,218.21,288.18,308.09,277.8,188.63,316.85,218.28,398.88,387.55,410,441.66
NARIÑO,IPIALES,0.497708465,-77.24047625,POINT (-77.24047625 0.497708465),ECOPETROL S.A.,AREA OCCIDENTAL,SUCUMBIOS,263.29,260.03,256.08,258.76,16.7,188.55,259.14,260.31,263.5,257.81,260.16,260.09
NORTE DE SANTANDER,CUCUTA,8.112041811,-72.48862641,POINT (-72.48862641 8.112041811),Iberoamericana de Hidrocarburos CQ Exploración y Producción S.A.S.,RIO ZULIA,RIO ZULIA,417.89,480.07,490.81,491.87,447.13,464.26,467.73,467.27,411.52,431.2,482.66,542.22
NORTE DE SANTANDER,LA ESPERANZA,7.695233593,-73.36139672,POINT (-73.36139672 7.695233593),ECOPETROL S.A.,PAVAS,PAVAS CACHIRA,53.29,53.99,53.95,53.01,50,54.01,50.4,49.96,49.3,50.04,0.8,0
NORTE DE SANTANDER,SARDINATA,8.215080767,-72.79580961,POINT (-72.79580961 8.215080767),WATTLE PETROLEUM COMPANY S.A.S,CARBONERA,CERRO GORDO,0.19,0.44,0.8,0.35,0.14,0.24,0.24,0.1,0.1,0.1,0.28,0.06
NORTE DE SANTANDER,TIBU,8.713507237,-72.79925855,POINT (-72.79925855 8.713507237),ECOPETROL S.A.,TIBU,SARDINATA,141.18,143.27,141.87,143.35,137.45,138.35,143.84,119,90.22,89.5,103.68,89.08
NORTE DE SANTANDER,TIBU,8.713507237,-72.79925855,POINT (-72.79925855 8.713507237),ECOPETROL S.A.,TIBU,TIBÚ,1849.66,1848.16,1967.6,2087.45,2003.54,1982.16,1467.5,26.72,23.63,118.78,1124.82,1577.13
PUTUMAYO,MOCOA,1.26070915,-76.66584349,POINT (-76.66584349 1.26070915),GRAN TIERRA ENERGY COLOMBIA LTD,CHAZA,MOQUETA,3673.7,3720.64,3590.09,3516.02,3848.96,4136.73,3982.24,3489.11,3304.66,3049.5,3011.71,3014.51
PUTUMAYO,MOCOA,1.26070915,-76.66584349,POINT (-76.66584349 1.26070915),GRAN TIERRA ENERGY COLOMBIA LTD,SANTANA,TOROYACO,230.67,211.79,209.07,204.2,209.79,215.43,219.02,205.58,202.73,209.42,211.97,213.76
PUTUMAYO,ORITO,0.673756323,-76.94313923,POINT (-76.94313923 0.673756323),ECOPETROL S.A.,AREA OCCIDENTAL,QURIYANA,0,18.51,198.07,206.44,147.25,95.66,56.95,0,0,4.21,0.46,0.38
PUTUMAYO,ORITO,0.673756323,-76.94313923,POINT (-76.94313923 0.673756323),ECOPETROL S.A.,AREA OCCIDENTAL,CARIBE,1344.53,1319.17,1313.48,1299.9,1193.86,1227.27,1242.26,1216.84,1196.29,1169.58,1157.7,1156.89
PUTUMAYO,ORITO,0.673756323,-76.94313923,POINT (-76.94313923 0.673756323),ECOPETROL S.A.,AREA OCCIDENTAL,CHURUYACO,198.37,152.4,157.64,30.4,156.6,200.09,143.93,134.97,146.83,135.5,57.08,39.54
PUTUMAYO,ORITO,0.673756323,-76.94313923,POINT (-76.94313923 0.673756323),ECOPETROL S.A.,ORITO,ORITO,1961.72,2174.49,2243.25,2256.34,2229.93,2133.07,1777.31,1577.48,1447.77,1884.51,1991.44,1887.39
PUTUMAYO,ORITO,0.673756323,-76.94313923,POINT (-76.94313923 0.673756323),ECOPETROL S.A.,AREA OCCIDENTAL,SAN ANTONIO,88.45,109.41,80.63,121.63,107.03,131.42,111.96,144.27,132.06,126.81,164.2,170.6
PUTUMAYO,ORITO,0.673756323,-76.94313923,POINT (-76.94313923 0.673756323),ECOPETROL S.A.,AREA OCCIDENTAL,SUCIO,88.16,80.12,86.23,82.06,77.65,87.05,60.16,87.27,82.73,69.44,65.03,35.26
PUTUMAYO,ORITO,0.673756323,-76.94313923,POINT (-76.94313923 0.673756323),GRAN TIERRA ENERGY COLOMBIA LTD,NANCY-BURDINE-MAXINE,NANCY,209.9,193.47,188.13,192.7,180.41,158.43,176.29,164.99,165.13,157.11,161.82,154.45
PUTUMAYO,PUERTO ASIS,0.433884539,-76.52158203,POINT (-76.52158203 0.433884539),AMERISUR EXPLORACION COLOMBIA LTD,PLATANILLO,PLATANILLO,2987.43,2946.6,3144.84,4019.7,4131.73,4362.86,4057.49,3826.49,4503.47,4168.31,3922.68,3577.21
PUTUMAYO,PUERTO ASIS,0.433884539,-76.52158203,POINT (-76.52158203 0.433884539),GRAN TIERRA ENERGY COLOMBIA LTD,PUT-7,CUMPLIDOR,728.77,711.77,455.29,314.26,217.98,307.99,708.81,528.62,634.45,741.2,673.35,683.5
PUTUMAYO,VALLE DEL GUAMUEZ,0.42012589,-76.77067026,POINT (-76.77067026 0.42012589),GRAN TIERRA ENERGY COLOMBIA LTD,PUT-7,PECARI,0,0,0,0,8.87,50.16,61.79,55.95,45.86,37.69,34.48,25.87
PUTUMAYO,PUERTO ASIS,0.433884539,-76.52158203,POINT (-76.52158203 0.433884539),VETRA EXPLORACION Y PRODUCCION COLOMBIA S.A.S.,SURORIENTE,COHEMBI,5476.82,5154.41,5132.86,5109.95,5333.78,3393.97,5470.34,4715.37,4914.48,5551.43,5627.99,6036.7
PUTUMAYO,PUERTO ASIS,0.433884539,-76.52158203,POINT (-76.52158203 0.433884539),VETRA EXPLORACION Y PRODUCCION COLOMBIA S.A.S.,SURORIENTE,QUILLACINGA,351.97,526.57,797.91,826.05,820.08,524.1,846.87,927.66,1037.42,1017.68,972.64,997.08
PUTUMAYO,PUERTO ASIS,0.433884539,-76.52158203,POINT (-76.52158203 0.433884539),VETRA EXPLORACION Y PRODUCCION COLOMBIA S.A.S.,SURORIENTE,QUINDE,476.64,521.66,508.36,489.44,449.87,332.33,442.9,441.91,430.6,406.61,404.67,381.16
PUTUMAYO,PUERTO CAICEDO,0.70416861,-76.49864415,POINT (-76.49864415 0.70416861),ECOPETROL S.A.,NORORIENTE,MANSOYA,362.28,358.78,223.56,280.98,213.18,200.06,235.46,264.49,271.97,200.81,184.04,307.65
PUTUMAYO,PUERTO CAICEDO,0.70416861,-76.49864415,POINT (-76.49864415 0.70416861),ECOPETROL S.A.,NORORIENTE,YURILLA,45.5,151.62,47.33,94.59,3.61,2.57,140.96,103.41,156.42,71.78,5.86,141.15
PUTUMAYO,SAN MIGUEL,0.272449048,-76.84510459,POINT (-76.84510459 0.272449048),ECOPETROL S.A.,AREA SUR,ACAE SAN MIGUEL,1441.74,1337.81,1318.91,1364.19,1295.45,1260.88,987.58,1167.21,1388.36,1725.48,1559.15,1540.32
PUTUMAYO,SAN MIGUEL,0.272449048,-76.84510459,POINT (-76.84510459 0.272449048),ECOPETROL S.A.,AREA SUR,LORO,259.98,240.47,205.9,5.08,179.82,558.84,419.31,383.7,428.54,386.37,81.14,397.79
PUTUMAYO,VALLE DEL GUAMUEZ,0.42012589,-76.77067026,POINT (-76.77067026 0.42012589),ECOPETROL S.A.,AREA SUR,HORMIGA,24.75,18.55,19.47,29.12,29.44,29.73,29.57,32.06,29.96,29.37,22.86,28.79
PUTUMAYO,VALLE DEL GUAMUEZ,0.42012589,-76.77067026,POINT (-76.77067026 0.42012589),ECOPETROL S.A.,AREA SUR,LORO,484.24,449.19,430.25,403.82,375.69,366.25,352.02,358.42,29.56,32.98,66.24,178.81
PUTUMAYO,VALLE DEL GUAMUEZ,0.42012589,-76.77067026,POINT (-76.77067026 0.42012589),GRAN TIERRA ENERGY COLOMBIA LTD,PUT-7,POMORROSO,134.95,92.61,91.95,118.89,75.69,43.67,53.59,46.87,42.08,38.13,37.76,10.61
PUTUMAYO,VILLAGARZON,0.911149515,-76.74495447,POINT (-76.74495447 0.911149515),EMERALD ENERGY PLC SUCURSAL COLOMBIA,MARANTA,AGAPANTO,195.77,220.48,220.58,206.95,159.02,151.74,136.41,167.66,178.19,170.64,160.64,147.59
PUTUMAYO,VILLAGARZON,0.911149515,-76.74495447,POINT (-76.74495447 0.911149515),EMERALD ENERGY PLC SUCURSAL COLOMBIA,MARANTA,MIRTO,440.55,359.47,268.2,273.21,406.83,486.11,421.4,427.61,361.86,360.73,324.91,386.44
PUTUMAYO,VILLAGARZON,0.911149515,-76.74495447,POINT (-76.74495447 0.911149515),GRAN TIERRA ENERGY COLOMBIA LTD,CHAZA,COSTAYACO,7657.6,7510.24,7115.56,6719.53,5917.99,5804.9,5958.2,6239.29,6524.91,6705.65,6542.65,7674.75
PUTUMAYO,VILLAGARZON,0.911149515,-76.74495447,POINT (-76.74495447 0.911149515),GRAN TIERRA ENERGY COLOMBIA LTD,GUAYUYACO,JUANAMBU,401.84,422.59,425.97,385.59,460.5,479.7,486.53,461.73,441.83,493.51,458.08,459.17
PUTUMAYO,VILLAGARZON,0.911149515,-76.74495447,POINT (-76.74495447 0.911149515),GRAN TIERRA ENERGY COLOMBIA LTD,PUT 1,VONU,300.37,303.47,302.48,463.91,685.31,614.01,547.32,512.5,465.54,433.33,413.66,428.95
SANTANDER,BARRANCABERMEJA,7.054074558,-73.78211646,POINT (-73.78211646 7.054074558),ECOPETROL S.A.,LA CIRA INFANTAS,INFANTAS,13009.66,12501.58,12202.39,12164.89,12096.12,12386.12,11976.69,12056.2,12278.03,11593.66,12493.82,12567.06
SANTANDER,BARRANCABERMEJA,7.054074558,-73.78211646,POINT (-73.78211646 7.054074558),ECOPETROL S.A.,LA CIRA INFANTAS,LA CIRA,31008.22,30325.1,30868.67,30835.09,28622.37,30620.43,30196.41,29884.44,30530.33,29737.74,28250.13,29862.39
SANTANDER,BARRANCABERMEJA,7.054074558,-73.78211646,POINT (-73.78211646 7.054074558),ECOPETROL S.A.,MAGDALENA MEDIO,LLANITO UNIFICADO,3611.12,3581.12,3520.36,3782.35,3892.08,3717.18,3990.5,3829.74,3799.5,3620.91,3518.07,3851.07
SANTANDER,BOLIVAR,6.181715586,-73.92065703,POINT (-73.92065703 6.181715586),LAS QUINCHAS RESOURCE CORP SURCURSAL COLOMBIA,LAS QUINCHAS,BAÚL,0.9,0.74,0,0,0,0,0,0,0,0,0,0
SANTANDER,CIMITARRA,6.40972961,-74.17030427,POINT (-74.17030427 6.40972961),COMPAÑIA OPERADORA PETROCOLOMBIA S.A.S - COPP,OPÓN,ANGIE,0,0,0,0,0,0,0,0,0,129.29,111.9,111.65
SANTANDER,CIMITARRA,6.40972961,-74.17030427,POINT (-74.17030427 6.40972961),COMPAÑIA OPERADORA PETROCOLOMBIA S.A.S - COPP,OPÓN,LILIA,2.83,2.52,11.21,12.76,0.99,8.51,10.47,9.9,6.74,0.87,0,0
SANTANDER,CIMITARRA,6.40972961,-74.17030427,POINT (-74.17030427 6.40972961),COMPAÑIA OPERADORA PETROCOLOMBIA S.A.S - COPP,OPÓN,OPÓN,29,22.82,22.82,22.83,18.81,17.73,41.08,40.66,77.23,15.41,14.99,14.63
SANTANDER,CIMITARRA,6.40972961,-74.17030427,POINT (-74.17030427 6.40972961),LAS QUINCHAS RESOURCE CORP SURCURSAL COLOMBIA,LAS QUINCHAS,ACACIA ESTE,3.73,3.82,3.89,3.53,3.06,2.73,4.7,6.44,5.36,4.56,5.49,5.82
SANTANDER,EL CARMEN DE CHUCURI,6.664260002,-73.56475288,POINT (-73.56475288 6.664260002),ECOPETROL S.A.,DE MARES,SAN LUIS,51.63,51.36,51.46,51.05,51.28,51.29,51.22,27.99,0,0,0,0
SANTANDER,MUNICIPIO NN SANTANDER,6.664260002,-73.56475288,POINT (-73.56475288 6.664260002),ECOPETROL S.A.,TOCA,TOCA,33.45,31.84,34.12,33.7,33.21,34.25,34.77,33.9,34.81,33.95,0.53,0
SANTANDER,PUERTO WILCHES,7.398198257,-73.8354696,POINT (-73.8354696 7.398198257),ECOPETROL S.A.,MAGDALENA MEDIO,GARZAS,336.12,332.93,344.38,342.78,331.72,305.18,302.52,254.56,221.55,46,43.85,128.62
SANTANDER,PUERTO WILCHES,7.398198257,-73.8354696,POINT (-73.8354696 7.398198257),ECOPETROL S.A.,MAGDALENA MEDIO,FLAMENCOS,0,0,0,0,0,0,0,0,83.39,6.66,0,0
SANTANDER,PUERTO WILCHES,7.398198257,-73.8354696,POINT (-73.8354696 7.398198257),ECOPETROL S.A.,MAGDALENA MEDIO,YARIGUÍ-CANTAGALLO,4544.69,4149.15,4110.25,3735.31,3600.48,3380.71,3297.4,3434.69,3820.37,3915.74,3970.54,3848.29
SANTANDER,RIONEGRO,7.474226085,-73.37246417,POINT (-73.37246417 7.474226085),ECOPETROL S.A.,PROVINCIA P NORTE,BONANZA,1643.81,1708.38,1686.33,1654.02,1582.87,1580.37,1691.1,1823.77,1708.96,1732.55,1708.09,1697.25
SANTANDER,RIONEGRO,7.474226085,-73.37246417,POINT (-73.37246417 7.474226085),GRAN TIERRA ENERGY COLOMBIA LTD,LA PALOMA,COLÓN,204.88,183.64,162.68,172.34,163.91,142.94,149.99,139.86,138.3,138.7,139.12,170.3
SANTANDER,RIONEGRO,7.474226085,-73.37246417,POINT (-73.37246417 7.474226085),GRAN TIERRA ENERGY COLOMBIA LTD,LA PALOMA,JUGLAR,344.61,321.05,291.67,299.32,281.66,274.59,168.53,242.47,279,258.78,201.9,249.64
SANTANDER,RIO NEGRO,7.474226085,-73.37246417,POINT (-73.37246417 7.474226085),PAREX RESOURCES COLOMBIA LTD. SUCURSAL,CONVENIO BORANDA,BORANDA,0,0,0,0,0,131.16,48.62,270.65,289.58,0,0,0
SANTANDER,RIO NEGRO,7.474226085,-73.37246417,POINT (-73.37246417 7.474226085),PAREX RESOURCES COLOMBIA LTD. SUCURSAL,CONVENIO BORANDA,BORANDA,0,0,0,0,0,0,0,0,0,504.54,478.57,375.2
SANTANDER,SABANA DE TORRES,7.4065422,-73.57131807,POINT (-73.57131807 7.4065422),ECOPETROL S.A.,MAGDALENA MEDIO,CRISTALINA,0,0,0,0,0,0,163.95,199.67,166.59,37.13,0,0
SANTANDER,SABANA DE TORRES,7.4065422,-73.57131807,POINT (-73.57131807 7.4065422),ECOPETROL S.A.,PLAYON,AULLADOR,265.72,290.55,367.94,379.4,412.96,396.47,394.11,383.26,374.74,381.15,369.7,372.05
SANTANDER,SABANA DE TORRES,7.4065422,-73.57131807,POINT (-73.57131807 7.4065422),ECOPETROL S.A.,PROVINCIA P SUR,PROVINCIA,2570.41,2299.44,2493.62,2314.38,2156.82,2369.25,2300.52,2278.77,2195.1,2050.44,2169.45,2110.99
SANTANDER,SABANA DE TORRES,7.4065422,-73.57131807,POINT (-73.57131807 7.4065422),PETROSANTANDER (COLOMBIA) INC.,CARARE LAS MONAS,CORAZÓN,40.41,41.66,41.64,40.35,41.45,31.44,30.84,31.39,31.52,30.23,28.86,28.49
SANTANDER,SABANA DE TORRES,7.4065422,-73.57131807,POINT (-73.57131807 7.4065422),PETROSANTANDER (COLOMBIA) INC.,CARARE LAS MONAS,CORAZÓN WEST,187.62,142.99,195.4,151.48,186.58,179.64,176.61,171.08,149.1,167.55,170.35,168.5
SANTANDER,SABANA DE TORRES,7.4065422,-73.57131807,POINT (-73.57131807 7.4065422),PETROSANTANDER (COLOMBIA) INC.,CARARE LAS MONAS,PAYOA,538.6,565.95,549.76,510.48,540.91,522.47,516.08,465.28,496.29,495.47,480.89,488.47
SANTANDER,SABANA DE TORRES,7.4065422,-73.57131807,POINT (-73.57131807 7.4065422),PETROSANTANDER (COLOMBIA) INC.,CARARE LAS MONAS,PAYOA WEST,7.14,6.83,6.31,5.57,6.58,5.83,6.79,6.31,5.92,5.68,5.7,5.93
SANTANDER,SABANA DE TORRES,7.4065422,-73.57131807,POINT (-73.57131807 7.4065422),PETROSANTANDER (COLOMBIA) INC.,CARARE LAS MONAS,SALINA,1081.18,1096.13,1099.92,1172.77,1287.42,1208.58,1202.23,1145,1156.37,1064.06,1036.86,1039.12
SANTANDER,SAN VICENTE DE CHUCURI,6.894292346,-73.53900334,POINT (-73.53900334 6.894292346),ECOPETROL S.A.,DE MARES,COLORADO,96.45,98.28,90,90.25,92.56,100.21,97.55,86.57,91.28,45.04,0.28,0
SANTANDER,SAN VICENTE DE CHUCURI,6.894292346,-73.53900334,POINT (-73.53900334 6.894292346),ECOPETROL S.A.,LISAMA NUTRIA,LISAMA,892.5,893.52,899.49,885.4,911.39,920.18,890.47,900.18,984.05,963,906.41,913.01
SANTANDER,SAN VICENTE DE CHUCURI,6.894292346,-73.53900334,POINT (-73.53900334 6.894292346),ECOPETROL S.A.,LISAMA NUTRIA,NUTRIA,1144.99,1137.48,1162.29,1116.55,979.35,742.51,751.56,1188.21,1135.59,1133.24,1160.34,1135.94
SANTANDER,SAN VICENTE DE CHUCURI,6.894292346,-73.53900334,POINT (-73.53900334 6.894292346),ECOPETROL S.A.,LISAMA NUTRIA,TESORO,203.56,199.77,190.11,218.16,177.71,137.57,162.59,159.82,144.14,126.25,150.81,94.58
SANTANDER,SIMACOTA,6.494231551,-73.45910992,POINT (-73.45910992 6.494231551),ECOPETROL S.A.,AGUAS BLANCAS,AGUAS BLANCAS,781.99,590.59,282.64,278.38,0,271.02,0,0,0,0,0,0
SANTANDER,SIMACOTA,6.494231551,-73.45910992,POINT (-73.45910992 6.494231551),PAREX RESOURCES COLOMBIA LTD. SUCURSAL,AGUAS BLANCAS,AGUAS BLANCAS,0,0,0,0,278.95,0,275.97,258.87,266.31,560.26,410.84,153.47
SUCRE,OVEJAS,9.549655271,-75.18855916,POINT (-75.18855916 9.549655271),HOCOL S.A.,SAMAN,BONGA,6.48,6.5,6.3,6.18,6.57,6.45,6.25,5.72,5.95,5.76,5.55,5.66
SUCRE,OVEJAS,9.549655271,-75.18855916,POINT (-75.18855916 9.549655271),HOCOL S.A.,SAMAN,MAMEY,29.07,30.07,27.36,28.21,29.83,25.66,26.97,26.03,28.54,26.64,26.7,26.43
SUCRE,SAN PEDRO,9.396835638,-75.03741815,POINT (-75.03741815 9.396835638),Frontera Energy Colombia Corp Sucursal Colombia,LA CRECIENTE,LA CRECIENTE,0.96,3.05,1.21,1.04,0.27,0,1.06,1.7,0,0,1.44,2.99
TOLIMA,ALVARADO,4.582625784,-74.98630686,POINT (-74.98630686 4.582625784),HOCOL S.A.,ARMERO,TOTARE,57.54,62.27,62.86,66.37,68.54,73.55,72.78,70.45,71.36,73.61,73.73,72.27
TOLIMA,CHAPARRAL,3.743693084,-75.58986634,POINT (-75.58986634 3.743693084),HOCOL S.A.,TOLIMA,RÍO SALDAÑA,216.64,212.67,161.17,186.16,190.78,196.55,204.63,214.27,212.04,204.9,524.02,780.81
TOLIMA,ESPINAL,4.166476969,-74.89352941,POINT (-74.89352941 4.166476969),Frontera Energy Colombia Corp Sucursal Colombia,ABANICO,ABANICO,503.19,476.82,456.23,424.83,469.35,460.9,469.61,477.74,464.63,454.87,457.44,482.28
TOLIMA,GUAMO,4.076501341,-74.97657287,POINT (-74.97657287 4.076501341),LAS QUINCHAS RESOURCE CORP SURCURSAL COLOMBIA,GUASIMO,LISA,6.9,6.83,6.6,5.38,4.78,2.3,2.13,0.81,1.01,1.02,0.39,0.51
TOLIMA,MELGAR,4.193215498,-74.60517497,POINT (-74.60517497 4.193215498),PERENCO OIL AND GAS COLOMBIA LIMITED.,BOQUERÓN,GUANDO,6088.39,5810.12,5801.79,5760.25,5606.59,5530.81,5536.51,5399.55,5390.88,5492.16,5258.38,5235.81
TOLIMA,MELGAR,4.193215498,-74.60517497,POINT (-74.60517497 4.193215498),PERENCO OIL AND GAS COLOMBIA LIMITED.,BOQUERÓN,GUANDO SW,2288.96,2276.71,2376.53,2409.9,2406.07,2300.78,2256.63,2188.56,1878.8,1797.91,1958.66,1827.9
TOLIMA,ORTEGA,3.937793962,-75.27824314,POINT (-75.27824314 3.937793962),HOCOL S.A.,ORTEGA,ORTEGA,241.09,224.81,227.55,219.58,217.82,210.24,197.26,210.24,170.05,209.2,202.74,197.48
TOLIMA,ORTEGA,3.937793962,-75.27824314,POINT (-75.27824314 3.937793962),HOCOL S.A.,ORTEGA,PACANDE,315.57,308.42,292.11,295.59,301.69,286.13,290.54,289.87,288.16,283.19,286.33,256.67
TOLIMA,ORTEGA,3.937793962,-75.27824314,POINT (-75.27824314 3.937793962),HOCOL S.A.,ORTEGA,TOLDADO,947.99,863.67,901.42,913.14,762.37,684.15,820.68,892.65,911.04,315.66,0,68.52
TOLIMA,ORTEGA,3.937793962,-75.27824314,POINT (-75.27824314 3.937793962),HOCOL S.A.,TOY,TOY,0.87,23.75,59.89,117.63,128.95,143.83,152.22,155.64,159.1,150.02,150.64,158.1
TOLIMA,PIEDRAS,4.433764446,-74.99879938,POINT (-74.99879938 4.433764446),HOCOL S.A.,PULI,TOQUI TOQUI,410.67,419.34,446.26,434,441.68,432.9,384.27,335.54,311.63,396.87,391.42,371.7
TOLIMA,PIEDRAS,4.433764446,-74.99879938,POINT (-74.99879938 4.433764446),INTEROIL COLOMBIA EXPLORATION AND PRODUCTION,AMBROSÍA,AMBROSÍA,31.01,31.13,30.73,30.77,30.48,30.36,30.09,30.53,30.15,29.91,30.44,29.96
TOLIMA,PIEDRAS,4.433764446,-74.99879938,POINT (-74.99879938 4.433764446),INTEROIL COLOMBIA EXPLORATION AND PRODUCTION,MANÁ,MANÁ,498.81,505.55,486.81,491.84,486.04,450.07,458.39,438.3,421.14,445.7,453.69,439.01
TOLIMA,PIEDRAS,4.433764446,-74.99879938,POINT (-74.99879938 4.433764446),INTEROIL COLOMBIA EXPLORATION AND PRODUCTION,RÍO OPIA,RÍO OPIA,26.33,25.72,21.92,21.27,20.34,19.4,19.06,22.36,21.88,17.78,25.76,24.72
TOLIMA,PRADO,3.729166649,-74.87247706,POINT (-74.87247706 3.729166649),HOCOL S.A.,ESPINAL,MATACHÍN SUR,229.44,226.18,225.5,233.52,233.81,226.97,214.24,219.73,206.95,201.97,193.5,193.06
TOLIMA,PURIFICACIÓN,3.854281614,-74.87451155,POINT (-74.87451155 3.854281614),HOCOL S.A.,CHENCHE,CHENCHE,46.51,46,44.41,19.57,63.49,68.14,59.69,56.58,53.74,52.56,51.71,51.13
TOLIMA,PURIFICACIÓN,3.854281614,-74.87451155,POINT (-74.87451155 3.854281614),HOCOL S.A.,ESPINAL,MATACHÍN NORTE,1524.08,1337.2,1225.37,1413.39,1379.37,1422.45,1301.09,1296.43,1230.6,1211.36,1199.05,1234.76
TOLIMA,PURIFICACIÓN,3.854281614,-74.87451155,POINT (-74.87451155 3.854281614),HOCOL S.A.,ESPINAL,MATACHÍN SUR,101.25,97.32,83.7,126.28,138.12,127.46,116.01,115.65,118.98,113.89,111.06,92.44
TOLIMA,PURIFICACIÓN,3.854281614,-74.87451155,POINT (-74.87451155 3.854281614),HOCOL S.A.,ESPINAL,PURIFICACIÓN,159.04,150.64,149.22,146.22,144.94,142.42,136.96,133.55,127.61,128.62,102.48,55.38
TOLIMA,SAN LUIS,4.057271684,-75.16320806,POINT (-75.16320806 4.057271684),HOCOL S.A.,ORTEGA,PACANDE,93.07,0,0,0,81.45,110.5,84.16,64.93,55.26,23.62,42.79,50.72
