Departamento,Municipio,Operadora,Contrato,Campo,Enero,Febrero,Marzo,Abril,Mayo,Junio,Julio,Agosto,Septiembre,Octubre,Noviembre,Diciembre
META,VILLAVICENCIO,ECOPETROL,APIAY,APIAY,0,0,0,0,1492,0,0,0,0,0,0,0
TOLIMA,ESPINAL,KAPPA RESOURCES COLOMBIA LTD.,ABANICO,ABANICO,869,808,839,830,726,733,745,747,750,782,744,799
BOYACA,PUERTO BOYACA,MANSAROVAR ENERGY COLOMBIA LTD,NARE ASOCIACION,ABARCO,6770,6566,6152,5868,6688,6126,7255,6626,6747,6030,6629,5757
CASANARE,PAZ DE ARIPORO,PERENCO COLOMBIA LIMITED,ESTERO,ABEJAS,260,258,231,204,212,215,26,218,199,214,215,201
SANTANDER,CIMITARRA,KAPPA RESOURCES COLOMBIA LTD.,LAS QUINCHAS,ACACIA ESTE,5,5,5,5,5,5,5,5,5,5,5,5
PUTUMAYO,SAN MIGUEL,ECOPETROL D. SUR,ORITO,ACAE-SAN MIGUEL (PTO COLON),2805,2709,2543,2553,2406,2285,2151,2148,2067,2189,2045,2196
CESAR,SAN MARTÍN,PETROLEOS DEL NORTE S.A,E&P MIDAS,ACORDIONERO,5052,4903,4767,4812,5021,5489,5450,5315,5222,5166,5093,5028
CASANARE,SAN LUIS DE PALENQUE,PAREX RESOURCES COLOMBIA LTD,E&P LLANOS 30,ADALIA,780,1141,1229,878,555,591,637,638,592,641,600,208
PUTUMAYO,VILLAGARZON,EMERALD ENERGY  DE COLOMBIA PLC,MARANTA,AGAPANTO,196,189,184,8,0,0,0,0,0,0,0,0
SANTANDER,SIMACOTA,ECOPETROL,DE MARES,AGUAS BLANCAS,19,19,20,17,0,11,19,20,20,20,19,19
META,ACACIAS,ECOPETROL,CP0-9,AKACIAS,8550,6735,6521,7688,8140,7633,7827,6215,5710,3067,2138,4713
META,GUAMAL,ECOPETROL,CP0-9,AKACIAS,181,0,95,416,0,595,760,262,0,0,0,0
CASANARE,VILLA NUEVA,PAREX RESOURCES COLOMBIA LTD,CABRESTERO PAREX,AKIRA,2928,3047,2615,2414,2035,1917,1729,1718,1780,2671,2129,1642
CASANARE,OROCUE,SOGOMI ENERGY S.A.,NASHIRA,ALEPE,47,0,0,10,26,55,59,38,37,50,49,49
META,PUERTO LOPEZ,ECOPETROL LLANOS,ALMAGRO_ECOPETROL,ALMAGRO,393,390,375,367,364,353,348,336,342,358,355,355
CASANARE,OROCUE,INTEROIL COLOMBIA EXPLORATION AND PRODUCTION,ALTAIR,ALTAIR,99,95,88,87,90,91,87,85,85,78,72,74
CASANARE,OROCUE,SOGOMI ENERGY S.A.,NASHIRA,ALVA SUR,0,0,0,0,0,17,83,61,62,82,49,0
META,PUERTO GAITAN,META PETROLEUM,QUIFA,AMBAR,3178,2668,2391,2317,2161,2004,2033,1991,2075,2093,2215,2210
TOLIMA,PIEDRAS,INTEROIL COLOMBIA EXPLORATION AND PRODUCTION,AMBROSIA,AMBROSIA,37,36,35,35,36,34,33,34,34,33,32,33
HUILA,BARAYA,ECOPETROL ALTO MAGDALENA,ALTO MAGDALENA,ANDALUCIA SUR,52,56,48,33,36,37,37,37,74,74,76,76
CASANARE,PAZ DE ARIPORO,TABASCO OIL COMPANY,JAGUEYES,ANDALUZ,220,0,0,0,0,0,0,0,0,0,0,0
CASANARE,OROCUE,GRUPO C&C ENERGÍA BARBADOS SUCURSAL COLOMBIA.,CACHICAMO-026-22008,ANDARRIOS,1022,671,584,603,534,351,344,314,280,199,72,248
SUCRE,SAN PEDRO,PACIFIC STRATUS ENERGY,LA CRECIENTE,APAMATE,0,0,1,0,0,0,0,0,0,0,0,0
META,VILLAVICENCIO,ECOPETROL,APIAY Incremental,APIAY,4970,4925,4871,4870,2766,4488,5005,5511,5181,4946,4825,4481
META,VILLAVICENCIO,ECOPETROL,APIAY,APIAY ESTE,53,52,51,51,50,0,0,0,0,0,0,0
META,VILLAVICENCIO,ECOPETROL,APIAY Incremental,APIAY ESTE,532,675,665,590,440,434,477,539,481,549,588,591
ARAUCA,ARAUQUITA,"OCCIDENTAL DE COLOMBIA , LLC",CHIPIRON,ARAGUATO,300,188,188,192,199,143,0,55,195,187,117,210
ARAUCA,SARAVENA,ECOPETROL,ARAUCA,ARAUCA,204,203,204,169,211,213,64,158,212,222,177,191
CASANARE,SAN LUIS DE PALENQUE,ALANGE ENERGY CORP SUC COLOMBIA,E&E CUBIRO,ARAUCO,132,164,177,172,182,191,195,170,161,158,154,149
META,CABUYARO,PETROMINERALES COLOMBIA LTD,GUATIQUIA,ARDILLA,1520,1308,930,1077,793,655,665,673,577,627,538,429
ANTIOQUIA,PUERTO NARE,ECOPETROL,OPERACION-DIRECTA ECOPETROL,AREA TECA-COCORNA,1003,902,860,882,902,842,842,781,793,808,775,727
ANTIOQUIA,PUERTO TRIUNFO,ECOPETROL,OPERACION-DIRECTA ECOPETROL,AREA TECA-COCORNA,489,503,520,503,482,521,486,438,472,480,451,433
HUILA,AIPE,ECOPETROL ALTO MAGDALENA,ALTO MAGDALENA,ARRAYAN,1079,1247,1234,1110,875,1067,1007,941,880,832,738,674
META,PUERTO GAITAN,Tecpetrol Colombia S.A.S.,CPO-07,ATARRAYA,893,843,838,811,786,736,752,740,730,708,721,713
SANTANDER,SABANA DE TORRES,ECOPETROL,PLAYON,AULLADOR,412,714,716,506,438,422,421,407,395,387,373,358
META,VILLAVICENCIO,ECOPETROL,APIAY Incremental,AUSTRAL,264,142,151,121,69,179,183,173,128,169,154,104
META,CABUYARO,PETROMINERALES COLOMBIA LTD,GUATIQUIA,AVISPA,744,3436,4888,6924,9700,9699,11306,11458,10155,10808,11733,12482
CASANARE,PAZ DE ARIPORO,PACIFIC STRATUS ENERGY,E&E ARRENDAJO,AZOR,952,889,844,770,722,626,876,851,818,795,775,758
HUILA,AIPE,ECOPETROL ALTO MAGDALENA,PALERMO ECOPETROL,BALCON,1508,1528,1482,1453,1445,1395,1287,1403,1273,1292,1326,1283
CASANARE,MANI,PAREX RESOURCES COLOMBIA LTD,E&P LLANOS 32,BANDOLA,88,0,0,0,0,0,0,0,0,0,0,0
CASANARE,MUNICIPIO NN CASANARE,PERENCO COLOMBIA LIMITED,CASANARE,BARQUEREÑA,332,333,309,230,324,336,0,0,0,0,0,0
CASANARE,SAN LUIS DE PALENQUE,PERENCO COLOMBIA LIMITED,CASANARE,BARQUEREÑA,0,0,0,0,0,0,334,328,328,323,330,327
CESAR,AGUACHICA,ECOPETROL,BARRANCAS LEBRIJA,BARRANCA-LEBRIJA,11,11,10,5,0,0,0,0,0,0,0,0
CASANARE,OROCUE,GRUPO C&C ENERGÍA BARBADOS SUCURSAL COLOMBIA.,CRAVOVIEJO,BASTIDAS,831,730,678,776,613,590,521,525,501,436,411,373
SANTANDER,BOLIVAR,KAPPA RESOURCES COLOMBIA LTD.,LAS QUINCHAS,BAUL,20,22,21,20,22,21,20,20,20,20,20,19
CASANARE,AGUAZUL,PAREX RESOURCES COLOMBIA LTD,E&P LLANOS 26,BAZAR,0,0,0,0,0,0,0,0,472,0,1473,2164
CASANARE,PAZ DE ARIPORO,PAREX RESOURCES COLOMBIA LTD,E&P LLANOS 40,BEGONIA,2415,2448,2438,3203,3847,3552,3443,3539,2978,2489,2211,2094
META,BARRANCA DE UPIA,PETROMINERALES COLOMBIA LTD,CORCEL,BOA,7,0,0,0,0,0,0,0,0,1,0,0
BOYACA,TOPAGA,UNION TEMPORAL OMEGA ENERGY,BUENAVISTA,BOLIVAR,25,0,0,0,0,0,0,17,45,59,61,63
SANTANDER,RIONEGRO,ECOPETROL,PROVINCIA,BONANZA,644,639,633,627,622,616,611,606,600,595,590,585
SANTANDER,RIONEGRO,ECOPETROL,PROVINCIA INCREMENTAL,BONANZA,442,421,413,473,1342,1716,1713,2103,2084,2015,1909,1857
BOLIVAR,MOMPOS,ECOPETROL,CICUCO,BOQUETE,0,0,0,0,0,55,51,0,0,0,0,0
BOLIVAR,TALAIGUA NUEVO,ECOPETROL,CICUCO,BOQUETE,49,55,67,64,54,0,0,47,72,61,66,66
CASANARE,YOPAL,COLOMBIA ENERGY DEVELOPMENT,CEE RIO VERDE,BORAL,72,0,0,0,0,0,0,0,0,0,0,0
HUILA,AIPE,ECOPETROL ALTO MAGDALENA,ALTO MAGDALENA,BRISAS,152,151,150,149,147,129,145,137,124,141,141,140
HUILA,AIPE,ECOPETROL ALTO MAGDALENA,ALTO MAGDALENA Incremental,BRISAS,112,139,104,82,40,0,52,0,0,0,17,16
ATLANTICO,SABANALARGA,Lewis Energy Colombia,Contrato de Exploración y producción N° 54 de 2008 Sinú –San Jacinto Norte Bloqu,BULLERENGUE,0,9,0,0,0,0,0,0,0,5,47,54
META,PUERTO GAITAN,NEW GRANADA ENERGY CORPORATION (HUPECOL LL),CABIONA,CABIONA,1003,996,999,1008,998,1012,1006,1011,1000,980,942,957
BOYACA,PUERTO BOYACA,ECOPETROL ALTO MAGDALENA,ECOP-OP-DIRECTA,CAIPAL,9,0,0,0,0,0,0,0,0,0,0,0
BOYACA,PUERTO BOYACA,ECOPETROL ALTO MAGDALENA,PALAGUA,CAIPAL,9,9,9,9,9,9,9,9,9,9,9,9
BOYACA,PUERTO BOYACA,ECOPETROL ALTO MAGDALENA,PALAGUA-INCREMENTAL,CAIPAL,619,620,607,576,651,677,682,675,743,731,763,744
CASANARE,TAURAMENA,VERANO ENERGY (BARBADOS) LIMITED,E&P LLANOS 32,CALONA,0,0,0,0,0,5,2,0,0,0,0,0
META,SAN MARTÍN,ECOPETROL LLANOS,CDND CAMOA _ECOPETROL,CAMOA,14,43,45,0,30,65,58,54,53,52,53,54
CASANARE,MANI,EMERALD ENERGY  DE COLOMBIA PLC,CAMPO RICO,CAMPO RICO,663,654,619,613,605,568,574,569,556,552,548,542
CASANARE,OROCUE,COLOMBIA ENERGY DEVELOPMENT,ALCARAVAN,CANACABARE,34,0,0,0,0,0,0,0,0,0,0,0
CASANARE,MONTERREY,PETROMINERALES COLOMBIA LTD,Canaguaro E&P-016 del 2006,Canaguaro,1553,1601,1536,1382,1261,1158,1063,977,904,818,376,320
CASANARE,TAURAMENA,PETROMINERALES COLOMBIA LTD,Canaguaro E&P-016 del 2006,Canaguaro,816,691,604,548,175,496,523,435,391,363,402,413
ARAUCA,ARAUQUITA,"OCCIDENTAL DE COLOMBIA , LLC",COSECHA,CANAGUEY,1291,1193,1117,1709,1472,1027,0,510,1269,1750,1335,1636
CASANARE,OROCUE,PERENCO COLOMBIA LIMITED,GARCERO,CANDALAY,16,19,17,15,14,1,7,0,0,6,0,0
META,CABUYARO,PETROMINERALES COLOMBIA LTD,GUATIQUIA,CANDELILLA,2495,2592,2959,2793,2689,2698,2578,2522,2322,2272,2362,2125
CASANARE,SAN LUIS DE PALENQUE,PERENCO COLOMBIA LIMITED,COROCORA,CAÑO GANDUL,0,0,53,153,188,177,138,194,181,205,206,209
CASANARE,PAZ DE ARIPORO,PERENCO COLOMBIA LIMITED,CASANARE,CAÑO GARZA,344,299,296,238,137,213,168,157,145,155,148,178
CASANARE,PAZ DE ARIPORO,PERENCO COLOMBIA LIMITED,CASANARE,CAÑO GARZA ESTE,188,191,195,202,212,204,209,225,266,277,286,296
CASANARE,PAZ DE ARIPORO,PERENCO COLOMBIA LIMITED,CASANARE,CAÑO GARZA NORTE,439,420,394,371,376,368,353,338,338,339,322,305
ARAUCA,ARAUCA,"OCCIDENTAL DE COLOMBIA , LLC",CRAVO NORTE,CAÑO LIMON,31149,30258,29445,29359,28116,24170,837,4020,26688,26878,20200,26175
ARAUCA,ARAUQUITA,"OCCIDENTAL DE COLOMBIA , LLC",CRAVO NORTE,CAÑO LIMON,162,84,62,65,69,49,0,18,54,64,47,65
ARAUCA,ARAUQUITA,"OCCIDENTAL DE COLOMBIA , LLC",RONDON,CAÑO RONDON,6880,6279,5435,6564,6757,5446,0,2375,5842,5554,4592,5484
META,PUERTO GAITAN,ECOPETROL,CAÑO SUR E&P,CAÑO SUR,49,0,0,0,0,0,0,0,0,89,176,127
ARAUCA,ARAUCA,"OCCIDENTAL DE COLOMBIA , LLC",CRAVO NORTE,CAÑO YARUMAL,5459,5541,5022,5200,5066,4434,77,423,4509,5232,4030,5692
DEPARTAMENTO NN,MUNICIPIO NN,EMERALD ENERGY  DE COLOMBIA PLC,OMBU,CAPELLA,2930,2594,2176,0,0,0,0,0,0,0,0,0
META,PUERTO GAITAN,CEPSA COLOMBIA S.A.,CARACARA,CARACARA SUR A,4220,4263,4240,4015,4293,4764,4878,4861,4563,4215,3959,4050
META,PUERTO GAITAN,CEPSA COLOMBIA S.A.,CARACARA,CARACARA SUR B y C,3227,3141,3074,3127,3133,3263,2964,3048,3000,3099,2995,2811
CASANARE,SAN LUIS DE PALENQUE,ALANGE ENERGY CORP SUC COLOMBIA,E&E CUBIRO,CARETO,679,415,1352,1260,946,922,916,865,731,590,587,553
PUTUMAYO,ORITO,ECOPETROL D. SUR,ORITO,CARIBE,148,147,147,146,145,145,144,144,143,143,142,142
PUTUMAYO,ORITO,ECOPETROL D. SUR,ORITO Incremental,CARIBE,947,977,997,973,956,919,900,884,864,853,832,822
ARAUCA,ARAUQUITA,"OCCIDENTAL DE COLOMBIA , LLC",RONDON,CARICARE,5465,4989,4908,4414,4184,3574,0,1464,4179,4162,3247,3882
CASANARE,TAURAMENA,P1 ENERGY DELTA CORP. SUCURSAL COLOMBIA,E&P LLANOS 32,CARMENTEA,2583,0,0,0,0,0,0,0,0,0,0,0
CASANARE,TAURAMENA,PAREX RESOURCES COLOMBIA LTD,E&P LLANOS 32,CARMENTEA,0,2496,2235,2038,0,0,0,0,0,0,0,0
CASANARE,TAURAMENA,VERANO ENERGY (BARBADOS) LIMITED,E&P LLANOS 32,CARMENTEA,0,0,0,0,1920,1560,1319,1141,1012,904,816,1006
CESAR,SAN MARTÍN,ECOPETROL,TISQUIRAMA-C,CARONTE,0,0,0,0,0,0,0,0,0,0,42,156
CASANARE,OROCUE,GRUPO C&C ENERGÍA BARBADOS SUCURSAL COLOMBIA.,CRAVOVIEJO,CARRIZALES,2008,1902,1880,1825,2007,2100,1841,1743,1847,1804,1660,1734
CASANARE,PORE,GEOPARK COLOMBIA PN S.A SUCURSAL COLOMBIA (Winchester),YAMU,CARUPANA,255,260,191,6,0,0,0,0,0,9,0,0
CASANARE,VILLA NUEVA,PETROMINERALES COLOMBIA LTD,CORCEL,CARUTO,619,608,595,551,579,523,562,511,519,523,521,479
ANTIOQUIA,YONDO,ECOPETROL,CASABE,CASABE,3153,3116,3099,3071,3055,3029,3013,2987,2971,2939,2923,2896
ANTIOQUIA,YONDO,ECOPETROL,CASABE INCREMENTAL,CASABE,14667,15804,15520,14251,14344,14521,13650,12629,12851,12746,12956,12321
ANTIOQUIA,YONDO,ECOPETROL,CASABE,CASABE SUR,2960,3101,3102,3165,3199,3162,2874,2838,2805,2846,2944,2813
META,CASTILLA NUEVA,ECOPETROL LLANOS,CUBARRAL,CASTILLA,2096,2082,2058,2145,2145,2117,2049,1989,1728,1923,1919,1863
META,CASTILLA NUEVA,ECOPETROL LLANOS,CUBARRAL Incremental,CASTILLA,70522,74059,81433,78185,73877,78266,72409,70857,66661,69413,77217,77153
META,ACACIAS,ECOPETROL,APIAY Incremental,CASTILLA ESTE,0,0,0,0,315,0,0,0,0,0,0,0
META,CASTILLA NUEVA,ECOPETROL,APIAY,CASTILLA ESTE,185,183,181,179,178,176,174,172,171,0,0,0
META,CASTILLA NUEVA,ECOPETROL,APIAY Incremental,CASTILLA ESTE,345,362,396,375,0,346,317,350,384,0,0,0
META,CASTILLA NUEVA,ECOPETROL LLANOS,CUBARRAL,CASTILLA ESTE,0,0,0,0,0,0,0,0,0,169,167,317
META,CASTILLA NUEVA,ECOPETROL LLANOS,CUBARRAL Incremental,CASTILLA ESTE,0,0,0,0,0,0,0,0,0,414,304,166
META,ACACIAS,ECOPETROL,APIAY,CASTILLA NORTE,200,196,258,327,341,324,212,176,0,0,0,0
META,ACACIAS,ECOPETROL,APIAY Incremental,CASTILLA NORTE,41297,41463,36812,40473,46491,43084,0,0,168,0,0,0
META,ACACIAS,ECOPETROL LLANOS,CUBARRAL,CASTILLA NORTE,0,0,0,0,0,0,133,131,129,305,274,249
META,ACACIAS,ECOPETROL LLANOS,CUBARRAL Incremental,CASTILLA NORTE,0,0,0,0,0,0,47566,48428,54519,53186,45787,47197
HUILA,NEIVA,ECOPETROL ALTO MAGDALENA,ALTO MAGDALENA,CEBU,148,147,146,145,144,143,142,141,140,139,138,138
HUILA,NEIVA,ECOPETROL ALTO MAGDALENA,ALTO MAGDALENA Incremental,CEBU,36,46,64,54,68,79,47,14,50,74,33,60
META,CABUYARO,PETROMINERALES COLOMBIA LTD,GUATIQUIA,CEIBO,3658,3555,3217,2955,2480,2226,2104,2658,3376,3148,2860,2616
CASANARE,PAZ DE ARIPORO,PAREX RESOURCES COLOMBIA LTD,E&P LLANOS 40,CELTIS,309,292,261,265,252,217,229,219,109,0,0,0
PUTUMAYO,PUERTO CAICEDO,ECOPETROL D. SUR,ORITO,CENCELLA,117,120,42,0,29,113,120,138,112,18,5,21
CASANARE,MANI,EMERALD ENERGY  DE COLOMBIA PLC,CAMPO RICO,CENTAURO SUR,168,171,173,168,170,169,173,165,157,149,144,136
CASANARE,SAN LUIS DE PALENQUE,ALANGE ENERGY CORP SUC COLOMBIA,E&E CUBIRO,CERNICALO,244,262,242,237,223,205,209,196,182,181,176,170
NORTE DE SANTANDER,SARDINATA,WELL LOGGING,BLOQUE CARBONERA,CERRO GORDO,1,0,0,2,0,0,1,0,0,0,0,0
CASANARE,PENDIENTE CERTIFICADO IGAC,GEOPARK COLOMBIA PN S.A SUCURSAL COLOMBIA (Winchester),E&P LLANOS 34,Chachalaca,0,0,0,0,0,0,0,101,100,943,753,423
META,BARRANCA DE UPIA,PERENCO COLOMBIA LIMITED,CERRERO,CHACHARO,692,295,15,0,0,0,0,0,0,0,0,0
CASANARE,PAZ DE ARIPORO,PERENCO COLOMBIA LIMITED,ESTERO,CHAPARRITO,161,159,155,150,148,137,21,153,133,145,149,147
TOLIMA,PURIFICACIÓN,ECOPETROL ALTO MAGDALENA,CHENCHE CDND/I-ECOPETROL,CHENCHE,68,65,62,60,60,58,60,59,58,57,0,0
TOLIMA,PURIFICACIÓN,HOCOL S.A.,CHENCHE HOCOL,CHENCHE,0,0,0,0,0,0,0,0,0,0,57,57
META,ACACIAS,ECOPETROL LLANOS,CUBARRAL,CHICHIMENE,57168,55674,54740,53113,52582,53469,54155,52083,295,53338,52393,52469
META,ACACIAS,ECOPETROL LLANOS,CUBARRAL Incremental,CHICHIMENE,3408,2938,3282,3055,3743,3730,3476,3624,58731,3744,4153,3916
META,ACACIAS,ECOPETROL LLANOS,CUBARRAL,CHICHIMENE SW,667,817,820,830,856,858,1390,1468,0,1434,1211,1139
META,ACACIAS,ECOPETROL LLANOS,CUBARRAL Incremental,CHICHIMENE SW,0,0,0,0,0,0,0,0,1490,0,0,0
META,GUAMAL,ECOPETROL LLANOS,CUBARRAL,CHICHIMENE SW,20298,20056,20270,21351,20022,19914,19338,19114,0,18082,18430,19591
META,GUAMAL,ECOPETROL LLANOS,CUBARRAL Incremental,CHICHIMENE SW,0,0,0,0,0,0,0,0,17891,0,0,0
ARAUCA,ARAUCA,"OCCIDENTAL DE COLOMBIA , LLC",CHIPIRON,CHIPIRON,9878,11698,13394,14783,14585,13864,0,6372,12479,13325,11569,13133
ARAUCA,ARAUQUITA,"OCCIDENTAL DE COLOMBIA , LLC",CHIPIRON,CHIPIRON,1462,1377,1290,1006,1074,948,0,453,551,422,392,439
DEPARTAMENTO NN,MUNICIPIO NN,EMERALD ENERGY  DE COLOMBIA PLC,OMBU,CHIPO,10,5,0,0,0,0,0,0,0,0,0,0
CESAR,RIO DE ORO,PETROLEOS DEL NORTE S.A,E&P MIDAS,CHUIRA,253,236,216,207,233,229,223,214,209,211,207,203
PUTUMAYO,ORITO,ECOPETROL D. SUR,ORITO,CHURUYACO,184,151,140,137,143,171,503,247,178,176,141,116
BOLIVAR,CICUCO,ECOPETROL,CICUCO,CICUCO,471,503,496,471,469,496,512,535,530,521,515,500
BOLIVAR,TALAIGUA NUEVO,ECOPETROL,CICUCO,CICUCO,37,26,38,58,88,228,242,264,258,239,251,266
CASANARE,OROCUE,GRUPO C&C ENERGÍA BARBADOS SUCURSAL COLOMBIA.,CIRIGUELO,CIRIGUELO,254,249,248,253,265,268,268,268,272,271,261,267
META,CABUYARO,PETROMINERALES COLOMBIA LTD,CORCEL,COBRA,294,298,302,289,289,283,282,289,290,285,288,279
PUTUMAYO,PUERTO ASIS,PETROTESTING  COLOMBIA S.A.,CPI SUR ORIENTE,COHEMBI,8290,8259,7883,7505,7065,4657,5275,0,0,0,0,0
PUTUMAYO,PUERTO ASIS,VETRA EXPLORACION Y PRODUCCION COLOMBIA S.A.,CPI SUR ORIENTE,COHEMBI,0,0,0,0,0,0,0,5409,5307,4422,4053,4987
SANTANDER,RIONEGRO,PETROLEOS DEL NORTE S.A,E&P LA PALOMA,COLON,268,266,263,259,259,274,269,259,186,351,322,303
SANTANDER,SAN VICENTE DE CHUCURI,ECOPETROL,DE MARES,COLORADO,0,0,0,0,0,0,0,0,0,0,0,30
CASANARE,SAN LUIS DE PALENQUE,ALANGE ENERGY CORP SUC COLOMBIA,E&E CUBIRO,COPA,4851,4601,4428,4316,3869,3816,3739,3482,3227,3158,3596,3600
CASANARE,SAN LUIS DE PALENQUE,ALANGE ENERGY CORP SUC COLOMBIA,E&E CUBIRO,COPA A NORTE,1270,1069,907,874,787,765,605,597,597,617,542,551
CASANARE,SAN LUIS DE PALENQUE,ALANGE ENERGY CORP SUC COLOMBIA,E&E CUBIRO,COPA A SUR,1077,1121,1048,941,836,775,695,660,691,690,658,576
CASANARE,SAN LUIS DE PALENQUE,ALANGE ENERGY CORP SUC COLOMBIA,E&E CUBIRO,COPA B,720,772,724,462,488,555,520,513,443,484,534,529
CASANARE,SAN LUIS DE PALENQUE,ALANGE ENERGY CORP SUC COLOMBIA,E&E CUBIRO,COPA C,779,763,693,620,559,528,516,512,527,501,456,442
CASANARE,SAN LUIS DE PALENQUE,ALANGE ENERGY CORP SUC COLOMBIA,E&E CUBIRO,COPA D,1530,1698,1609,1472,1241,1250,1106,922,893,902,951,1072
SANTANDER,SABANA DE TORRES,PETROSANTANDER (COLOMBIA) INC.,LAS MONAS,CORAZON,37,33,45,39,43,43,35,29,30,34,33,32
SANTANDER,SABANA DE TORRES,PETROSANTANDER (COLOMBIA) INC.,LAS MONAS,CORAZON WEST,226,116,173,166,157,143,128,147,215,226,232,205
META,BARRANCA DE UPIA,PETROMINERALES COLOMBIA LTD,CORCEL,CORCEL C,623,626,633,601,598,582,576,588,587,579,584,557
META,CABUYARO,PETROMINERALES COLOMBIA LTD,CORCEL,CORCEL D,305,303,304,293,292,285,280,283,280,277,280,269
META,CABUYARO,PETROMINERALES COLOMBIA LTD,CORCEL,CORCEL E,589,573,560,511,500,492,467,468,469,461,467,450
CASANARE,TRINIDAD,PERENCO COLOMBIA LIMITED,COROCORA,COREN,146,151,132,131,130,118,16,123,113,123,121,122
CASANARE,TRINIDAD,PERENCO COLOMBIA LIMITED,COROCORA,COROCORA,331,383,406,420,390,382,54,383,340,373,390,384
BOYACA,CORRALES,UNION TEMPORAL OMEGA ENERGY,BUENAVISTA,CORRALES,1671,1564,1470,1120,1239,1237,1153,1008,949,955,801,896
PUTUMAYO,VILLAGARZON,GRAN TIERRA ENERGY COLOMBIA LTD,CHAZA,COSTAYACO,14908,14730,14431,14137,13872,12388,12744,13479,13440,13237,13377,13405
MAGDALENA,SANTA ANA,PACIFIC STRATUS ENERGY,E&P Guama,COTORRA,0,0,0,0,0,0,0,0,0,0,28,26
CASANARE,SAN LUIS DE PALENQUE,PERENCO COLOMBIA LIMITED,CASANARE,CRAVO ESTE,332,322,318,329,324,350,339,331,328,325,324,319
SANTANDER,SABANA DE TORRES,ECOPETROL,CRISTALINA,CRISTALINA,135,138,137,135,134,133,132,123,124,124,123,123
CASANARE,TAURAMENA,CEPSA COLOMBIA S.A.,TIPLE,CUBARRO,0,290,178,147,67,17,0,0,0,0,0,0
CASANARE,PAZ DE ARIPORO,Geopark Cuerva Sucursal Colombia LL (HUPECOL LL CARACARA),CUERVA,CUERVA NORESTE,81,0,0,0,0,0,25,96,100,102,108,80
CASANARE,PAZ DE ARIPORO,Geopark Cuerva Sucursal Colombia LL (HUPECOL LL CARACARA),CUERVA,CUERVA OESTE,682,0,0,0,0,0,168,478,576,568,566,587
CASANARE,PAZ DE ARIPORO,Geopark Cuerva Sucursal Colombia LL (HUPECOL LL CARACARA),CUERVA,CUERVA SUR,126,0,0,0,0,0,31,91,33,35,43,46
HUILA,TELLO,ECOPETROL,CONVENIO E&E CUISINDE,Cuisinde,0,0,0,18,17,0,49,46,22,0,0,0
CASANARE,AGUAZUL,ECOPETROL LLANOS,ECOP-SDLA-OP-DIRECTA,CUPIAGUA,7187,7070,6954,6836,6721,6608,6497,6386,6279,6174,6070,5969
CASANARE,AGUAZUL,ECOPETROL LLANOS,ECOP-SDLA-OP-DIRECTA-INCREMENTAL,CUPIAGUA,2856,2680,794,1200,2661,2658,3050,2391,2032,2752,3707,4157
CASANARE,TAURAMENA,ECOPETROL LLANOS,ECOP-SDLA-OP-DIRECTA-INCREMENTAL,CUPIAGUA,0,0,0,0,227,0,0,0,0,0,0,0
CASANARE,AGUAZUL,EQUION ENERGIA LIMITED,RECETOR EQUION,CUPIAGUA LIRIA,4046,4172,3294,3285,4096,4131,3955,3884,4036,3964,3901,4018
CASANARE,AGUAZUL,ECOPETROL LLANOS,ECOP-SDLA-OP-DIRECTA,CUPIAGUA SUR,2642,2583,2526,2468,2411,2356,2302,2249,2198,2148,2099,2051
CASANARE,AGUAZUL,ECOPETROL LLANOS,ECOP-SDLA-OP-DIRECTA-INCREMENTAL,CUPIAGUA SUR,2075,1900,1523,1529,1712,1702,1859,1911,2002,1861,1821,1954
CASANARE,OROCUE,PETROMINERALES COLOMBIA LTD,CASANARE ESTE,CURITO,1233,905,775,683,629,580,538,495,441,391,402,316
CASANARE,SAN LUIS DE PALENQUE,PETROMINERALES COLOMBIA LTD,CASANARE ESTE,CURITO,969,711,609,537,494,456,423,389,346,307,316,248
CASANARE,TAURAMENA,EQUION ENERGIA LIMITED,RIO CHITAMENA EQUION,CUSIANA,594,1093,3152,3083,3145,2461,2046,1738,1593,1251,1755,1575
CASANARE,TAURAMENA,EQUION ENERGIA LIMITED,TAURAMENA EQUION,CUSIANA,3950,3527,3138,3068,2843,2978,2876,2808,2702,2888,3069,3920
CASANARE,AGUAZUL,EQUION ENERGIA LIMITED,CUSIANA NORTE,CUSIANA NORTE,2671,2444,2389,2442,2205,2140,2139,2196,2227,2596,2559,2051
META,SAN CAARLOS GUAROA,ECOPETROL,CPO-10,CUSUCO,88,97,0,0,0,0,0,0,0,0,0,0
HUILA,AIPE,ECOPETROL ALTO MAGDALENA,ALTO MAGDALENA,DINA CRETACEO,247,244,241,239,236,234,231,229,227,224,222,220
HUILA,AIPE,ECOPETROL ALTO MAGDALENA,ALTO MAGDALENA Incremental,DINA CRETACEO,320,376,264,226,256,279,241,186,159,178,230,229
HUILA,AIPE,ECOPETROL ALTO MAGDALENA,ALTO MAGDALENA,DINA TERCIARIO,1819,1838,1785,1649,1541,1700,1932,2192,2281,2242,2193,2138
HUILA,AIPE,ECOPETROL ALTO MAGDALENA,ALTO MAGDALENA Incremental,DINA TERCIARIO,3713,3575,3322,3340,3088,3175,3361,3181,3049,2959,2890,3076
CASANARE,OROCUE,PETROMINERALES COLOMBIA LTD,MAPACHE,DISA,158,29,0,0,0,0,6,0,0,0,0,0
CESAR,AGUACHICA,ECOPETROL,OPERACION DIRECTA - LEBRIJA,DOÑA MARIA,31,31,30,30,30,30,30,31,31,30,30,30
CASANARE,PAZ DE ARIPORO,NEW GRANADA ENERGY CORPORATION (HUPECOL LL),DOROTEA,DOROTEA B,5809,4886,4642,4305,4031,3975,3727,3509,3469,3367,3231,3144
CASANARE,MUNICIPIO NN CASANARE,NEW GRANADA ENERGY CORPORATION (HUPECOL LL),DOROTEA,DOROTEA E,59,33,130,115,111,107,105,101,101,97,93,95
MAGDALENA,ARIGUANI,PETROLEOS SUDAMERICANOS,EL DIFICIL,EL DIFICIL,0,45,99,95,114,134,144,129,139,134,167,153
META,PUERTO GAITAN,CEPSA COLOMBIA S.A.,CARACARA,ELIZITA,1536,1544,1575,1547,1570,1580,1560,1482,1511,1436,1542,1483
META,PUERTO GAITAN,ECOPETROL,CAÑO SUR E&P,EMBRUJO,0,0,0,0,0,0,33,16,0,0,0,0
CASANARE,MANI,PETROLEOS SUDAMERICANOS,ENTRERRIOS,ENTRERRIOS,1323,1256,1168,1031,1026,1092,1053,989,757,712,911,899
META,BARRANCA DE UPIA,PETROMINERALES COLOMBIA LTD,CORCEL,ESPADARTE,2091,3932,4067,3371,1722,2024,1307,995,776,599,518,438
META,CABUYARO,PETROMINERALES COLOMBIA LTD,CORCEL,ESPADARTE,0,0,0,0,0,0,30,463,459,290,236,206
HUILA,NEIVA,ECOPETROL,CAGUAN ECOPETROL,ESPINO,19,18,17,20,20,17,19,19,15,15,15,17
CASANARE,MANI,COLOMBIA ENERGY DEVELOPMENT,ALCARAVAN,ESTERO,100,111,127,127,127,127,110,99,99,99,99,100
META,PUERTO GAITAN,ECOPETROL,CAÑO SUR E&P,FAUNO,1647,1582,1576,1542,1514,1468,1472,1476,1398,1250,1246,1262
SANTANDER,RIONEGRO,Amerisur Exploración Colombia,E&P FENIX,FENIX,1,1,1,1,1,1,0,5,2,3,2,1
CASANARE,MANI,SANTA MARIA PETROLEUM INC.,E&P LLANOS 27,FLAMI,224,310,553,812,626,598,401,338,440,405,294,180
CASANARE,YOPAL,EQUION ENERGIA LIMITED,PIEDEMONTE EQUION,FLOREÑA,3564,3645,3544,3625,3884,5043,4365,6781,6486,6522,6397,6969
CASANARE,YOPAL,EQUION ENERGIA LIMITED,PIEDEMONTE EQUION,FLOREÑA MIRADOR,2425,1636,2174,1881,2462,2088,1838,2321,2818,2811,2759,3946
META,SAN MARTÍN,ECOPETROL,CAÑO SUR E&P,FONTANA,423,373,0,0,0,0,0,0,0,0,0,0
SANTANDER,RIONEGRO,PETROLEOS DEL NORTE S.A,E&P LA PALOMA,GAITERO,33,46,40,23,45,45,44,46,46,41,40,19
SANTANDER,BARRANCABERMEJA,ECOPETROL,DE MARES,GALA,2387,2293,2240,2256,2210,2094,1985,1907,1906,1941,1886,1836
SANTANDER,BARRANCABERMEJA,ECOPETROL,DE MARES,GALAN,567,541,548,590,600,686,667,744,793,797,790,759
SANTANDER,PUERTO WILCHES,ECOPETROL,YARIGUI-GARZAS,GARZAS,346,346,349,349,338,336,331,329,322,332,329,320
VICHADA,SANTA ROSALIA,NEW GRANADA ENERGY CORPORATION (HUPECOL LL),LAS GARZAS,GARZAS DORADAS,78,0,0,0,0,0,0,0,0,0,0,0
META,VILLAVICENCIO,ECOPETROL,APIAY Incremental,GAVAN,2365,2318,2237,2101,2084,1981,1830,1821,2174,2058,2092,2114
HUILA,GARZON,EMERALD ENERGY  DE COLOMBIA PLC,MATAMBO,GIGANTE CABALLOS,203,0,0,0,0,0,0,0,0,0,0,0
BOYACA,PUERTO BOYACA,MANSAROVAR ENERGY COLOMBIA LTD,NARE ASOCIACION,GIRASOL,5545,5375,4971,5007,5073,5151,4579,4469,4825,4810,4750,4146
CASANARE,OROCUE,GRUPO C&C ENERGÍA BARBADOS SUCURSAL COLOMBIA.,CACHICAMO-026-22008,GRETA OTO,320,343,387,398,395,389,384,369,349,336,326,321
CASANARE,OROCUE,GRUPO C&C ENERGÍA BARBADOS SUCURSAL COLOMBIA.,CACHICAMO-026-22008,GUACHARACA,663,723,705,660,613,587,486,461,537,524,427,414
CUNDINAMARCA,GUADUAS,SIPETROL S.A.,DINDAL - RIO SECO,GUADUAS,313,308,305,259,245,237,232,250,251,251,251,250
META,SAN CAARLOS GUAROA,ECOPETROL,CPO-10,GUAINIZ,167,155,0,0,0,0,0,0,0,0,0,0
META,CABUYARO,PETROMINERALES COLOMBIA LTD,CORCEL,GUALA,115,113,110,104,103,116,123,120,120,117,116,112
CASANARE,OROCUE,PERENCO COLOMBIA LIMITED,ESTERO,GUANAPALO,51,42,63,49,51,50,29,109,101,102,50,58
CASANARE,SAN LUIS DE PALENQUE,PERENCO COLOMBIA LIMITED,ESTERO,GUANAPALO,54,54,60,49,55,56,55,0,0,0,54,0
TOLIMA,MELGAR,PERENCO COLOMBIA LIMITED,BOQUERON,GUANDO,10274,10155,9909,9793,9794,9580,9189,9211,9061,9145,8816,8631
TOLIMA,MELGAR,PERENCO COLOMBIA LIMITED,BOQUERON,GUANDO SW,2046,2191,2678,2393,2517,2485,2309,2264,2248,2259,2271,2300
CASANARE,OROCUE,PERENCO COLOMBIA LIMITED,OROCUE,GUARILAQUE,955,955,1139,1293,937,747,689,1021,1260,1704,1647,1742
META,PUERTO GAITAN,HOCOL S.A.,E&E GUARROJO,GUARROJO,921,880,1782,2345,2194,2023,1886,1641,1603,1576,1565,1572
CASANARE,OROCUE,PERENCO COLOMBIA LIMITED,GARCERO,GUASAR,0,0,76,502,217,131,73,49,206,145,53,0
META,VILLAVICENCIO,ECOPETROL,APIAY Incremental,GUATIQUIA,3917,3790,3682,3562,3456,3262,2937,2930,2960,3174,3004,3203
CAUCA,PIAMONTE,GRAN TIERRA ENERGY COLOMBIA LTD,GUAYUYACO,GUAYUYACO,669,679,672,676,668,618,683,680,689,694,698,696
META,CABUYARO,PETROMINERALES COLOMBIA LTD,GUATIQUIA,GULUPA,202,209,176,154,143,131,119,108,101,92,88,84
META,PUERTO GAITAN,META PETROLEUM,CPE-6,HAMACA,1182,1245,1421,1493,1223,1096,1078,1167,1239,1130,977,955
CASANARE,OROCUE,GRUPO C&C ENERGÍA BARBADOS SUCURSAL COLOMBIA.,CRAVOVIEJO,HEREDIA,51,0,0,0,0,0,0,1,0,0,0,0
CASANARE,OROCUE,GRUPO C&C ENERGÍA BARBADOS SUCURSAL COLOMBIA.,HOATZIN,HOATZIN,202,174,149,153,164,171,168,167,163,166,161,163
CASANARE,OROCUE,GRUPO C&C ENERGÍA BARBADOS SUCURSAL COLOMBIA.,CACHICAMO-026-22008,HOATZIN NORTE,458,444,410,404,412,400,394,390,358,362,343,342
PUTUMAYO,VALLE DEL GUAMUEZ,ECOPETROL D. SUR,ORITO,HORMIGA,45,99,98,84,64,66,71,78,81,76,72,73
SANTANDER,BARRANCABERMEJA,ECOPETROL,DE MARES,INFANTAS,797,795,793,790,788,786,784,782,779,777,775,773
SANTANDER,BARRANCABERMEJA,ECOPETROL,LA CIRA-INFANTAS INCREMENTAL,INFANTAS,11587,12029,12301,12431,12403,12908,12789,13040,12646,12676,12358,11978
CASANARE,PENDIENTE CERTIFICADO IGAC,GEOPARK COLOMBIA PN S.A SUCURSAL COLOMBIA (Winchester),E&P LLANOS 34,Jacana,0,0,0,0,0,0,0,277,64,2085,4116,4536
META,PUERTO GAITAN,CEPSA COLOMBIA S.A.,CARACARA,JAGUAR SOUTH WEST,3352,3497,3396,3363,2985,3139,2996,2698,2785,2883,2749,2572
CASANARE,TRINIDAD,PAREX RESOURCES COLOMBIA LTD,E&P Llanos 16 Contrato # 45,JAVA,288,227,252,111,0,0,0,0,0,0,0,0
BOYACA,PUERTO BOYACA,MANSAROVAR ENERGY COLOMBIA LTD,NARE ASOCIACION,JAZMIN,6024,6225,5963,6067,5881,6100,6224,6174,6046,5845,5774,5598
ARAUCA,ARAUQUITA,"OCCIDENTAL DE COLOMBIA , LLC",CHIPIRON,JIBA UNIFICADO,247,245,233,240,237,159,0,53,193,225,152,221
CASANARE,TAURAMENA,CEPSA COLOMBIA S.A.,GARIBAY,JILGUERO,943,1107,1208,1266,1269,1261,1225,1200,1230,1326,1302,1253
CASANARE,TAURAMENA,CEPSA COLOMBIA S.A.,TIPLE,JILGUERO SUR,540,620,647,676,630,616,793,1116,1205,1188,1180,1170
CASANARE,OROCUE,PERENCO COLOMBIA LIMITED,GARCERO,JORCAN,13,15,8,11,17,11,16,23,21,26,30,29
CASANARE,OROCUE,PERENCO COLOMBIA LIMITED,GARCERO,JORDAN,624,609,610,493,680,659,650,632,636,729,1235,1095
PUTUMAYO,VILLAGARZON,GRAN TIERRA ENERGY COLOMBIA LTD,GUAYUYACO,JUANAMBU,501,510,493,481,453,451,442,409,426,450,453,447
CASANARE,OROCUE,VETRA EXPLORACION Y PRODUCCION COLOMBIA S.A.,LA PUNTA - CDND/I - VETRA,JUAPE,1413,1530,1262,1056,1123,1095,1054,1205,1015,640,533,468
SANTANDER,RIONEGRO,PETROLEOS DEL NORTE S.A,E&P LA PALOMA,JUGLAR,16,81,100,80,70,72,72,84,85,86,87,88
CASANARE,TAURAMENA,P1 ENERGY DELTA CORP. SUCURSAL COLOMBIA,E&P LLANOS 32,KANANASKIS,5340,0,0,0,0,0,0,0,0,0,0,0
CASANARE,TAURAMENA,PAREX RESOURCES COLOMBIA LTD,E&P LLANOS 32,KANANASKIS,0,5272,5709,6057,0,0,0,0,0,0,0,0
CASANARE,TAURAMENA,VERANO ENERGY (BARBADOS) LIMITED,E&P LLANOS 32,KANANASKIS,0,0,0,0,5861,5722,5369,5234,4788,3881,2413,1637
CASANARE,VILLA NUEVA,PAREX RESOURCES COLOMBIA LTD,CABRESTERO PAREX,KITARO,24,39,124,82,28,158,147,99,78,50,0,25
CASANARE,PORE,PAREX RESOURCES COLOMBIA LTD,E&P Llanos 16 Contrato # 45,KONA,1043,778,633,557,543,523,629,638,671,603,577,602
HUILA,PAICOL,HOCOL S.A.,SAN JACINTO,LA CAÑADA,1398,1306,0,0,0,0,0,0,0,0,0,0
HUILA,PAICOL,HOCOL S.A.,SAN JACINTO,LA CAÑADA NORTE,360,616,1964,2309,2242,2157,1949,2222,2216,2141,2076,2037
CASANARE,AGUAZUL,PAREX RESOURCES COLOMBIA LTD,EL EDEN PAREX,LA CASONA,200,308,293,289,296,297,318,332,394,439,457,499
SANTANDER,BARRANCABERMEJA,ECOPETROL,DE MARES,LA CIRA,2704,2693,2682,2671,2659,2648,2637,2626,2615,2605,2594,2583
SANTANDER,BARRANCABERMEJA,ECOPETROL,LA CIRA-INFANTAS INCREMENTAL,LA CIRA,24568,24405,25015,24959,25105,23969,23732,23155,23160,23397,23353,23047
SUCRE,LOS PALMITOS,PACIFIC STRATUS ENERGY,LA CRECIENTE,LA CRECIENTE,7,6,9,11,10,9,9,8,8,8,8,7
SUCRE,SAN PEDRO,PACIFIC STRATUS ENERGY,LA CRECIENTE,LA CRECIENTE,6,6,9,9,8,10,17,16,16,16,17,17
SUCRE,SAN PEDRO,PACIFIC STRATUS ENERGY,LA CRECIENTE,LA CRECIENTE I,0,0,0,0,0,0,0,0,0,0,0,0
SUCRE,SAN PEDRO,PACIFIC STRATUS ENERGY,LA CRECIENTE,LA CRECIENTE-D,5,3,0,0,0,0,0,0,0,0,0,0
CASANARE,SAN LUIS DE PALENQUE,PERENCO COLOMBIA LIMITED,CASANARE,LA FLORA,542,524,491,485,499,504,487,488,480,494,499,485
CASANARE,AGUAZUL,PERENCO COLOMBIA LIMITED,CASANARE,LA GLORIA,1642,1551,1340,1157,1321,1027,995,921,920,805,731,708
CASANARE,MANI,PERENCO COLOMBIA LIMITED,CASANARE,LA GLORIA,454,429,251,270,138,380,330,314,307,249,233,232
CASANARE,YOPAL,PERENCO COLOMBIA LIMITED,CASANARE,LA GLORIA NORTE,1737,1705,1641,1605,1611,1552,1526,1496,1468,1438,1358,1258
HUILA,TESALIA,HOCOL S.A.,RIO PAEZ,LA HOCHA,1252,1126,977,985,1086,1081,1240,1109,1065,1017,1101,1256
HUILA,NEIVA,ECOPETROL ALTO MAGDALENA,TELLO,LA JAGUA,0,38,50,51,56,56,54,53,53,57,52,51
CASANARE,MANI,ECOPETROL D. SUR,LA PUNTA - CDND/I,LA PUNTA,643,656,659,665,584,565,569,567,133,0,0,0
SANTANDER,SABANA DE TORRES,PETROSANTANDER (COLOMBIA) INC.,LAS MONAS,LA SALINA,1956,1371,1920,1914,1852,1854,1781,1469,1530,1488,1471,1462
CASANARE,OROCUE,Canacol Energy Colombia S.A.,E&P LLANOS 23,LABRADOR,2005,1878,0,0,0,0,0,0,0,0,0,0
CASANARE,OROCUE,CNE OIL AND GAS S.A.S,E&P LLANOS 23,LABRADOR,0,0,1758,1689,1712,2270,3381,3032,2667,2478,2241,1787
CASANARE,YOPAL,PACIFIC STRATUS ENERGY,E&P LLANOS 19,LANGUR,522,167,71,391,358,329,272,226,95,0,0,0
META,PUERTO LLERAS,PETROMINERALES COLOMBIA LTD,RIO ARIARI,LAPÓN,2,0,0,0,0,0,0,0,0,0,0,0
CASANARE,YOPAL,EMERALD ENERGY  DE COLOMBIA PLC,CAMPO RICO,LAS ACACIAS,67,58,50,50,55,62,51,36,35,22,36,5
CASANARE,SAN LUIS DE PALENQUE,PAREX RESOURCES COLOMBIA LTD,E&P LOS OCARROS PAREX,LAS MARACAS,5235,4374,3642,3695,3417,2985,3089,3808,3577,2107,2564,2181
CASANARE,PAZ DE ARIPORO,NEW GRANADA ENERGY CORPORATION (HUPECOL LL),LEONA,LEONA A SUR,0,0,0,0,0,0,0,2,4,0,0,0
CASANARE,PAZ DE ARIPORO,NEW GRANADA ENERGY CORPORATION (HUPECOL LL),LEONA,LEONA B,274,265,244,226,224,220,209,196,192,192,189,182
CASANARE,PAZ DE ARIPORO,NEW GRANADA ENERGY CORPORATION (HUPECOL LL),LEONA,LEONA B NORTE,23,0,0,0,0,0,0,0,0,0,0,0
CASANARE,PAZ DE ARIPORO,NEW GRANADA ENERGY CORPORATION (HUPECOL LL),LEONA,LEONA B SUR,188,186,182,187,189,170,174,168,159,148,148,146
CASANARE,PAZ DE ARIPORO,NEW GRANADA ENERGY CORPORATION (HUPECOL LL),LEONA,LEONA C,104,0,1,0,134,136,116,98,86,75,69,67
CASANARE,SAN LUIS DE PALENQUE,CNE OIL AND GAS S.A.S,E&P LLANOS 23,LEONO,1278,1079,973,855,1058,927,804,679,617,596,444,361
META,VILLAVICENCIO,ECOPETROL,APIAY Incremental,LIBERTAD,87,33,25,20,19,23,21,10,18,25,0,0
META,VILLAVICENCIO,ECOPETROL,LIBERTAD-REFORMA INCREMENTAL,LIBERTAD NORTE,187,122,174,129,128,124,125,90,92,89,86,76
SANTANDER,SABANA DE TORRES,PETROSANTANDER (COLOMBIA) INC.,EL PIÑAL,LIEBRE,57,54,54,53,54,47,42,42,41,35,32,32
TOLIMA,GUAMO,KAPPA RESOURCES COLOMBIA LTD.,GUASIMO,LISA,3,3,3,5,3,1,2,2,5,4,4,4
SANTANDER,SAN VICENTE DE CHUCURI,ECOPETROL,DE MARES,LISAMA,1038,1137,1048,1182,1195,1164,1164,1117,1164,1164,1081,1046
SANTANDER,PENDIENTE CERTIFICADO IGAC,ECOPETROL,CONVENIO EXPL HIDROCAR AOD  LISAMA NUTRIA,LISAMA NORTE,0,0,0,50,72,71,61,59,53,55,56,58
SANTANDER,SAN VICENTE DE CHUCURI,ECOPETROL,DE MARES,LISAMA PROFUNDO,86,78,86,112,97,90,85,34,0,0,0,0
SANTANDER,BARRANCABERMEJA,ECOPETROL,DE MARES,LLANITO,1978,2203,2192,2235,2192,2324,2137,2097,2068,2101,2152,2075
META,PUERTO LOPEZ,HUPECOL OPERATING COLLC,E&P LLANOS 58,LLANOS 58,3847,4024,4302,4161,3851,3632,4003,4237,4480,4265,4052,3793
HUILA,VILLAVIEJA,ECOPETROL ALTO MAGDALENA,ALTO MAGDALENA,LOMA LARGA,441,613,814,727,605,633,766,547,740,822,702,753
PUTUMAYO,SAN MIGUEL,ECOPETROL D. SUR,ORITO,LORO,120,61,58,59,53,8,35,58,26,41,10,0
PUTUMAYO,VALLE DEL GUAMUEZ,ECOPETROL D. SUR,ORITO,LORO,763,783,799,508,656,683,728,706,685,732,699,629
CESAR,RIO DE ORO,PETROLEOS DEL NORTE S.A,Tisquirama  B,LOS ANGELES,887,993,1013,879,988,937,810,938,936,816,816,843
CASANARE,YOPAL,EMERALD ENERGY  DE COLOMBIA PLC,CAMPO RICO,LOS POTROS,364,342,314,293,275,245,212,137,21,0,0,0
CASANARE,TRINIDAD,PERENCO COLOMBIA LIMITED,ESTERO,LOS TOROS,0,0,0,0,0,0,0,0,15,32,37,94
META,CABUYARO,ONGC VIDESH LIMITED,CPO-5,LOTO,0,0,0,0,0,0,0,0,0,2,0,0
CASANARE,OROCUE,CNE OIL AND GAS S.A.S,E&P LLANOS 23,MALTES,835,422,280,225,194,171,165,181,113,102,92,95
META,CABUYARO,PETROMINERALES COLOMBIA LTD,CORCEL,MAMBO,5,0,0,0,0,0,0,0,0,0,6,0
TOLIMA,PIEDRAS,INTEROIL COLOMBIA EXPLORATION AND PRODUCTION,MANA,MANA,1112,1212,1172,1105,1064,1034,1048,983,899,900,894,944
MAGDALENA,SANTA ANA,PACIFIC STRATUS ENERGY,E&P Guama,MANAMO,14,18,0,0,0,0,57,61,53,57,40,0
CASANARE,MANI,CEPSA COLOMBIA S.A.,PUNTERO,MANATUS,678,639,625,562,497,453,445,419,391,386,389,344
CASANARE,MANI,P1 ENERGY DELTA CORP. SUCURSAL COLOMBIA,E&P LLANOS 32,MANICEÑO,81,0,0,0,0,0,0,0,0,0,0,0
PUTUMAYO,PUERTO CAICEDO,ECOPETROL D. SUR,ORITO,MANSOYA,176,151,209,215,125,194,62,187,203,174,153,28
CASANARE,MANI,PETROMINERALES COLOMBIA LTD,CASIMENA,MANTIS,2259,2161,2061,1928,1814,1632,1521,1433,1393,1346,1389,1499
CAUCA,PIAMONTE,ECOPETROL,SANTANA ECOPETROL,MARY,0,0,0,0,0,0,45,276,281,270,275,321
CAUCA,PIAMONTE,GRAN TIERRA ENERGY COLOMBIA LTD,SANTANA,MARY,393,390,397,397,387,276,234,0,0,0,0,0
TOLIMA,PURIFICACIÓN,HOCOL S.A.,ESPINAL - HOCOL,MATACHIN NORTE,0,0,0,0,0,0,0,0,0,938,2588,2802
TOLIMA,PURIFICACIÓN,PERENCO COLOMBIA LIMITED,ESPINAL,MATACHIN NORTE,4944,4512,3670,3709,3915,3716,3272,2693,3189,1692,0,0
TOLIMA,PRADO,HOCOL S.A.,ESPINAL - HOCOL,MATACHIN SUR,0,0,0,0,0,0,0,0,0,157,410,397
TOLIMA,PRADO,PERENCO COLOMBIA LIMITED,ESPINAL,MATACHIN SUR,28,0,0,0,0,0,0,11,18,14,0,0
TOLIMA,PURIFICACIÓN,HOCOL S.A.,ESPINAL - HOCOL,MATACHIN SUR,0,0,0,0,0,0,0,0,0,94,223,233
TOLIMA,PURIFICACIÓN,PERENCO COLOMBIA LIMITED,ESPINAL,MATACHIN SUR,741,744,724,718,718,720,681,561,600,384,0,0
ARAUCA,ARAUCA,"OCCIDENTAL DE COLOMBIA , LLC",CHIPIRON,MATANEGRA OESTE,45,37,36,37,37,25,0,6,39,38,34,39
CASANARE,OROCUE,GRUPO C&C ENERGÍA BARBADOS SUCURSAL COLOMBIA.,CRAVOVIEJO,MATEMARRANO,1018,909,882,617,529,527,520,490,387,381,356,323
CASANARE,OROCUE,UNION TEMPORAL MORICHE ( PACIFIC STRATUS ENERGY),E & P MORICHE,MAURITIA ESTE,33,31,40,14,32,29,49,46,22,35,78,100
CASANARE,OROCUE,UNION TEMPORAL MORICHE ( PACIFIC STRATUS ENERGY),E & P MORICHE,MAURITIA NORTE,684,723,830,808,1006,1091,1176,1340,1347,1349,1424,1447
CASANARE,TAURAMENA,GEOPARK COLOMBIA PN S.A SUCURSAL COLOMBIA (Winchester),E&P LLANOS 34,MAX,972,963,940,868,850,875,872,846,816,816,760,768
CASANARE,TAURAMENA,CEPSA COLOMBIA S.A.,GARIBAY,MELERO,7,0,0,0,0,0,0,0,0,0,0,0
CAUCA,PIAMONTE,ECOPETROL,SANTANA ECOPETROL,MIRAFLOR,0,0,0,0,0,0,17,104,98,81,87,84
CAUCA,PIAMONTE,GRAN TIERRA ENERGY COLOMBIA LTD,SANTANA,MIRAFLOR,101,63,107,109,108,104,78,0,0,0,0,0
CAUCA,PIAMONTE,GRAN TIERRA ENERGY COLOMBIA LTD,GUAYUYACO,MIRAFLOR OESTE,112,31,0,0,0,0,0,0,0,0,0,0
PUTUMAYO,VILLAGARZON,EMERALD ENERGY  DE COLOMBIA PLC,MIRTO E&P,MIRTO,656,566,453,0,0,0,0,0,0,0,0,0
META,PUERTO GAITAN,ECOPETROL,CAÑO SUR E&P,MITO,197,160,157,176,179,173,167,188,201,207,192,153
META,VISTA HERMOSA,PETROMINERALES COLOMBIA LTD,RIO ARIARI,MOCHELO,767,743,602,393,340,411,409,411,415,412,378,278
CESAR,AGUACHICA,Canacol Energy Colombia S.A.,VMM2 CANACOL,MONO ARAÑA,0,0,0,0,0,0,0,0,0,0,0,337
CESAR,AGUACHICA,EXXON MOBIL,Valle Medio del Magdalena VMM2,MONO ARAÑA,937,781,829,723,631,518,493,553,469,456,434,0
PUTUMAYO,MOCOA,GRAN TIERRA ENERGY COLOMBIA LTD,CHAZA,MOQUETA,6295,6148,6168,6518,6628,6530,6641,6439,6608,6868,6766,6268
CASANARE,YOPAL,PERENCO COLOMBIA LIMITED,CASANARE,MORICHAL,958,920,932,945,884,828,753,932,685,665,750,691
BOYACA,PUERTO BOYACA,MANSAROVAR ENERGY COLOMBIA LTD,NARE ASOCIACION,MORICHE,15826,16031,16232,15741,14939,15073,15306,15358,15607,15816,15476,15648
CASANARE,MANI,PETROPULI S.A.S,MORICHITO,MORICHITO,191,201,180,124,138,140,131,110,109,110,108,103
ARAUCA,ARAUQUITA,"OCCIDENTAL DE COLOMBIA , LLC",COSECHA,MORROCOY,251,259,230,120,158,139,0,56,148,183,159,147
PUTUMAYO,ORITO,UNION TEMPORAL II&B,"CDND/I NANCY, BURDINE, MAXINE",NANCY,367,358,385,113,353,256,0,0,0,0,0,0
ANTIOQUIA,PUERTO NARE,MANSAROVAR ENERGY COLOMBIA LTD,NARE ASOCIACION,NARE,195,253,274,298,277,306,303,327,333,309,323,287
CASANARE,OROCUE,SOGOMI ENERGY S.A.,NASHIRA,NASHIRA NORTE,1000,748,736,777,897,954,1139,1104,900,978,832,977
CORDOBA,PUEBLO NUEVO,GEOPRODUCTION OIL & GAS COMPANY,ESPERANZA,NELSON,2,2,2,2,3,2,2,2,2,2,1,1
SANTANDER,SAN VICENTE DE CHUCURI,ECOPETROL,DE MARES,NUTRIA,1408,1386,1362,1319,1369,1430,1477,1437,1439,1414,1405,1399
META,PUERTO GAITAN,HOCOL S.A.,E&E GUARROJO,OCELOTE,14142,13793,12856,13548,13490,14212,14579,15569,15565,15259,15135,14674
CASANARE,MANI,CEPSA COLOMBIA S.A.,PUNTERO,ONCA,1406,1417,1404,1341,1282,1186,1178,1147,1094,1067,1087,1015
META,PUERTO GAITAN,META PETROLEUM,QUIFA,OPALO,866,627,649,688,650,600,639,630,579,678,684,692
SANTANDER,CIMITARRA,COMPAÑIA OPERADORA PTS PETROCOLOMBIA S.A. - COPP S.A.,OPON,OPON,57,59,54,45,56,48,43,58,54,30,50,44
PUTUMAYO,ORITO,ECOPETROL D. SUR,ORITO,ORITO,1814,1812,1798,1797,1789,1785,1777,1772,1768,1759,1756,1748
PUTUMAYO,ORITO,ECOPETROL D. SUR,ORITO Incremental,ORITO,1048,959,1060,1078,967,878,1042,1567,1542,1352,1518,1378
CASANARE,OROCUE,PERENCO COLOMBIA LIMITED,OROPENDOLA PERENCO,OROPENDOLA,288,288,290,299,286,236,265,244,227,296,379,365
TOLIMA,ORTEGA,ECOPETROL ALTO MAGDALENA,CPI ORTEGA,ORTEGA,72,110,139,147,144,139,116,134,128,110,0,0
TOLIMA,ORTEGA,ECOPETROL ALTO MAGDALENA,ORTEGA,ORTEGA,70,70,70,69,69,68,68,67,67,67,36,0
TOLIMA,ORTEGA,HOCOL S.A.,ORTEGA HOCOL,ORTEGA,0,0,0,0,0,0,0,0,0,0,7,0
CESAR,AGUACHICA,Canacol Energy Colombia S.A.,E&P SANTA ISABEL,OSO PARDO,294,277,275,270,258,217,204,203,197,199,193,185
TOLIMA,ORTEGA,ECOPETROL ALTO MAGDALENA,CPI ORTEGA,PACANDE,185,598,610,538,505,472,315,335,351,354,60,0
TOLIMA,ORTEGA,ECOPETROL ALTO MAGDALENA,ORTEGA,PACANDE,91,91,90,89,89,88,88,87,87,57,79,0
TOLIMA,ORTEGA,HOCOL S.A.,ORTEGA HOCOL,PACANDE,0,0,0,0,0,0,0,0,0,0,9,0
TOLIMA,SAN LUIS,ECOPETROL ALTO MAGDALENA,CPI ORTEGA,PACANDE,0,0,0,0,0,0,0,0,0,0,5,0
TOLIMA,SAN LUIS,ECOPETROL ALTO MAGDALENA,ORTEGA,PACANDE,0,0,0,0,0,0,0,0,0,29,6,0
BOYACA,PUERTO BOYACA,ECOPETROL ALTO MAGDALENA,PALAGUA,PALAGUA,1479,1472,1465,1457,1450,1443,1436,1429,1421,1401,1404,1401
BOYACA,PUERTO BOYACA,ECOPETROL ALTO MAGDALENA,PALAGUA-INCREMENTAL,PALAGUA,5371,5275,5244,5293,5265,5168,5010,4854,4854,4865,4890,4880
HUILA,PALERMO,ECOPETROL ALTO MAGDALENA,PALERMO ECOPETROL,PALERMO,215,209,207,208,214,216,220,219,173,223,219,213
CASANARE,TRINIDAD,PERENCO COLOMBIA LIMITED,GARCERO,PALMARITO,307,315,297,293,300,273,181,559,584,364,417,433
HUILA,NEIVA,ECOPETROL ALTO MAGDALENA,ALTO MAGDALENA,PALOGRANDE,1015,1008,1001,994,988,981,974,968,961,868,948,942
HUILA,NEIVA,ECOPETROL ALTO MAGDALENA,ALTO MAGDALENA Incremental,PALOGRANDE,111,279,161,147,106,158,71,13,71,219,69,128
HUILA,NEIVA,ECOPETROL ALTO MAGDALENA,PIJAO POTRERILLO,PALOGRANDE HONDA,2,0,0,41,227,186,159,13,0,87,199,268
CASANARE,SAN LUIS DE PALENQUE,CNE OIL AND GAS S.A.S,E&P LLANOS 23,PANTRO,436,384,323,277,233,117,50,808,448,249,224,221
CASANARE,OROCUE,PERENCO COLOMBIA LIMITED,GARCERO,PARAVARE,178,194,230,197,196,165,180,168,171,150,149,168
CASANARE,YOPAL,EQUION ENERGIA LIMITED,PIEDEMONTE EQUION,PAUTO SUR,24292,23894,24115,28065,30271,31046,29224,31939,31508,31134,30442,29915
CASANARE,AGUAZUL,EQUION ENERGIA LIMITED,RECETOR EQUION,PAUTO SUR RECETOR,1395,1260,986,0,0,0,0,0,0,0,0,0
CASANARE,PENDIENTE CERTIFICADO IGAC,EQUION ENERGIA LIMITED,RECETOR EQUION,PAUTO SUR RECETOR,0,0,0,980,1297,1266,1286,1276,1278,1266,1266,1292
NORTE DE SANTANDER,LA ESPERANZA,ECOPETROL,PAVAS CACHIRA,PAVAS,35,34,57,61,60,58,60,58,56,57,55,59
SANTANDER,SABANA DE TORRES,PETROSANTANDER (COLOMBIA) INC.,LAS MONAS,PAYOA,780,538,819,813,725,653,618,653,713,706,703,758
SANTANDER,SABANA DE TORRES,PETROSANTANDER (COLOMBIA) INC.,LAS MONAS,PAYOA WEST,9,6,9,9,9,9,9,9,8,7,7,2
MAGDALENA,SANTA ANA,PACIFIC STRATUS ENERGY,E&P Guama,PEDERNALITO,0,0,6,29,35,35,8,0,0,0,0,28
META,PUERTO GAITAN,CEPSA COLOMBIA S.A.,CARACARA,PEGUITA,2656,3066,3252,2956,2999,2952,3113,3057,2971,2418,2536,2487
META,PUERTO GAITAN,CEPSA COLOMBIA S.A.,CARACARA,PEGUITA II,282,285,323,400,431,610,538,546,552,508,591,641
META,PUERTO GAITAN,CEPSA COLOMBIA S.A.,CARACARA,PEGUITA III,221,218,257,1295,2105,1675,1345,1265,1095,1381,1362,1567
META,PUERTO GAITAN,Tecpetrol Colombia S.A.S.,CPO-13,PENDARE,479,561,312,646,734,914,1064,1186,1446,1472,1704,1433
ANTIOQUIA,YONDO,ECOPETROL,CASABE,PEÑAS BLANCAS,74,73,72,71,70,70,69,68,67,67,66,65
ANTIOQUIA,YONDO,ECOPETROL,CASABE INCREMENTAL,PEÑAS BLANCAS,2125,2444,2361,2015,1887,1816,1932,1878,1911,1843,1822,1598
CASANARE,SAN LUIS DE PALENQUE,ALANGE ENERGY CORP SUC COLOMBIA,E&E CUBIRO,PETIRROJO,505,436,440,409,389,387,384,399,357,325,262,258
CASANARE,TRINIDAD,ALANGE ENERGY CORP SUC COLOMBIA,E&E CUBIRO,PETIRROJO,316,273,276,256,243,242,240,250,224,204,164,161
CASANARE,SAN LUIS DE PALENQUE,ALANGE ENERGY CORP SUC COLOMBIA,E&E CUBIRO,PETIRROJO SUR,223,220,210,211,195,187,175,177,187,187,174,162
HUILA,NEIVA,ECOPETROL ALTO MAGDALENA,ALTO MAGDALENA,PIJAO,274,286,262,209,278,301,289,276,256,280,269,286
META,PUERTO GAITAN,HOCOL S.A.,E&E GUARROJO,PINTADO,993,1005,918,927,949,956,1135,1365,1447,1435,1473,1430
CASANARE,OROCUE,PERENCO COLOMBIA LIMITED,GARCERO,PIRITO,51,55,61,74,77,72,76,91,76,71,76,46
CASANARE,MANI,PETROMINERALES COLOMBIA LTD,CASIMENA,PISINGO,1972,2422,2217,2494,2103,2044,1953,1659,1864,1822,1805,1796
PUTUMAYO,PUERTO ASIS,Amerisur Exploración Colombia,PLATANILLO,PLATANILLO,5592,4287,4061,4465,4728,4194,4072,4349,4647,4226,4345,4290
META,VILLAVICENCIO,ECOPETROL,APIAY INCREMENTAL,POMPEYA,9,4,5,8,12,11,7,5,3,3,8,7
CASANARE,PORE,GEOPARK COLOMBIA PN S.A SUCURSAL COLOMBIA (Winchester),YAMU,POTRILLO,148,151,142,0,0,0,0,0,0,4,0,0
CASANARE,PUERTO GAITAN,META PETROLEUM,QUIFA,PROSPECTO C,118,174,73,0,0,0,0,0,0,0,0,0
SANTANDER,SABANA DE TORRES,ECOPETROL,PROVINCIA,PROVINCIA,3622,3835,4548,4671,4712,4794,4974,4753,4680,4492,4558,4256
CUNDINAMARCA,PULI,ECOPETROL ALTO MAGDALENA,PULI 109,PULI,74,39,62,119,123,122,115,86,83,74,0,0
CUNDINAMARCA,PULI,HOCOL S.A.,PULI HOCOL,PULI,0,0,0,0,0,0,0,0,0,0,67,63
TOLIMA,PURIFICACIÓN,HOCOL S.A.,ESPINAL - HOCOL,PURIFICACION,0,0,0,0,0,0,0,0,0,58,148,148
TOLIMA,PURIFICACIÓN,PERENCO COLOMBIA LIMITED,ESPINAL,PURIFICACION,143,161,165,176,163,160,167,162,159,95,0,0
SANTANDER,BARRANCABERMEJA,CONSORCIO CAMPOS DE PRODUCCION,QUEBRADA ROJA,QUEBRADA ROJA,0,0,0,0,0,0,0,0,0,0,0,0
CESAR,RIO DE ORO,PETROLEOS DEL NORTE S.A,TISQUIRAMA  B,QUERUBIN,91,85,86,87,87,83,87,86,85,80,61,89
META,PUERTO GAITAN,META PETROLEUM,QUIFA,QUIFA,59511,57219,56686,57132,56439,54998,54290,55444,55815,56435,55615,54835
PUTUMAYO,PUERTO ASIS,ECOPETROL D. SUR,ORITO,QUILILI,267,274,263,278,282,192,225,247,277,316,291,287
PUTUMAYO,PUERTO ASIS,PETROTESTING  COLOMBIA S.A.,CPI SUR ORIENTE,QUILLACINGA,2188,2242,2088,2039,2044,951,0,0,0,0,0,0
PUTUMAYO,PUERTO ASIS,VETRA EXPLORACION Y PRODUCCION COLOMBIA S.A.,CPI SUR ORIENTE,QUILLACINGA,0,0,0,0,0,0,1406,1467,1436,997,1171,1213
TOLIMA,CHAPARRAL,ECOPETROL ALTO MAGDALENA,ORTEGA,QUIMBAYA,148,158,152,105,57,0,0,0,0,0,0,0
PUTUMAYO,PUERTO ASIS,PETROTESTING  COLOMBIA S.A.,CPI SUR ORIENTE,QUINDE,3214,2796,1756,1846,1446,1376,1388,0,0,0,0,0
PUTUMAYO,PUERTO ASIS,VETRA EXPLORACION Y PRODUCCION COLOMBIA S.A.,CPI SUR ORIENTE,QUINDE,0,0,0,0,0,0,0,1256,1055,981,1200,1208
PUTUMAYO,ORITO,ECOPETROL D. SUR,Convenio Exploracion Area Occidental,QUIRIYANA,0,0,8,46,27,27,14,0,0,0,0,0
CASANARE,AGUAZUL,CEPSA COLOMBIA S.A.,E&P LLANOS 22,RAMIRIQUI,1471,1464,1406,1653,1707,1734,1721,1703,1665,1714,1615,1586
CASANARE,OROCUE,Canacol Energy Colombia S.A.,RANCHO HERMOSO ACUERDO PART CASANARE-CANACOL,RANCHO HERMOSO 4,622,749,354,373,604,854,573,793,0,0,772,899
CASANARE,YOPAL,Canacol Energy Colombia S.A.,RANCHO HERMOSO ACUERDO PART CASANARE-CANACOL,RANCHO HERMOSO 4,728,530,0,0,150,646,537,782,0,0,664,769
META,PUERTO GAITAN,CEPSA COLOMBIA S.A.,CARACARA,RANCHO QUEMADO,151,140,149,141,141,144,142,132,124,124,145,180
ARAUCA,ARAUQUITA,"OCCIDENTAL DE COLOMBIA , LLC",CRAVO NORTE,REDONDO,769,800,737,750,734,539,0,534,1808,3958,2934,3048
ARAUCA,ARAUQUITA,"OCCIDENTAL DE COLOMBIA , LLC",CRAVO NORTE,REDONDO ESTE,58,41,35,41,32,0,0,0,0,0,0,0
CASANARE,SAN LUIS DE PALENQUE,PERENCO COLOMBIA LIMITED,COROCORA,REMACHE NORTE,802,826,803,747,667,608,434,578,486,545,659,603
CASANARE,SAN LUIS DE PALENQUE,PERENCO COLOMBIA LIMITED,COROCORA,REMACHE SUR,328,319,269,303,329,306,232,298,262,287,292,301
ARAUCA,ARAUQUITA,"OCCIDENTAL DE COLOMBIA , LLC",COSECHA,REX,304,263,250,247,463,241,0,68,289,442,342,263
META,VISTA HERMOSA,PETROMINERALES COLOMBIA LTD,RIO ARIARI,RIO ARIARI,40,9,0,0,0,0,0,0,0,0,0,0
HUILA,NEIVA,ECOPETROL,CAGUAN ECOPETROL,RIO CEIBAS,1453,1468,1463,1445,1458,1354,1339,1334,1371,1377,1388,1439
TOLIMA,PIEDRAS,INTEROIL COLOMBIA EXPLORATION AND PRODUCTION,RIO OPIA,RIO OPIA,49,43,62,58,58,56,52,57,83,67,62,34
TOLIMA,CHAPARRAL,ECOPETROL ALTO MAGDALENA,TOLIMA-B - ECOPETROL,RIO SALDAÑA,197,160,199,224,225,204,141,163,199,174,0,0
TOLIMA,CHAPARRAL,HOCOL S.A.,TOLIMA B HOCOL,RIO SALDAÑA,0,0,0,0,0,0,0,0,0,0,146,162
NORTE DE SANTANDER,CUCUTA,ECOPETROL,ZULIA,RIO ZULIA,539,557,559,506,446,481,541,519,456,454,455,499
NORTE DE SANTANDER,CUCUTA,TURKISH PETROLEUM INTERNATIONAL COMPANY,GONZALEZ,RIO ZULIA WEST,0,0,0,0,0,59,45,92,93,67,92,101
META,PUERTO GAITAN,META PETROLEUM,PIRIRI,RUBIALES,34464,36317,36352,40657,40195,39599,41221,42697,41307,39493,37872,37396
META,PUERTO GAITAN,META PETROLEUM,RUBIALES,RUBIALES,126677,126371,125480,126214,123084,121716,121706,121533,126219,126454,125388,125541
CASANARE,AGUAZUL,PAREX RESOURCES COLOMBIA LTD,E&P LLANOS 26,RUMBA,0,0,0,98,174,332,1704,1932,1575,2814,1585,859
META,PUERTO GAITAN,MAUREL & PROM COLOMBIA B.V,E&P SABANERO,SABANERO,1475,1513,1508,1417,1389,1232,1245,1252,1121,1049,972,957
CASANARE,OROCUE,GRUPO C&C ENERGÍA BARBADOS SUCURSAL COLOMBIA.,CRAVOVIEJO,SAIMIRI,467,353,424,404,487,511,516,521,467,480,544,547
PUTUMAYO,ORITO,ECOPETROL D. SUR,ORITO,SAN ANTONIO,231,236,229,207,207,174,165,171,189,179,310,269
HUILA,NEIVA,ECOPETROL ALTO MAGDALENA,PALERMO ECOPETROL,SAN FRANCISCO,3617,3545,3306,3251,3389,3273,3184,3418,3435,3123,3264,3440
HUILA,PALERMO,ECOPETROL ALTO MAGDALENA,PALERMO ECOPETROL,SAN FRANCISCO,2395,2354,2265,2379,2620,2588,2520,2365,2220,2299,2171,2267
SANTANDER,EL CARMEN DE CHUCURI,ECOPETROL,DE MARES,SAN LUIS,54,54,55,53,51,55,53,52,44,52,53,50
CESAR,SAN MARTÍN,ECOPETROL,TISQUIRAMA-C,SAN ROQUE,168,166,164,161,159,157,155,153,151,150,148,146
CESAR,SAN MARTÍN,ECOPETROL,TISQUIRAMA-C INCREMENTAL,SAN ROQUE,2194,2345,2070,1869,1877,1871,1736,1620,1655,1759,1816,1856
SANTANDER,BARRANCABERMEJA,ECOPETROL,DE MARES,SAN SILVESTRE,7,7,8,8,9,8,2,0,0,0,0,0
HUILA,PALERMO,ECOPETROL ALTO MAGDALENA,ALTO MAGDALENA,SANTA CLARA,560,557,555,552,550,548,545,543,540,538,536,533
HUILA,PALERMO,ECOPETROL ALTO MAGDALENA,ALTO MAGDALENA INCREMENTAL,SANTA CLARA,391,380,278,288,353,266,167,262,255,246,201,278
CESAR,SAN ALBERTO,PETROLEOS DEL NORTE S.A,TISQUIRAMA-A,SANTA LUCIA,309,284,252,288,309,348,307,273,306,303,315,302
CASANARE,MANI,ECOPETROL,UPIA-ECOPETROL,SANTIAGO,1018,961,1065,1037,1001,984,1011,1010,1026,1041,1011,1017
CASANARE,OROCUE,VETRA EXPLORACION Y PRODUCCION COLOMBIA S.A.,CDNDI LA PUNTA,SANTO DOMINGO,1355,1207,950,508,282,195,814,863,222,923,995,974
CASANARE,OROCUE,VETRA EXPLORACION Y PRODUCCION COLOMBIA S.A.,CDNDI LA PUNTA,SANTO DOMINGO NORTE,3778,3864,3769,3685,3180,2522,1266,561,1066,1085,1002,944
CASANARE,OROCUE,PERENCO COLOMBIA LIMITED,GARCERO,SARDINAS,732,717,733,668,670,626,780,834,842,812,790,758
NORTE DE SANTANDER,TIBU,ECOPETROL,BARCO,SARDINATA,324,303,155,219,274,279,289,303,283,291,256,259
PUTUMAYO,PUERTO CAICEDO,ECOPETROL D. SUR,ORITO,SIBUNDOY,56,83,74,39,1,60,52,16,39,44,19,0
CASANARE,TRINIDAD,PERENCO COLOMBIA LIMITED,GARCERO,SIRENAS,72,71,102,113,116,109,82,101,96,112,1,0
PUTUMAYO,ORITO,ECOPETROL D. SUR,ORITO,SUCIO,41,46,50,52,12,0,0,0,0,8,59,66
NARIÑO,IPIALES,ECOPETROL D. SUR,ORITO,SUCUMBIOS,285,325,285,292,306,300,303,285,308,271,309,317
META,VILLAVICENCIO,ECOPETROL,APIAY INCREMENTAL,SURIA,3704,3730,3202,2990,3313,2815,2583,2738,2528,2813,3192,3132
META,VILLAVICENCIO,ECOPETROL,APIAY INCREMENTAL,SURIA SUR,1678,1659,1493,1499,1390,1381,1143,977,1160,979,889,1138
META,VILLAVICENCIO,ECOPETROL,APIAY INCREMENTAL,TANANE,51,141,237,274,276,168,213,215,107,65,177,162
CASANARE,TAURAMENA,GEOPARK COLOMBIA PN S.A SUCURSAL COLOMBIA (Winchester),E&P LLANOS 34,TAROTARO,1967,1751,1859,964,1560,2401,2315,2312,2287,2257,2140,2059
META,CABUYARO,PETROMINERALES COLOMBIA LTD,CORCEL,TAYA,227,181,180,173,164,156,151,142,134,18,0,0
HUILA,NEIVA,ECOPETROL ALTO MAGDALENA,TELLO,TELLO,1647,1629,1612,1596,1579,1563,1547,1531,1515,1500,1485,1470
HUILA,NEIVA,ECOPETROL ALTO MAGDALENA,TELLO ECP-ANH INCREMENTAL,TELLO,3214,3199,3196,2982,3166,3417,3326,3152,3023,2518,3430,3424
HUILA,AIPE,ECOPETROL ALTO MAGDALENA,ALTO MAGDALENA,TEMPRANILLO,372,368,353,344,346,345,347,315,332,322,336,333
HUILA,AIPE,ECOPETROL ALTO MAGDALENA,ALTO MAGDALENA,TEMPRANILLO NORTE,192,186,183,83,168,146,139,148,126,45,148,144
HUILA,AIPE,ECOPETROL ALTO MAGDALENA,ALTO MAGDALENA,TENAY,179,178,176,175,173,172,170,169,167,166,165,163
HUILA,AIPE,ECOPETROL ALTO MAGDALENA,ALTO MAGDALENA INCREMENTAL,TENAY,428,382,445,437,399,385,316,299,269,461,474,457
ARAUCA,ARAUQUITA,"OCCIDENTAL DE COLOMBIA , LLC",COSECHA,TERECAY,1517,2286,2535,2871,3048,2658,0,1074,2710,2460,1771,2211
SANTANDER,SAN VICENTE DE CHUCURI,ECOPETROL,DE MARES,TESORO,343,347,334,371,351,336,348,319,312,306,300,326
NORTE DE SANTANDER,TIBU,ECOPETROL,BARCO,TIBU,939,934,930,925,921,916,912,907,903,899,894,890
NORTE DE SANTANDER,TIBU,ECOPETROL,BARCO INCREMENTAL,TIBU,1370,1605,1802,1919,2104,2060,1837,1968,2671,2471,2530,2696
CASANARE,NUNCHIA,PERENCO COLOMBIA LIMITED,CASANARE,TIERRA BLANCA,0,8,18,0,0,0,0,0,0,0,0,0
CASANARE,TAURAMENA,GEOPARK COLOMBIA PN S.A SUCURSAL COLOMBIA (Winchester),E&P LLANOS 34,TIGANA,4623,4519,4280,4019,3833,3792,3630,3325,4055,4780,5565,5921
CASANARE,TAURAMENA,GEOPARK COLOMBIA PN S.A SUCURSAL COLOMBIA (Winchester),E&P LLANOS 34,TIGANA NORTE,1927,2287,2666,3081,3055,3109,3096,3147,2537,1503,2397,2720
CASANARE,TAURAMENA,GEOPARK COLOMBIA PN S.A SUCURSAL COLOMBIA (Winchester),E&P LLANOS 34,TIGANA SUR,4464,4689,4883,4501,4695,4821,4764,4796,4815,4821,4717,3962
CASANARE,SAN LUIS DE PALENQUE,CNE OIL AND GAS S.A.S,E&P LLANOS 23,TIGRO,1111,1091,1087,866,583,401,335,270,136,105,79,76
CASANARE,SAN LUIS DE PALENQUE,ALANGE ENERGY CORP SUC COLOMBIA,E&E CUBIRO,TIJERETO,130,128,119,119,116,109,104,103,99,102,104,100
CASANARE,TAURAMENA,GEOPARK COLOMBIA PN S.A SUCURSAL COLOMBIA (Winchester),E&P LLANOS 34,TILO,0,153,92,866,945,952,845,947,1086,1403,1542,1526
CASANARE,YOPAL,COLOMBIA ENERGY DEVELOPMENT,CEE RIO VERDE,TILODIRAN,688,667,558,291,338,690,764,778,787,796,588,684
CESAR,SAN MARTÍN,ECOPETROL,TISQUIRAMA-C,TISQUIRAMA,1176,984,1191,1169,1054,992,939,1114,874,863,997,879
SANTANDER,MUNICIPIO NN SANTANDER,CONSORCIO CAMPOS DE PRODUCCION,Toca,TOCA,22,23,22,22,23,22,21,23,22,21,23,23
CASANARE,YOPAL,PERENCO COLOMBIA LIMITED,CASANARE,TOCARIA,947,1410,1220,1352,2086,2117,1515,1652,640,213,302,394
TOLIMA,ORTEGA,ECOPETROL ALTO MAGDALENA,ORTEGA,TOLDADO,774,785,771,759,805,785,733,703,685,725,234,0
TOLIMA,ORTEGA,HOCOL S.A.,ORTEGA HOCOL,TOLDADO,0,0,0,0,0,0,0,0,0,0,236,0
TOLIMA,PIEDRAS,HOCOL S.A.,PULI HOCOL,TOQUI-TOQUI,0,0,0,0,0,0,0,0,0,0,515,505
TOLIMA,PIEDRAS,INTEROIL COLOMBIA EXPLORATION AND PRODUCTION,PULI,TOQUI-TOQUI,518,583,622,627,583,573,551,547,554,553,0,0
CUNDINAMARCA,PUERTO SALGAR,CINCO RANCH PETROLEUM COLOMBIA INC SUCURSAL COLOMBIA,BOCACHICO,TORCAZ,36,36,36,36,36,36,36,36,36,35,35,34
CASANARE,YOPAL,PACIFIC STRATUS ENERGY,E&P LLANOS 19,TORMENTO,124,0,47,50,0,0,0,0,0,0,0,0
META,PUERTO GAITAN,CEPSA COLOMBIA S.A.,CARACARA,TORO SENTADO,392,399,394,384,362,346,339,311,367,428,383,323
META,PUERTO GAITAN,CEPSA COLOMBIA S.A.,CARACARA,TORO SENTADO NORTE,159,163,149,171,181,189,193,175,176,171,227,273
META,PUERTO GAITAN,CEPSA COLOMBIA S.A.,CARACARA,TORO SENTADO WEST,396,356,316,343,353,329,325,340,280,270,265,243
PUTUMAYO,MOCOA,ECOPETROL,SANTANA ECOPETROL,TOROYACO,0,0,0,0,0,0,36,223,229,259,209,254
PUTUMAYO,MOCOA,GRAN TIERRA ENERGY COLOMBIA LTD,SANTANA,TOROYACO,196,184,215,230,231,231,188,0,0,0,0,0
TOLIMA,ALVARADO,ECOPETROL ALTO MAGDALENA,ARMERO ECOPETROL,TOTARE,60,62,59,61,60,62,62,65,59,56,0,0
TOLIMA,ALVARADO,HOCOL S.A.,ARMERO HOCOL,TOTARE,0,0,0,0,0,0,0,0,0,0,63,63
TOLIMA,ORTEGA,ECOPETROL ALTO MAGDALENA,ORTEGA,TOY,61,121,122,113,107,115,111,105,110,111,33,0
CASANARE,TRINIDAD,PERENCO COLOMBIA LIMITED,YALEA,TRINIDAD,852,1051,1058,1043,1012,992,891,882,744,852,951,905
CASANARE,MANI,ECOPETROL,UPIA-ECOPETROL,TROMPILLOS,0,5,0,0,0,0,0,0,0,0,0,0
CASANARE,TAURAMENA,ECOPETROL,UPIA-ECOPETROL,TROMPILLOS,0,1,0,0,0,0,0,0,0,0,0,0
CASANARE,TAURAMENA,GEOPARK COLOMBIA PN S.A SUCURSAL COLOMBIA (Winchester),E&P LLANOS 34,TUA,7137,7518,9431,10550,11019,10742,10644,10380,10251,10711,10879,11124
CASANARE,OROCUE,PETROMINERALES COLOMBIA LTD,MAPACHE,TUCUSO,48,0,0,0,0,5,12,0,0,0,0,0
CASANARE,TRINIDAD,Lewis Energy Colombia,GUACHIRIA SUR,TULIPAN,350,0,0,0,0,0,0,0,0,0,0,0
BOYACA,PUERTO BOYACA,PANATLANTIC COLOMBIA LTD SUCURSAL EN COLOMBIA,TURPIAL,TURPIAL,0,0,0,0,64,0,64,206,226,161,0,0
ANTIOQUIA,PUERTO NARE,MANSAROVAR ENERGY COLOMBIA LTD,NARE ASOCIACION,UNDERRIVER,1565,1410,1349,1503,1565,1700,1495,1383,1394,1295,1134,1263
BOYACA,PUERTO BOYACA,MANSAROVAR ENERGY COLOMBIA LTD,NARE ASOCIACION,UNDERRIVER,2089,2008,1957,1928,1579,1756,2148,2013,1906,2129,2142,2144
META,PUERTO GAITAN,CEPSA COLOMBIA S.A.,CARACARA,UNUMA,489,472,430,404,361,282,249,123,236,212,199,43
META,PUERTO LOPEZ,ECOPETROL LLANOS,VALDIVIA ECOPETROL,VALDIVIA,236,232,251,245,248,250,255,249,239,231,227,225
BOYACA,PUERTO BOYACA,MANSAROVAR ENERGY COLOMBIA LTD,GUAGUAQUI TERAN,VELASQUEZ,3665,3704,3783,3675,3900,3744,3763,3759,3709,3780,3649,3464
CASANARE,YOPAL,EMERALD ENERGY  DE COLOMBIA PLC,CAMPO RICO,VIGIA,744,728,688,664,654,719,629,567,567,558,670,762
CASANARE,OROCUE,EMERALD ENERGY  DE COLOMBIA PLC,CAMPO RICO,VIGIA SUR,1273,1246,1224,1202,1217,1219,1205,1182,1179,1174,1174,1090
CASANARE,OROCUE,PERENCO COLOMBIA LIMITED,OROPENDOLA PERENCO,VIREO,317,313,247,237,231,203,210,207,207,199,193,187
CASANARE,YOPAL,EQUION ENERGIA LIMITED,RECETOR EQUION,VOLCANERA,0,44,1,0,0,0,0,0,0,0,0,0
HUILA,YAGUARA,ECOPETROL,HOBO ECOPETROL,YAGUARA,2335,2361,2120,2059,2105,2023,1951,1928,2076,2361,2402,2589
CASANARE,PAZ DE ARIPORO,PACIFIC STRATUS ENERGY,E&E ARRENDAJO,YAGUAZO,1501,1729,1895,2342,2637,2739,2782,3082,3075,3062,3502,3376
CASANARE,PAZ DE ARIPORO,GEOPARK COLOMBIA PN S.A SUCURSAL COLOMBIA (Winchester),YAMU,YAMÚ,66,64,59,3,0,0,0,0,0,0,0,11
BOLIVAR,CANTAGALLO,ECOPETROL,YARIGUI-CANTAGALLO,Yarigui-Cantagallo,2689,2753,2681,2585,2601,2684,2748,2816,2747,2770,2820,2793
BOLIVAR,CANTAGALLO,ECOPETROL,YARIGUI-CANTAGALLO INCREMENTAL,Yarigui-Cantagallo,6857,7110,7231,6945,7290,8112,9248,10244,9502,9716,10646,10308
SANTANDER,PUERTO WILCHES,ECOPETROL,YARIGUI-CANTAGALLO,Yarigui-Cantagallo,1878,1767,1792,1842,1780,1651,1542,1430,1455,1388,1295,1280
SANTANDER,PUERTO WILCHES,ECOPETROL,YARIGUI-CANTAGALLO INCREMENTAL,Yarigui-Cantagallo,4788,4564,4832,4948,4987,4988,5191,5204,5033,4866,4888,4724
META,CABUYARO,PETROMINERALES COLOMBIA LTD,GUATIQUIA,YATAY,1214,1240,1273,1236,1190,1012,955,890,922,908,921,885
CASANARE,MANI,PETROMINERALES COLOMBIA LTD,CASIMENA,YENAC,1633,1509,1446,1351,1301,1235,1268,1224,1186,1120,1173,1267
CASANARE,TRINIDAD,ALANGE ENERGY CORP SUC COLOMBIA,E&E CUBIRO,YOPO,376,620,578,388,290,284,245,186,175,150,137,136
PUTUMAYO,PUERTO CAICEDO,ECOPETROL D. SUR,ORITO,YURILLA,118,200,252,254,251,179,240,190,358,350,295,133
CESAR,SAN MARTÍN,PETROLEOS DEL NORTE S.A,E&P MIDAS,ZOE,13,0,9,1,0,0,5,0,6,0,4,2
CASANARE,OROCUE,GRUPO C&C ENERGÍA BARBADOS SUCURSAL COLOMBIA.,CRAVOVIEJO,ZOPILOTE,2824,2731,2686,2807,2730,2614,2484,2431,2373,2317,2232,2144
