CAMPO,CONTRATO,CUENCA,EMPRESA,DEPARTAMENTO,ENERO,FEBRERO,MARZO,ABRIL,MAYO,JUNIO,JULIO,AGOSTO,SEPTIEMBRE,OCTUBRE,NOVIEMBRE,DICIEMBRE
Abanico,Abanico,Valle Superior del Magdalena,PACIFIC STRATUS ENERGY,Tolima,1221,1259,1249,1221,1195,1113,1014,995,1015,1142,1148,1160
Abarco,Nare,Valle Medio del Magdalena,MANSAROVAR ENERGY COLOMBIA LTD.,Boyacá,5027,5051,5700,5654,5240,5066,5581,5648,5562,5960,6534,6279
Abedus,Cravoviejo,Llanos Orientales,C&C ENERGÍA,Casanare,0,0,0,34,4,0,5,19,0,0,0,0
Abejas,Estero,Llanos Orientales,PERENCO COLOMBIA LIMITED,Casanare,234,308,263,266,271,277,279,272,291,137,0,79
Acacia Este,Las Quinchas,Valle Medio del Magdalena,PACIFIC STRATUS ENERGY,Santander,0,0,4,4,5,5,4,5,4,3,4,5
Acaé Sur,Orito,Putumayo,ECOPETROL S.A.,Putumayo,1557,1960,1626,1962,1910,1596,1545,1293,1217,1523,844,1392
Acordionero,Midas,Llanos Orientales,UNION TEMPORAL MIDAS,Meta,0,0,0,0,0,0,309,74,1392,2433,2181,1983
Adalia,Llanos-30,Llanos Orientales,PAREX RESOURCES COLOMBIA,Casanare,0,0,0,170,0,464,296,582,1216,1097,920,793
Agapanto,Maranta,Putumayo,EMERALD ENERGY PLC SUCURSAL COLOMBIA,Putumayo,114,19,0,207,708,592,237,18,0,0,0,0
Aguas Blancas,De Mares,Valle Medio del Magdalena,ECOPETROL S.A.,Santander,22,23,20,21,16,22,22,22,22,21,22,23
Akacias,CPO-9,Llanos Orientales,ECOPETROL S.A.,Meta,2086,2004,2108,2000,1609,1571,1972,2597,2449,1499,4198,5350
Akira,Cabrestero,Llanos Orientales,CEPCOLSA,Casanare,156,227,202,202,311,209,364,251,209,26,314,501
Alborada,Orito,Putumayo,ECOPETROL S.A.,Putumayo,0,10,6,0,0,8,0,0,0,0,0,0
Alepe,Nashira,Llanos Orientales,SOGOMY ENERGY,Casanare,202,202,164,152,149,133,132,172,187,178,178,95
Altair,Altair,Llanos Orientales,INTEROIL COLOMBIA E&P,Casanare,200,196,195,185,179,172,165,161,154,145,144,140
Alva Sur,Nashira,Llanos Orientales,SOGOMY ENERGY,Casanare,71,74,49,0,0,0,0,0,0,0,0,0
Ambar,Quifa,Llanos Orientales,META PETROLEUM CORP.,Meta,2581,2621,3207,4164,3413,2773,2796,2736,2868,3256,3431,3106
Ambrosia,Ambrosia,Valle Superior del Magdalena,INTEROIL COLOMBIA E&P,Tolima,40,35,41,39,39,39,37,36,36,36,31,33
Andalucía Sur,Huila,Valle Superior del Magdalena,ECOPETROL S.A.,Huila,91,82,82,79,81,70,73,71,1968,73,69,61
Andaluz,Jagueyes 3432-B,Llanos Orientales,TABASCO OIL COMPANY,Casanare,0,0,41,11,51,60,119,18,0,0,1,33
Apamate,La Creciente,Valle Inferior del Magdalena,PACIFIC STRATUS ENERGY,Sucre,0,0,0,0,0,0.03,1,1,1,0,0,0
Apiay,Apiay,Llanos Orientales,ECOPETROL S.A.,Meta,6999,7442,7167,6515,6661,6591,6558,6686,6052,5998,6034,5890
Apiay Este,Apiay,Llanos Orientales,ECOPETROL S.A.,Meta,482,486,364,338,213,258,169,177,283,266,260,477
Araguato,Chipiron,Llanos Orientales,OCCIDENTAL DE COLOMBIA LLC,Arauca,257,166,205,249,258,106,232,280,238,129,263,215
Arauca,Arauca,Llanos Orientales,ECOPETROL S.A.,Arauca,253,251,250,243,227,130,83,80,78,74,76,132
Arauco,Cubiro,Llanos Orientales,ALANGE ENERGY,Casanare,361,350,340,364,362,344,254,163,238,266,316,324
Área Teca - Cocorna,Cocorna,Valle Medio del Magdalena,ECOPETROL S.A.,Antioquia,1486,1436,1439,1389,1474,1453,1481,1461,1532,1503,1513,1499
Arrayan,Pijao Potrerillo,Valle Superior del Magdalena,ECOPETROL S.A.,Huila,1112,2013,1984,1978,1946,1973,1973,1962,1954,1957,2081,2077
Atarraya,CPO-7,Llanos Orientales,TECPETROL COLOMBIA S.A.S.,Meta,863,844,906,724,618,543,977,1475,1689,1607,1449,1513
Aullador,Playón,Valle Medio del Magdalena,ECOPETROL S.A.,Santander,0,0,64,120,180,232,177,302,55,0,0,0
Aureliano,Fortuna,Valle Medio del Magdalena,EMERALD ENERGY PLC SUCURSAL COLOMBIA,Cesar,0,0,0,4,0,0,0,0,0,0,0,3
Austral,Suria,Llanos Orientales,ECOPETROL S.A.,Meta,4,0,0,0,0,0,0,0,0,1,1,0
Azor,Arrendajo,Llanos Orientales,PACIFIC STRATUS ENERGY,Casanare,1595,1370,1243,1127,1446,1342,1619,1488,1426,1403,1390,1378
Balay,El Balay,Llanos Orientales,PETROBRAS COLOMBIA LIMITED,Casanare,783,1385,1490,1462,1353,1050,1314,987,749,578,339,428
Balcón,Palermo,Valle Superior del Magdalena,HOCOL S.A.,Huila,1956,1923,1849,1744,1760,1702,1713,1652,1632,1450,1701,1695
Bandola,Llanos-32,Llanos Orientales,P1 ENERGY DELTA CORP.,Casanare,0,0,0,1797,2422,2299,1482,705,982,532,694,1010
Barquereña,Casanare,Llanos Orientales,PERENCO COLOMBIA LIMITED,Casanare,220,198,180,157,287,291,336,332,376,369,301,395
Barrancas Lebrija,Barranca Lebrija CDND,Valle Medio del Magdalena,UNION TEMPORAL MOCAN S.A.S,Santander,12,10,11,11,10,11,11,10,9,11,9,10
Bastidas,Cravoviejo,Llanos Orientales,C&C ENERGÍA,Casanare,517,487,516,590,408,579,666,477,545,501,459,567
Baúl,Las Quinchas,Valle Medio del Magdalena,PACIFIC STRATUS ENERGY,Santander,0,0,32,51,49,44,40,38,35,33,31,31
Boa,Corcel,Llanos Orientales,PETROMINERALES COLOMBIA LTD.,Meta,0,0,0,0,0,0,0,0.6,0,0,0,0
Bolívar - Buenavista,Buenavista,Cordillera Oriental,UNION TEMPORAL OMEGA ENERGY,Boyacá,66,63,62,61,63,62,61,58,56,55,55,55
Bonanza,Provincia,Valle Medio del Magdalena,ECOPETROL S.A.,Santander,1419,1351,1190,1269,1311,1245,1261,1293,1263,1195,1130,1227
Boquete,Cicuco Boquete,Valle Inferior del Magdalena,ECOPETROL S.A.,Bolívar,0,0,0,0,0,0,40,61,107,139,124,134
Boral,CEE Río Verde,Llanos Orientales,COLOMBIA ENERGY DEVELOPMENT CO.,Casanare,97,94,88,87,87,85,81,78,82,82,82,81
Brillante,Sierra Nevada,Valle Inferior del Magdalena,PETROLIFERA,Magdalena,0,0,0,0,1,2,2,0,0,0,0,0
Brisas,Neiva,Valle Superior del Magdalena,ECOPETROL S.A.,Huila,242,287,290,264,288,288,270,275,253,242,259,274
Burdine,Nancy-Burdine-Maxine,Putumayo,UNION TEMPORAL II&B,Putumayo,117,2,0,68,35,8,40,42,7,0,0,74
Cabiona,Cabiona,Llanos Orientales,NEW GRANADA ENERGY CO.,Meta,889,840,809,795,791,709,677,697,724,696,678,857
Cachicamo - Andarrios,Cachicamo,Llanos Orientales,C&C ENERGÍA,Casanare,189,178,182,149,146,516,469,416,351,385,364,373
Caipal,Ermitaño,Valle Medio del Magdalena,ECOPETROL S.A.,Boyacá,496,483,485,476,480,483,499,530,514,520,490,505
Cajaro,Alcaravan,Llanos Orientales,COLOMBIA ENERGY DEVELOPMENT CO.,Casanare,0,0,0,4,0,0,0,0,0,0,0,0
Calacho,Llanos-21,Llanos Orientales,OMEGA ENERGY COLOMBIA,Casanare,0,0,0,0,6,0,0,0,0,0,0,0
Calamaro,Rondon,Llanos Orientales,OCCIDENTAL DE COLOMBIA LLC,Arauca,4277,2591,4141,0,0,0,0,0,0,0,0,0
Camoa,Camoa,Llanos Orientales,DRILLING AND WORKOVER SERVICES LTDA.,Meta,81,73,74,69,73,74,47,0,0,0,0,0
Campo Rico,Campo Rico,Llanos Orientales,EMERALD ENERGY PLC SUCURSAL COLOMBIA,Casanare,639,645,624,578,549,534,581,585,565,560,561,545
Canacabare,Alcaravan,Llanos Orientales,COLOMBIA ENERGY DEVELOPMENT CO.,Casanare,83,84,77,80,86,45,71,67,65,69,68,67
Canaguaro,Canaguaro,Llanos Orientales,CLEAN ENERGY RESOURCES S.A.,Casanare,465,330,487,476,416,263,0,1,39,0,0,0
Canaguey,Cosecha,Llanos Orientales,OCCIDENTAL DE COLOMBIA LLC,Arauca,3927,2152,3363,3791,3650,1353,2584,3505,2932,1843,3050,3114
Candalay,Garcero,Llanos Orientales,PERENCO COLOMBIA LIMITED,Casanare,23,23,21,21,21,22,21,22,22,20,0,0
Candelilla,Guatiquia,Llanos Orientales,PETROMINERALES COLOMBIA LTD.,Meta,4276,4251,4186,3816,3769,3687,3540,3526,3541,3546,3541,3417
Caño Duya,Corocora,Llanos Orientales,PERENCO COLOMBIA LIMITED,Casanare,80,81,80,82,77,74,61,61,51,46,2,0
Caño Gandul,Corocora,Llanos Orientales,PERENCO COLOMBIA LIMITED,Casanare,346,364,361,365,367,359,352,347,354,341,68,319
Caño Garza,Casanare,Llanos Orientales,PERENCO COLOMBIA LIMITED,Casanare,113,114,107,100,108,105,107,132,107,102,97,95
Caño Garza Este,Casanare,Llanos Orientales,PERENCO COLOMBIA LIMITED,Casanare,120,110,117,115,113,84,33,36,30,27,31,30
Caño Garza Norte,Casanare,Llanos Orientales,PERENCO COLOMBIA LIMITED,Casanare,452,500,486,472,452,444,440,423,417,415,409,383
Caño Limón,Cravo Norte,Llanos Orientales,OCCIDENTAL DE COLOMBIA LLC,Arauca,36310,25114,31514,35837,36320,14260,33257,36294,30615,17478,34662,30221
Caño Rondón,Rondon,Llanos Orientales,OCCIDENTAL DE COLOMBIA LLC,Arauca,620,364,467,7590,7960,3932,8323,9147,9242,7550,10187,8822
Caño Rondón Este,Rondon,Llanos Orientales,OCCIDENTAL DE COLOMBIA LLC,Arauca,1996,932,1116,0,0,0,0,0,0,0,0,0
Caño Yarumal,Cravo Norte,Llanos Orientales,OCCIDENTAL DE COLOMBIA LLC,Arauca,6898,4854,5917,6796,7053,2641,6009,6948,5645,2716,6691,5402
Capella,Ombu,Llanos Orientales,EMERALD ENERGY PLC SUCURSAL COLOMBIA,N.D.,2610,2330,1167,2367,1517,1952,2364,1278,135,2154,2254,2373
Capybara,Castor,Llanos Orientales,PETROMINERALES COLOMBIA LTD.,Casanare,134,130,92,94,100,9,0,0,0,0,0,2
Caracara,Caracara,Llanos Orientales,CEPCOLSA,Meta,10708,10097,9620,9451,9324,9580,9817,9655,9544,9692,9534,10217
Carbonera La Silla,Carbonera La Silla,Catatumbo,MOMPOS OIL COMPANY INC.,Norte de Santander,20,21,21,24,25,20,4,27,22,14,21,19
Careto,Cubiro,Llanos Orientales,ALANGE ENERGY,Casanare,470,435,330,382,365,372,298,280,332,336,346,891
Caribe,Orito,Putumayo,ECOPETROL S.A.,Putumayo,678,693,491,1201,1382,1608,1495,1722,1533,1507,1378,982
Caricare,Rondon,Llanos Orientales,OCCIDENTAL DE COLOMBIA LLC,Arauca,7940,4598,11588,12145,10515,4565,7576,8906,6484,3870,7573,7530
Carrizales,Cravoviejo,Llanos Orientales,C&C ENERGÍA,Casanare,3415,3249,3282,3241,3057,3104,3104,3007,2856,2885,2860,3065
Carupana,Yamu,Llanos Orientales,GEOPARK COLOMBIA PN S.A,Casanare,585,609,595,561,525,450,375,415,349,347,332,336
Caruto,Corcel,Llanos Orientales,PETROMINERALES COLOMBIA LTD.,Casanare,623,615,665,498,639,573,861,853,842,833,826,820
Casabe,Casabe,Valle Medio del Magdalena,ECOPETROL S.A.,Antioquia,20218,18465,17998,18533,18518,18538,18131,17854,18041,17235,16644,17475
Casabe Sur,Casabe,Valle Medio del Magdalena,ECOPETROL S.A.,Antioquia,3793,4852,5054,4980,4790,4805,4361,4011,4252,4427,4033,3960
Castilla,Cubarral,Llanos Orientales,ECOPETROL S.A.,Meta,67868,70704,68041,60985,65974,66711,66042,65337,59299,58884,57435,58811
Castilla Este,Castilla,Llanos Orientales,ECOPETROL S.A.,Meta,632,630,598,544,567,567,635,660,574,597,628,623
Castilla Norte,Castilla,Llanos Orientales,ECOPETROL S.A.,Meta,50594,51378,50769,46735,51137,49918,49136,49516,44697,44460,45754,47298
Catalina,Bolivar,Valle Medio del Magdalena,COLOMBIA ENERGY DEVELOPMENT CO.,Cesar,37,34,28,31,27,25,23,19,0,0,0,0
Cebú,Neiva,Valle Superior del Magdalena,ECOPETROL S.A.,Huila,305,282,146,138,150,133,160,137,144,112,139,115
Celeus,Llanos-17,Llanos Orientales,PAREX RESOURCES COLOMBIA,Casanare,0,0,0,0,0,0,0,0,147,564,439,475
Cencella,Orito,Putumayo,ECOPETROL S.A.,Putumayo,0,94,18,31,135,131,129,66,15,122,126,9
Centauro Sur,Campo Rico,Llanos Orientales,EMERALD ENERGY PLC SUCURSAL COLOMBIA,Casanare,575,586,582,440,367,381,365,362,323,307,291,276
Cernicalo,Cubiro,Llanos Orientales,ALANGE ENERGY,Casanare,113,239,264,226,65,0,102,534,520,519,849,726
Cerro Gordo,Carbonera,Catatumbo,WELL LOGGING,Norte de Santander,2,2,1,3,1,3,3,1,1,3,1,1
Chaman,Sabanero,Llanos Orientales,MAUREL & PROM COLOMBIA B.V.,Meta,62,49,35,30,39,24,25,33,22,26,45,57
Chaparrito,Estero,Llanos Orientales,PERENCO COLOMBIA LIMITED,Casanare,201,219,219,217,213,208,211,217,204,212,212,180
Chenche,Chenche,Valle Superior del Magdalena,VETRA EXPLORACION Y PRODUCCION COLOMBIA S.A.S,Tolima,42,42,19,0,0,0,0,0,0,0,0,0
Chicalá,Nare,Valle Medio del Magdalena,MANSAROVAR ENERGY COLOMBIA LTD.,Santander,72,70,78,150,135,111,64,77,85,54,114,106
Chichimene,Cubarral,Llanos Orientales,ECOPETROL S.A.,Meta,39230,43325,45772,40026,39241,35600,41516,44285,38877,40091,37022,33752
Chichimene SW,Cubarral,Llanos Orientales,ECOPETROL S.A.,Meta,10668,10909,12698,11931,11952,10493,15726,16490,15076,15380,14229,13133
Chipiron,Chipiron,Llanos Orientales,OCCIDENTAL DE COLOMBIA LLC,Arauca,2952,2688,2539,2994,3030,1689,2698,2794,2824,2053,2448,2475
Chuira,Midas,Valle Medio del Magdalena,UNION TEMPORAL MIDAS,Cesar,34,30,29,27,20,18,2,14,32,31,25,23
Churuyaco,Area Occidental,Putumayo,ECOPETROL S.A.,Putumayo,0,0,0,0,420,379,264,185,22,0,3,77
Cicuco,Cicuco Boquete,Valle Inferior del Magdalena,ECOPETROL S.A.,Bolívar,784,800,802,705,675,688,695,736,739,746,737,740
Ciriguelo,Cachicamo,Llanos Orientales,C&C ENERGÍA,Casanare,192,194,178,177,278,340,376,402,316,316,328,359
Clarinero,Clarinero,Llanos Orientales,HOCOL S.A.,Casanare,0,0,0,0,0,0,2,0,0,0,0,0
Coatí,Coatí,Caguan Putumayo,C&C ENERGÍA,Putumayo,0,0,0,0,0,0,0,0,28,0,0,0
Cobra,Corcel,Llanos Orientales,PETROMINERALES COLOMBIA LTD.,Meta,785,671,546,621,577,499,446,440,365,347,349,352
Cohembí,CPI Suroriente,Putumayo,VETRA EXPLORACION Y PRODUCCION COLOMBIA S.A.S,Putumayo,6885,6892,5863,8585,10184,9595,10110,6756,7265,12174,9565,9829
Colón,La Paloma,Valle Medio del Magdalena,UNION TEMPORAL PETROCARIBE S.A,Santander,457,453,417,458,349,405,472,435,237,401,508,249
Colorado,De Mares,Valle Medio del Magdalena,ECOPETROL S.A.,Santander,250,246,130,153,0.4,0,0,0,0,0,0,0
Copa,Cubiro,Llanos Orientales,ALANGE ENERGY,Casanare,848,847,974,873,857,755,715,725,849,1073,1049,1253
Copa A Norte,Cubiro,Llanos Orientales,ALANGE ENERGY,Casanare,0,0,0,454,1142,1068,987,892,1364,1177,1000,979
Copa A Sur,Cubiro,Llanos Orientales,ALANGE ENERGY,Casanare,830,1972,2058,2265,2024,2253,1984,1798,1491,1242,1132,1063
Copa B,Cubiro,Llanos Orientales,ALANGE ENERGY,Casanare,968,833,596,674,606,562,493,426,575,714,693,575
Copa C,Cubiro,Llanos Orientales,ALANGE ENERGY,Casanare,0,0,0,0,0,0,0,78,369,149,496,696
Copa D,Cubiro,Llanos Orientales,ALANGE ENERGY,Casanare,0,0,0,742,1413,1370,1632,1057,1264,1485,2257,2302
Corazon,Las Monas,Valle Medio del Magdalena,PETROSANTANDER (COLOMBIA INC),Santander,62,60,53,41,49,56,50,51,55,53,53,54
Corazon West,Las Monas,Valle Medio del Magdalena,PETROSANTANDER (COLOMBIA INC),Santander,321,300,296,304,291,283,292,268,268,258,254,250
Corcel A,Corcel,Llanos Orientales,PETROMINERALES COLOMBIA LTD.,Meta,264,271,274,275,243,200,186,190,171,193,54,75
Corcel C,Corcel,Llanos Orientales,PETROMINERALES COLOMBIA LTD.,Meta,1318,1298,1263,1224,1156,1131,1110,1101,1036,956,892,869
Corcel D,Corcel,Llanos Orientales,PETROMINERALES COLOMBIA LTD.,Meta,462,459,465,454,416,408,414,423,423,429,426,431
Corcel E,Corcel,Llanos Orientales,PETROMINERALES COLOMBIA LTD.,Meta,922,917,912,915,905,892,882,870,858,832,827,811
Coren,Corocora,Llanos Orientales,PERENCO COLOMBIA LIMITED,Casanare,165,164,153,162,161,158,162,155,158,162,158,155
Corocora,Corocora,Llanos Orientales,PERENCO COLOMBIA LIMITED,Casanare,815,809,788,773,757,738,741,615,502,499,498,483
Corrales,Buenavista,Cordillera Oriental,UNION TEMPORAL OMEGA ENERGY,Boyacá,1714,1644,1583,1528,1478,1498,1429,1364,1208,841,1089,1036
Costayaco,Chaza,Putumayo,GRAN TIERRA ENERGY COLOMBIA LTD,Putumayo,18147,19250,19620,18381,19423,19145,19774,19454,17617,18106,17880,16688
Cravo Este,Casanare,Llanos Orientales,PERENCO COLOMBIA LIMITED,Casanare,642,699,676,579,549,720,626,582,542,548,533,488
Cristalina,Cristalina,Valle Medio del Magdalena,ECOPETROL S.A.,Santander,133,126,127,122,114,92,59,90,127,157,148,144
CSE-8,Caño Sur,Llanos Orientales,ECOPETROL S.A.,Meta,549,361,244,196,162,152,128,126,120,2,0,0
Cubarro,Tiple,Llanos Orientales,CEPCOLSA,Casanare,0,0,0,0,7,45,0,0,0,0,0,0
Cuerva Este,La Cuerva,Llanos Orientales,HUPECOL LLC,Casanare,0,0,15,63,76,58,55,53,49,31,27,26
Cuerva Noroeste,La Cuerva,Llanos Orientales,HUPECOL LLC,Casanare,0,0,265,180,202,186,188,201,194,138,189,181
Cuerva Oeste,La Cuerva,Llanos Orientales,HUPECOL LLC,Casanare,1273,1297,1240,1162,1379,1601,1531,1575,1488,1224,1296,1209
Cuerva Sur,La Cuerva,Llanos Orientales,HUPECOL LLC,Casanare,416,383,390,371,368,359,314,313,285,274,244,239
Cuerva Suroeste,La Cuerva,Llanos Orientales,HUPECOL LLC,Casanare,32,98,97,94,32,77,83,88,85,70,34,48
Cumbre,Llanos 20,Llanos Orientales,PAREX RESOURCES COLOMBIA,Casanare,762,746,684,643,590,560,599,488,440,361,317,287
Cupiagua,Operación Directa Cupiagua,Llanos Orientales,ECOPETROL S.A.,Casanare,11985,11320,10172,10951,8833,11845,11003,11694,11604,11671,10600,10228
Cupiagua,Recetor,Llanos Orientales,EQUION ENERGIA LTD.,Casanare,4697,4767,4887,4152,3919,4779,5115,4745,4690,4824,4713,4273
Cupiagua Sur,Operación Directa Cupiagua,Llanos Orientales,ECOPETROL S.A.,Casanare,8205,7955,7395,7194,7111,7044,6515,6379,6289,7299,6570,5845
Curiara,El Portón,Llanos Orientales,CEPCOLSA,Casanare,0,0,0,0,39,0,0,0,0,0,0,0
Curito,Casanare Este,Llanos Orientales,PETROMINERALES COLOMBIA LTD.,Casanare,0,0,0,0,18,1747,2809,2813,2584,4462,7377,8322
Cusiana,Río Chitamena/Tauramena,Llanos Orientales,EQUION ENERGIA LTD.,Casanare,6636,5679,8368,8086,7458,7731,7681,7030,7408,5959,6566,6196
Cusiana,Cusiana Norte,Llanos Orientales,ECOPETROL S.A.,Casanare,6132,5987,5536,5766,5423,5247,5479,6359,5907,4923,5112,5129
Cusuco,CPO-10,Llanos Orientales,ECOPETROL S.A.,Meta,0,0,0,0,46,0,0,0,0,0,0,0
Delta,Buganviles,Valle Superior del Magdalena,PACIFIC STRATUS ENERGY,Tolima,16,16,16,15,13,13,11,10,10,8,9,9
Dina Cretáceos,Neiva,Valle Superior del Magdalena,ECOPETROL S.A.,Huila,566,571,539,451,473,502,513,501,506,528,483,541
Dina Terciarios,Neiva,Valle Superior del Magdalena,ECOPETROL S.A.,Huila,5594,5743,5824,5852,5354,5345,5366,5435,5507,5512,5213,5240
Disa,Mapache,Llanos Orientales,PETROMINERALES COLOMBIA LTD.,Casanare,565,732,699,686,644,75,0,0,0,0,0,0
Doña María,Lebrija,Valle Medio del Magdalena,PETROLEOS DEL NORTE S.A.,Cesar,31,31,31,32,30,31,30,30,30,30,30,30
Dorcas,CPO-17,Llanos Orientales,HOCOL S.A.,Meta,0,0,0,32,19,0,0,0,8,29,25,99
Dorotea A,Dorotea,Llanos Orientales,NEW GRANADA ENERGY CO.,Casanare,8,5,7,7,7,5,5,5,5,4,5,4
Dorotea B,Dorotea,Llanos Orientales,NEW GRANADA ENERGY CO.,Casanare,7847,5288,7364,8382,9574,8801,8719,8923,8991,8696,7888,7389
Elizita,Caracara,Llanos Orientales,CEPCOLSA,Meta,2197,2099,2184,2122,2044,2007,1869,1931,1852,1413,1976,2020
Embrujo,Caño Sur,Llanos Orientales,ECOPETROL S.A.,Meta,0,33,6,37,0,0,0,0,0,0,0,0
Entrerrios,Entrerrios CDNDCI,Llanos Orientales,CANACOL ENERGY COLOMBIA S.A.,Casanare,180,184,161,165,176,114,122,183,271,576,656,604
Espino,Area Río Ceibas,Valle Superior del Magdalena,ECOPETROL S.A.,Huila,18,20,21,18,19,19,18,17,19,19,16,16
Estero,Alcaravan,Llanos Orientales,COLOMBIA ENERGY DEVELOPMENT CO.,Casanare,194,192,180,170,170,167,162,147,113,112,115,120
Fauno,Caño Sur,Llanos Orientales,ECOPETROL S.A.,Meta,191,221,333,537,515,617,651,826,714,856,899,862
Fénix,Fénix,Valle Medio del Magdalena,AMERISUR EXPLORACION COLOMBIA,Santander,2,1,1,1,1,2,0.42,0,3,0,1,0
Flami,Llanos 27,Llanos Orientales,NCT ENERGY GROUP,Casanare,474,426,389,354,318,294,273,258,244,230,222,217
Floreña,Piedemonte,Llanos Orientales,EQUION ENERGIA LTD.,Casanare,8287,6871,6652,6604,6202,6077,6127,5826,5820,5564,5703,5283
Fontana,Caño Sur,Llanos Orientales,ECOPETROL S.A.,Meta,0,0,0.06,1,0,0,0,0,0,0,0,0
Gala,De Mares,Valle Medio del Magdalena,ECOPETROL S.A.,Santander,1724,1715,1635,1641,1694,1914,2111,2317,2305,2673,2629,2623
Galán,De Mares,Valle Medio del Magdalena,ECOPETROL S.A.,Santander,918,945,907,904,843,835,880,863,806,787,736,711
Garzas,Yarigui-Garzas,Valle Medio del Magdalena,ECOPETROL S.A.,Santander,582,576,571,552,554,525,521,506,489,471,473,426
Garzas Doradas,Las Garzas,Llanos Orientales,NEW GRANADA ENERGY CO.,Vichada,174,172,170,175,148,166,155,61,0,0,54,153
Gavan,Apiay,Llanos Orientales,ECOPETROL S.A.,Meta,2877,2805,2828,2751,2467,2839,2679,3254,3644,3320,3042,3089
Gemar,Cravoviejo,Llanos Orientales,C&C ENERGÍA,Casanare,0,0,0,0,0,0,0,0,0,0,0,7
Gigante,Matambo,Valle Superior del Magdalena,EMERALD ENERGY PLC SUCURSAL COLOMBIA,Huila,1249,1009,759,1110,1214,1012,1159,1539,386,368,533,600
Girasol,Nare,Valle Medio del Magdalena,MANSAROVAR ENERGY COLOMBIA LTD.,Boyacá,6055,6002,5966,5992,6010,5877,5773,5935,6164,6004,5881,6105
Greta Oto,Cachicamo,Llanos Orientales,C&C ENERGÍA,Casanare,450,563,653,798,756,704,603,533,529,501,466,444
Guacharaca,Cachicamo,Llanos Orientales,C&C ENERGÍA,Casanare,491,392,361,306,189,312,562,697,822,1130,944,643
Guaduas,Dindal / Rio Seco,Valle Medio del Magdalena,PACIFIC STRATUS ENERGY,Cundinamarca,900,790,646,631,608,583,499,494,480,473,449,418
Guahibos,Guachiria,Llanos Orientales,LEWIS ENERGY COLOMBIA INC.,Casanare,139,145,132,138,130,122,115,109,107,96,91,89
Guainiz,CPO-10,Llanos Orientales,ECOPETROL S.A.,Meta,0,0,0,0,0,0,0,83,0,0,0,0
Guala,Corcel,Llanos Orientales,PETROMINERALES COLOMBIA LTD.,Meta,541,517,485,220,255,233,233,223,205,200,194,188
Guanapalo,Estero,Llanos Orientales,PERENCO COLOMBIA LIMITED,Casanare,104,109,118,113,120,117,112,113,111,84,2,2
Guando,Boqueron,Valle Superior del Magdalena,PETROBRAS COLOMBIA LIMITED,Tolima,13551,13348,12222,12691,12767,12735,12592,12323,12142,11528,10512,11119
Guarilaque,Orocue,Llanos Orientales,PERENCO COLOMBIA LIMITED,Casanare,1949,1895,1863,1840,1752,1731,1732,1722,1700,1703,1965,1859
Guariquies,De Mares,Valle Medio del Magdalena,ECOPETROL S.A.,Santander,35,1,22,34,30,34,34,35,30,28,28,26
Guarrojo,Guarrojo,Llanos Orientales,HOCOL S.A.,Meta,695,646,647,322,645,647,744,905,823,766,874,862
Guasar,Garcero,Llanos Orientales,PERENCO COLOMBIA LIMITED,Casanare,744,734,738,772,753,774,778,785,661,722,583,569
Guatiquía,Apiay,Llanos Orientales,ECOPETROL S.A.,Meta,4303,4030,3967,3929,3931,4008,4396,4397,4605,5081,4741,4795
Guayuriba,Suria,Llanos Orientales,ECOPETROL S.A.,Meta,21,12,0,138,34,10,13,14,0,0,1,4
Guayuyaco,Guayuyaco,Putumayo,GRAN TIERRA ENERGY COLOMBIA LTD,Cauca,544,553,349,362,483,476,460,400,388,469,459,447
Hato Nuevo,Alto Magdalena,Valle Superior del Magdalena,ECOPETROL S.A.,Huila,0,0,0,0,0,0,0,0,0,0,157,263
Heredia,Cravoviejo,Llanos Orientales,C&C ENERGÍA,Casanare,290,258,244,199,166,189,172,157,144,130,124,147
Hoatzin,Cachicamo,Llanos Orientales,C&C ENERGÍA,Casanare,1141,1132,993,985,845,999,909,941,983,931,882,831
Hormiga,Orito,Putumayo,ECOPETROL S.A.,Putumayo,103,15,114,117,110,95,64,37,78,104,72,26
Hurón,Niscota,Llanos Orientales,EQUION ENERGIA LTD.,Casanare,0,0,14,206,308,267,0,0,0,0,0,0
Infantas,De Mares,Valle Medio del Magdalena,ECOPETROL S.A.,Santander,8675,8852,9145,9189,8879,9114,9308,9585,9386,9567,9825,10159
Jaguar SW,Caracara,Llanos Orientales,CEPCOLSA,Meta,1052,976,831,986,1098,1520,1501,1526,1542,1598,1483,2223
Java,Llanos 16,Llanos Orientales,PAREX RESOURCES COLOMBIA,Casanare,351,195,236,245,221,107,0,0,0,0,0,0
Jazmín,Nare,Valle Medio del Magdalena,MANSAROVAR ENERGY COLOMBIA LTD.,Boyacá,7252,7265,7217,7229,7110,6806,6901,7012,7206,6989,6830,6639
Jiba,Chipiron,Llanos Orientales,OCCIDENTAL DE COLOMBIA LLC,Arauca,497,14,23,23,21,5,0,0,0,0,0,0
Jiba Unificado,Chipiron,Llanos Orientales,OCCIDENTAL DE COLOMBIA LLC,Arauca,473,298,434,430,246,76,180,216,181,373,594,470
Jilguero,Garibay,Llanos Orientales,CEPCOLSA,Casanare,1244,1235,1212,1204,1206,1146,1150,984,1151,1206,1229,1165
Jilguero Sur,Tiple,Llanos Orientales,CEPCOLSA,Casanare,1328,1340,1359,1282,1193,1133,1014,596,844,831,803,769
Jorcan,Garcero,Llanos Orientales,PERENCO COLOMBIA LIMITED,Casanare,19,18,17,18,20,19,15,18,18,16,0,0
Jordan,Garcero,Llanos Orientales,PERENCO COLOMBIA LIMITED,Casanare,813,807,770,719,694,686,656,638,614,575,570,539
Juanambu,Guayuyaco,Putumayo,GRAN TIERRA ENERGY COLOMBIA LTD,Putumayo,1056,892,1205,1217,1263,1290,1248,1222,1180,1120,985,938
Juglar,La Paloma,Valle Medio del Magdalena,UNION TEMPORAL PETROCARIBE S.A,Santander,251,202,217,219,208,153,106,239,253,209,247,252
Kamal,CPO-5,Llanos Orientales,ONGC VIDESH LIMITED,Meta,0,0,0,0,0,2,0,0,0,0,0,0
Kitaro,Cabrestero,Llanos Orientales,CEPCOLSA,Casanare,719,808,659,310,150,120,6,0,0,0,0,0
Kona,Llanos 16,Llanos Orientales,PAREX RESOURCES COLOMBIA,Casanare,5104,5677,5815,5240,4914,5050,4263,4028,3854,3677,3349,3500
La Cañada Norte,San Jacinto,Valle Superior del Magdalena,HOCOL S.A.,Huila,1827,1849,1577,1810,1776,1683,1691,1818,1803,1837,1809,1876
La Casona,El Eden,Llanos Orientales,PAREX RESOURCES COLOMBIA,Casanare,0,220,142,0,0,0,0,0,0,0,0,470
La Cira,La Cira Infantas,Valle Medio del Magdalena,ECOPETROL S.A.,Santander,27910,27322,26449,26702,26618,26637,26076,27005,27120,28043,28765,29665
La Creciente A,La Creciente,Valle Inferior del Magdalena,PACIFIC STRATUS ENERGY,Sucre,31,27,28,23,22,20,14,21,21,19,17,18
La Creciente D,La Creciente,Valle Inferior del Magdalena,PACIFIC STRATUS ENERGY,Sucre,0,1,0,0,1,1,0.26,1,0,4,6,8
La Flora,Casanare,Llanos Orientales,PERENCO COLOMBIA LIMITED,Casanare,331,261,371,399,0,0,0,31,382,416,396,404
La Gloria,Casanare,Llanos Orientales,PERENCO COLOMBIA LIMITED,Casanare,2439,2369,2290,2260,2270,2184,2988,2772,2505,3186,2786,2963
La Gloria Norte,Casanare,Llanos Orientales,PERENCO COLOMBIA LIMITED,Casanare,268,229,314,309,273,318,299,270,752,1486,1919,1960
La Guira,Los Ocarros,Llanos Orientales,PAREX RESOURCES COLOMBIA,Casanare,0,0,0,0,0,0,0,0,0,2,23,0
La Hocha,Río Paez,Valle Superior del Magdalena,HOCOL S.A.,Huila,1520,1418,1556,1666,1754,1670,1461,1505,1604,1692,1598,1462
La Jagua,CEE La Jagua,Valle Superior del Magdalena,ECOPETROL S.A.,Huila,49,50,52,55,49,48,49,45,46,43,40,44
La Punta,La Punta CDNDCI,Llanos Orientales,VETRA EXPLORACION Y PRODUCCION COLOMBIA S.A.S,Casanare,1709,1641,1523,1469,1399,1057,1003,1055,1057,1098,1047,900
La Reforma,Apiay,Llanos Orientales,ECOPETROL S.A.,Meta,0,0,0,0,0,0,0,0,0,0,39,31
La Rompida,La Rompida,Valle Medio del Magdalena,ECOPETROL S.A.,Antioquia,0,0,0,0,0,0,0,0,53,23,0,0
La Salina,Las Monas,Valle Medio del Magdalena,PETROSANTANDER (COLOMBIA INC),Santander,2162,2220,2182,2203,2225,2198,2243,2269,2233,2453,2426,2498
Labrador,Llanos 23,Llanos Orientales,CANACOL ENERGY COLOMBIA S.A.,Casanare,1490,1454,1395,1351,1911,3243,3979,3630,3729,3853,4477,5001
Las Acacias,Campo Rico,Llanos Orientales,EMERALD ENERGY PLC SUCURSAL COLOMBIA,Casanare,219,208,190,153,135,185,163,178,159,144,144,133
Las Maracas,Los Ocarros,Llanos Orientales,PAREX RESOURCES COLOMBIA,Casanare,8227,8923,8146,8711,9809,10598,10912,11698,12200,12450,12471,12144
Leona A,Leona,Llanos Orientales,NEW GRANADA ENERGY CO.,Casanare,0,0,0,88,46,8,0,0,0,0,1,0
Leona A Sur,Leona,Llanos Orientales,NEW GRANADA ENERGY CO.,Casanare,0,0,0,0,0,0,0,0,14,30,13,0
Leona B,Leona,Llanos Orientales,NEW GRANADA ENERGY CO.,Casanare,55,52,127,146,143,128,101,91,94,91,86,83
Leona B Norte,Leona,Llanos Orientales,NEW GRANADA ENERGY CO.,Casanare,0,0,197,138,114,46,7,90,69,57,52,45
Leona B Sur,Leona,Llanos Orientales,NEW GRANADA ENERGY CO.,Casanare,63,74,235,215,195,274,428,352,69,13,272,313
Leona C,Leona,Llanos Orientales,NEW GRANADA ENERGY CO.,Casanare,239,131,158,149,123,95,101,123,23,0,261,161
Leono,Llanos 23,Llanos Orientales,CANACOL ENERGY COLOMBIA S.A.,Casanare,0,0,0,0,0,0,0,0,0,0,0,556
Libertad,Apiay,Llanos Orientales,ECOPETROL S.A.,Meta,0,0,0,0,94,120,134,116,159,192,115,237
Libertad Norte,Apiay,Llanos Orientales,ECOPETROL S.A.,Meta,0,0,0,0,0,0,0,0,214,177,182,231
Liebre,El Piñal,Valle Medio del Magdalena,PETROSANTANDER (COLOMBIA INC),Santander,66,69,69,68,68,68,67,66,63,62,60,58
Lilia,Opon,Valle Medio del Magdalena,COPP S.A.,Santander,0,0,0,0,0.06,0,0,0,0,0,0,0
Linda,Santana,Putumayo,GRAN TIERRA ENERGY COLOMBIA LTD,Putumayo,20,11,1,0,0,0,0,0,0,0,0,0
Lisa,Guasimo,Valle Superior del Magdalena,PACIFIC STRATUS ENERGY,Tolima,0,0,0,0,4,9,12,6,6,4,2,2
Lisama,De Mares,Valle Medio del Magdalena,ECOPETROL S.A.,Santander,1414,1436,1409,1294,1237,1273,1235,1175,1194,1174,1212,1206
Lisama Profundo,De Mares,Valle Medio del Magdalena,ECOPETROL S.A.,Santander,151,154,162,236,219,162,160,166,151,150,163,168
Llanito,De Mares,Valle Medio del Magdalena,ECOPETROL S.A.,Santander,2567,2455,2391,2337,2280,2111,2353,2511,2425,2617,2408,2338
Llanos 58,Llanos 58,Llanos Orientales,HUPECOL LLC,Meta,0,0,7,3,302,316,513,2332,3472,3826,4234,3491
Lomalarga,Neiva,Valle Superior del Magdalena,ECOPETROL S.A.,Huila,466,387,443,423,411,401,388,397,369,328,326,315
Loro,Orito,Putumayo,ECOPETROL S.A.,Putumayo,717,457,568,674,994,883,789,572,417,642,637,1110
Los Aceites,Guachiria,Llanos Orientales,LEWIS ENERGY COLOMBIA INC.,Casanare,371,446,416,392,387,375,362,338,314,312,294,289
Los Angeles,Tisquirama-b,Valle Medio del Magdalena,PETROLEOS DEL NORTE S.A.,Cesar,1326,1317,1207,1221,1260,1129,1189,1179,1091,1075,1036,968
Los Hatos,Los  Hatos,Llanos Orientales,COLOMBIA ENERGY DEVELOPMENT CO.,Casanare,39,38,38,37,37,36,29,24,25,25,27,26
Los Potros,Campo Rico,Llanos Orientales,EMERALD ENERGY PLC SUCURSAL COLOMBIA,Casanare,118,94,115,220,200,192,0,0,0,0,0,13
Los Toros,Estero,Llanos Orientales,PERENCO COLOMBIA LIMITED,Casanare,115,116,101,104,106,105,107,109,105,119,105,89
Loto,CPO-5,Llanos Orientales,ONGC VIDESH LIMITED,Meta,0,0,0,18,0,0,0,0,0,0,0,0
Malawi,Llanos 16,Llanos Orientales,PAREX RESOURCES COLOMBIA,Casanare,125,107,16,0,0,0,0,0,0,0,0,0
Mambo,Corcel,Llanos Orientales,PETROMINERALES COLOMBIA LTD.,Meta,334,253,214,191,117,52,95,100,9,0,0,0
Mamey,Samán,Valle Inferior del Magdalena,HOCOL S.A.,Sucre,0,0,0,0,0,0,0,0,0,6,0,0
Mana,Mana,Valle Superior del Magdalena,INTEROIL COLOMBIA E&P,Tolima,943,1034,966,946,920,1035,1134,1340,1376,1355,1331,1350
Manamo,Guama,Valle Inferior del Magdalena,PACIFIC STRATUS ENERGY,Magdalena,0,27,0,0,0,0,0,0,0,0,0,0
Manatus,Puntero,Llanos Orientales,CEPCOLSA,Casanare,0,0,152,176,17,0,0,0,149,436,330,285
Maniceño,Llanos 32,Llanos Orientales,P1 ENERGY DELTA CORP.,Casanare,1590,1346,1092,974,904,632,563,579,471,319,225,250
Mansoyá,Mansoyá,Putumayo,ECOPETROL S.A.,Putumayo,48,485,484,288,15,147,178,168,96,128,158,227
Mantis,Casimena,Llanos Orientales,PETROMINERALES COLOMBIA LTD.,Casanare,1104,701,976,1405,1753,2799,3589,3171,3004,2655,2493,2438
Mapache,Mapache,Llanos Orientales,PETROMINERALES COLOMBIA LTD.,Casanare,0,0,0,0,0,77,111,97,88,72,0,0
Mary,Santana,Putumayo,GRAN TIERRA ENERGY COLOMBIA LTD,Cauca,398,395,358,392,398,398,398,393,399,398,393,394
Matachin,Espinal,Valle Superior del Magdalena,PETROBRAS COLOMBIA LIMITED,Tolima,10272,9884,9402,8839,7921,7933,7909,7494,6998,6623,6237,6133
Matanegra Oeste,Chipiron,Llanos Orientales,OCCIDENTAL DE COLOMBIA LLC,Arauca,20,11,16,20,21,4,15,39,44,16,53,45
Mateguafa,Tapir,Llanos Orientales,PETROLCO S.A.,Casanare,19,19,18,18,16,12,18,17,17,15,13,12
Matemarrano,Cravoviejo,Llanos Orientales,C&C ENERGÍA,Casanare,99,89,72,73,58,54,43,18,120,177,172,161
Mauritia Este,Moriche,Llanos Orientales,UNION TEMPORAL MORICHE (PACIFIC STRATUS ENERGY),Casanare,0,0,0,43,69,2,0,0,0,45,91,101
Mauritia Norte,Moriche,Llanos Orientales,UNION TEMPORAL MORICHE (PACIFIC STRATUS ENERGY),Casanare,0,0,0,9,10,1,0,0,0,8,8,9
Max,Llanos 34,Llanos Orientales,GEOPARK COLOMBIA PN S.A,Casanare,1203,1081,2303,2315,2160,1574,1743,1573,1568,1536,1199,1345
Maya,Corcel,Llanos Orientales,PETROMINERALES COLOMBIA LTD.,Casanare,68,232,147,97,58,1,0,0,0,0,0,0
Medina,Cóndor,Cordillera Oriental,NIKOIL ENERGY CORP. SUCURSAL COLOMBIA,Boyacá,0,0,0,0,0,12,20,90,140,112,84,30
Merlín,CPO-17,Llanos Orientales,HOCOL S.A.,Meta,0,0,3,5,14,4,0,0,0,0,0,0
Miraflor,Santana,Putumayo,GRAN TIERRA ENERGY COLOMBIA LTD,Cauca,87,0,0,0,0,0,0,0,0,0,0,15
Mirto,Maranta,Putumayo,EMERALD ENERGY PLC SUCURSAL COLOMBIA,Putumayo,652,595,407,330,306,614,277,49,0,0,0,0
Mito,Caño Sur,Llanos Orientales,ECOPETROL S.A.,Meta,131,124,134,139,168,255,160,284,220,221,239,422
Mochelo,Río Ariari,Llanos Orientales,PETROMINERALES COLOMBIA LTD.,Meta,199,483,79,636,266,0,0,0,0,0,36,188
Mono Araña,VMM2,Valle Medio del Magdalena,VETRA EXPLORACION Y PRODUCCION COLOMBIA S.A.S,Cesar,90,0,559,596,893,89,0,0,0,0,0,11
Moqueta,Chaza,Putumayo,GRAN TIERRA ENERGY COLOMBIA LTD,Putumayo,3094,3359,3696,4096,3082,4220,4485,4090,4353,4250,4238,4803
Morichal,Casanare,Llanos Orientales,PERENCO COLOMBIA LIMITED,Casanare,2306,2159,2106,1951,1778,1570,1264,1055,841,1708,2163,1864
Moriche,Nare,Valle Medio del Magdalena,MANSAROVAR ENERGY COLOMBIA LTD.,Boyacá,11848,12083,12765,12622,12343,12007,11704,11794,12097,12218,12358,12146
Morpho,Morpho,Valle Medio del Magdalena,C&C ENERGÍA,Cundinamarca,0,0,0,0,0,0,0,119,95,92,90,84
Morrocoy,Cosecha,Llanos Orientales,OCCIDENTAL DE COLOMBIA LLC,Arauca,796,451,623,623,541,224,485,538,407,211,415,179
Nancy,Nancy-Burdine-Maxine,Putumayo,UNION TEMPORAL II&B,Putumayo,377,375,340,368,329,116,13,181,31,8,0,0
Nare,Nare,Valle Medio del Magdalena,MANSAROVAR ENERGY COLOMBIA LTD.,Antioquia,290,311,311,303,295,287,260,178,339,338,319,332
Nashira Norte,Nashira,Llanos Orientales,SOGOMY ENERGY,Casanare,0,449,853,787,915,1019,1084,1222,1153,1204,1139,784
Nelson,Esperanza,Valle Inferior del Magdalena,GEOPRODUCTION OIL & GAS COMPANY,Córdoba,0,0,0,0,0,0,0,0,0,0,0,13
Nutria,De Mares,Valle Medio del Magdalena,ECOPETROL S.A.,Santander,1982,1917,1864,1873,1734,1665,1626,1545,1375,1500,1602,1604
Ocelote,Guarrojo,Llanos Orientales,HOCOL S.A.,Meta,16075,15414,15200,15171,15056,14662,14337,15033,15377,15304,15668,15236
Ojo de Tigre,Puntero,Llanos Orientales,PETROMINERALES COLOMBIA LTD.,Casanare,0,0,0,0,44,0,43,0,0,90,83,34
Onca,Puntero,Llanos Orientales,CEPCOLSA,Casanare,0,0,28,429,0,448,515,490,520,520,579,528
Ópalo,Quifa,Llanos Orientales,META PETROLEUM CORP.,Meta,844,811,695,690,567,670,667,534,491,765,1211,1155
Opon,Opon,Valle Medio del Magdalena,COPP S.A.,Santander,21,21,20,20,20,18,19,18,19,18,18,17
Orito,Orito,Putumayo,ECOPETROL S.A.,Putumayo,3812,3463,3211,3138,3184,4591,4281,3880,3513,3409,2501,2600
Oropendola,Oropendola,Llanos Orientales,PERENCO COLOMBIA LIMITED,Casanare,513,459,560,520,442,462,480,454,433,383,766,517
Ortega,Ortega,Valle Superior del Magdalena,ECOPETROL S.A.,Tolima,246,240,225,231,227,219,220,212,217,151,170,243
Oso Pardo,Santa Isabel,Valle Medio del Magdalena,CANACOL ENERGY COLOMBIA S.A.,Cesar,0,0,0,0,0,0,0,63,173,166,152,141
Pacandé,Pacandé,Valle Superior del Magdalena,ECOPETROL S.A.,Tolima,767,746,739,729,766,743,741,750,745,724,623,748
Palagua,Palagua,Valle Medio del Magdalena,ECOPETROL S.A.,Boyacá,5550,5447,5640,5609,5763,6348,6714,6890,6778,6742,6847,6864
Palermo,Palermo,Valle Superior del Magdalena,ECOPETROL S.A.,Huila,217,207,216,219,195,216,210,213,210,238,231,240
Palmarito,Garcero,Llanos Orientales,PERENCO COLOMBIA LIMITED,Casanare,346,341,329,365,385,305,288,309,419,404,385,396
Palogrande,Neiva,Valle Superior del Magdalena,ECOPETROL S.A.,Huila,1088,1047,1051,1033,1009,1050,1154,1125,1062,1160,1297,1284
Paravare,Garcero,Llanos Orientales,PERENCO COLOMBIA LIMITED,Casanare,354,261,308,340,432,444,375,446,441,443,478,445
Pastinaca,CPO-10,Llanos Orientales,ECOPETROL S.A.,Meta,0,60,0,0,0,0,0,0,0,0,0,0
Pastora,Chipiron,Llanos Orientales,OCCIDENTAL DE COLOMBIA LLC,Arauca,39,28,32,36,35,13,18,0,0,0,0,0
Pauto Sur Piedemonte,Piedemonte,Llanos Orientales,EQUION ENERGIA LTD.,Casanare,20757,21650,20751,20302,19474,21264,18336,17993,18204,18876,19300,21286
Pauto Sur Recetor,Recetor,Llanos Orientales,EQUION ENERGIA LTD.,Casanare,1790,1812,1832,1795,1326,1735,1745,1733,1713,1663,1611,0
Pavas,Pavas,Valle Medio del Magdalena,UNION TEMPORAL IJP,Norte de Santander,66,65,65,62,64,65,65,61,59,59,64,61
Payoa,Las Monas,Valle Medio del Magdalena,PETROSANTANDER (COLOMBIA INC),Santander,911,909,890,902,871,898,907,906,904,873,847,867
Payoa West,Las Monas,Valle Medio del Magdalena,PETROSANTANDER (COLOMBIA INC),Santander,15,14,12,12,14,14,14,15,13,13,13,11
Peguita,Caracara,Llanos Orientales,CEPCOLSA,Meta,2790,3777,4165,4116,4732,4596,4230,3962,3947,3610,4019,3766
Pendare,CPO-13,Llanos Orientales,TECPETROL COLOMBIA S.A.S.,Meta,0,0,0,16,0,63,98,130,377,414,407,300
Peñas Blancas,Casabe,Valle Medio del Magdalena,ECOPETROL S.A.,Antioquia,200,204,216,214,228,170,232,198,194,129,176,207
Peroles,De Mares,Valle Medio del Magdalena,ECOPETROL S.A.,Santander,37,37,35,29,27,26,24,24,26,27,29,28
Petirrojo,Cubiro,Llanos Orientales,ALANGE ENERGY,Casanare,1331,1903,2011,1782,1730,1805,1957,1782,1721,1624,1583,1551
Petrólea,Barco,Catatumbo,ECOPETROL S.A.,Norte de Santander,51,115,75,81,62,37,0,48,56,56,40,12
Pijao,Neiva,Valle Superior del Magdalena,ECOPETROL S.A.,Huila,320,337,292,405,238,288,339,285,301,220,263,241
Pimiento,Fortuna,Valle Medio del Magdalena,EMERALD ENERGY PLC SUCURSAL COLOMBIA,Cesar,143,124,78,129,96,72,42,0,0,8,41,25
Pintado,Guarrojo,Llanos Orientales,HOCOL S.A.,Meta,9,29,79,75,75,41,0,0,92,115,306,1580
Pirito,Garcero,Llanos Orientales,PERENCO COLOMBIA LIMITED,Casanare,60,47,45,47,47,49,44,46,64,65,73,62
Pisingo,Casimena,Llanos Orientales,PETROMINERALES COLOMBIA LTD.,Casanare,164,149,140,121,7,0,0,0,0,3,0,50
Platanillo,Platanillo,Putumayo,AMERISUR EXPLORACION COLOMBIA,Putumayo,2604,4103,4015,4202,4208,3198,6394,4477,3872,6589,6601,6406
Pompeya,Suria,Llanos Orientales,ECOPETROL S.A.,Meta,4,7,20,14,5,6,10,11,6,2,4,6
Potrillo,Yamu,Llanos Orientales,GEOPARK COLOMBIA PN S.A,Casanare,0,0,0,14,262,467,352,305,197,238,233,244
Primavera,Guachiria,Llanos Orientales,LEWIS ENERGY COLOMBIA INC.,Casanare,81,64,97,90,95,95,96,92,93,93,93,86
Prospecto D,Quifa,Llanos Orientales,META PETROLEUM CORP.,Meta,0,0,0,0,0,0,0,0,0,0,0,9
Prospecto Hamaca,CPE-6,Llanos Orientales,META PETROLEUM CORP.,Meta,0,0,0,0,0,0,0,0,0,0,0,149
Prospecto S,Quifa,Llanos Orientales,META PETROLEUM CORP.,Meta,0,0,0,0,0,0,0,0,0,10,0,12
Provincia,Provincia,Valle Medio del Magdalena,ECOPETROL S.A.,Santander,2556,2653,2423,2913,2936,2924,2843,3110,3240,3315,3697,4345
Puerto Gaitán,CPO-6,Llanos Orientales,TECPETROL COLOMBIA S.A.S.,Meta,94,0,0,0,0,0,0,0,0,0,0,0
Pulí,Pulí,Valle Medio del Magdalena,INTEROIL COLOMBIA E&P,Cundinamarca,125,91,137,108,122,138,146,124,123,0,0,0
Purificación,Espinal,Valle Superior del Magdalena,PETROBRAS COLOMBIA LIMITED,Tolima,76,74,73,88,71,67,69,68,67,67,66,67
Quebrada Roja,Quebrada Roja,Valle Medio del Magdalena,CONSORCIO CAMPOS DE PRODUCCION,Santander,0,0,0,0,0,0.07,0,0,0,0,0,0
Querubin,Tisquirama-b,Valle Medio del Magdalena,PETROLEOS DEL NORTE S.A.,Cesar,146,147,135,155,129,90,137,114,108,114,89,60
Quifa,Quifa,Llanos Orientales,META PETROLEUM CORP.,Meta,53957,54110,54166,55110,54100,54844,53541,56875,57628,55980,54975,55076
Quililí,Orito,Putumayo,ECOPETROL S.A.,Putumayo,209,96,0,13,180,260,313,249,184,253,290,309
Quillacinga,CPI Suroriente,Putumayo,VETRA EXPLORACION Y PRODUCCION COLOMBIA S.A.S,Putumayo,2069,1819,1363,2057,1964,2047,1912,1217,1119,1629,2148,2035
Quimbaya,Ortega,Valle Superior del Magdalena,ECOPETROL S.A.,Tolima,268,240,217,204,197,200,183,190,185,185,182,186
Quriyana,Area Occidental,Putumayo,ECOPETROL S.A.,Putumayo,137,57,0,0,0,0,0,0.06,46,65,0,0
Ramiriquí,Llanos-22,Llanos Orientales,CEPCOLSA,Casanare,0,0,0,245,1025,560,991,931,898,917,898,1018
Rancho Hermoso,Rancho Hermoso CDNDCI,Llanos Orientales,CANACOL ENERGY COLOMBIA S.A.,Casanare,8126,9111,9939,8499,8644,7222,6742,5990,5438,5920,5447,5054
Rancho Quemado,Caracara,Llanos Orientales,CEPCOLSA,Meta,218,213,211,216,193,214,220,212,178,172,164,169
Redondo,Cravo Norte,Llanos Orientales,OCCIDENTAL DE COLOMBIA LLC,Arauca,951,598,883,969,976,356,846,1088,908,490,1117,856
Redondo Este,Cravo Norte,Llanos Orientales,OCCIDENTAL DE COLOMBIA LLC,Arauca,73,41,68,78,83,22,71,83,53,25,62,53
Remache Norte,Corocora,Llanos Orientales,PERENCO COLOMBIA LIMITED,Casanare,1007,969,963,866,680,646,686,633,625,635,677,655
Remache Sur,Corocora,Llanos Orientales,PERENCO COLOMBIA LIMITED,Casanare,392,384,386,429,399,388,389,385,370,372,374,409
Rex,Cosecha,Llanos Orientales,OCCIDENTAL DE COLOMBIA LLC,Arauca,0,0,0,0,0,6,283,733,351,175,294,283
Río Ceibas,Caguán,Valle Superior del Magdalena,ECOPETROL S.A.,Huila,1449,1554,1516,1389,1409,1406,1507,1513,1487,1411,1429,1508
Río Opia,Río Opia,Valle Superior del Magdalena,INTEROIL COLOMBIA E&P,Tolima,72,77,77,69,69,49,44,49,58,55,61,69
Río Saldaña,Tolima - B,Valle Superior del Magdalena,VETRA EXPLORACION Y PRODUCCION COLOMBIA S.A.S,Tolima,151,286,405,333,298,211,243,239,256,179,263,306
Río Zulia,Zulia,Catatumbo,ECOPETROL S.A.,Norte de Santander,571,544,498,575,589,545,527,505,450,551,497,543
Rubiales,Piriri / Rubiales,Llanos Orientales,META PETROLEUM CORP.,Meta,210347,210704,209478,208286,210492,211175,212050,212115,207659,205775,204592,202566
Rumbero,Playón,Valle Medio del Magdalena,ECOPETROL S.A.,Santander,0,0,0,0,0,0,0,0,0,16,66,58
Sabanero,Sabanero,Llanos Orientales,MAUREL & PROM COLOMBIA B.V.,Meta,1084,1000,1022,1082,1106,1162,1070,1080,1043,888,978,1267
Saimiri,Cravoviejo,Llanos Orientales,C&C ENERGÍA,Casanare,1882,1987,1866,1373,1992,1942,1693,1549,1549,1384,1426,1273
Samaria,Llanos-32,Llanos Orientales,P1 ENERGY DELTA CORP.,Casanare,0,0,0,0,0,0,0,0,0,197,242,323
San Antonio,Orito,Putumayo,ECOPETROL S.A.,Putumayo,510,496,479,474,395,405,412,415,267,363,430,455
San Francisco,Palermo,Valle Superior del Magdalena,ECOPETROL S.A.,Huila,6525,6444,6185,6209,6334,6205,6384,6511,6461,6307,6282,6129
San Luis,De Mares,Valle Medio del Magdalena,ECOPETROL S.A.,Santander,51,47,39,46,44,53,47,48,44,46,45,54
San Roque,Tisquirama-c,Valle Medio del Magdalena,ECOPETROL S.A.,Cesar,853,835,870,799,855,832,1001,1086,1310,1387,1748,1879
San Silvestre,De Mares,Valle Medio del Magdalena,ECOPETROL S.A.,Santander,5,7,7,7,7,7,8,7,8,7,8,8
Santa Clara,Neiva,Valle Superior del Magdalena,ECOPETROL S.A.,Huila,1130,1057,1022,925,948,1007,997,994,1071,1041,973,969
Santa Lucia,Tisquirama-a,Valle Medio del Magdalena,PETROLEOS DEL NORTE S.A.,Cesar,402,399,389,374,385,332,344,364,343,319,349,315
Santiago,Upia B,Llanos Orientales,ECOPETROL S.A.,Casanare,1628,1577,1575,1534,1514,1481,1419,1403,1381,1370,1272,989
Santo Domingo,La Punta CDNDCI,Llanos Orientales,VETRA EXPLORACION Y PRODUCCION COLOMBIA S.A.S,Casanare,3427,3406,2710,2165,3167,3530,3441,3253,2913,2555,2430,2349
Santo Domingo Norte,La Punta CDNDCI,Llanos Orientales,VETRA EXPLORACION Y PRODUCCION COLOMBIA S.A.S,Casanare,422,489,456,439,424,141,273,282,212,187,177,162
Sardinas,Garcero,Llanos Orientales,PERENCO COLOMBIA LIMITED,Casanare,1032,1032,997,960,927,909,900,897,856,860,841,823
Sardinata,Barco,Catatumbo,ECOPETROL S.A.,Norte de Santander,354,331,283,272,270,203,0,145,227,252,322,305
Saurio,Suria,Llanos Orientales,ECOPETROL S.A.,Meta,157,146,72,0,0,0,0,0,0,0,0,0
Sibundoy,Mansoyá,Putumayo,ECOPETROL S.A.,Putumayo,89,37,0,0,0,0,0,0,0,0,46,44
Sirenas,Garcero,Llanos Orientales,PERENCO COLOMBIA LIMITED,Casanare,48,37,44,44,46,48,51,50,48,59,63,65
Solopiña,Surimena,Llanos Orientales,LEWIS ENERGY COLOMBIA INC.,Casanare,0,0,72,600,396,344,358,268,293,284,289,263
Sucio,Orito,Putumayo,ECOPETROL S.A.,Putumayo,89,85,90,88,95,69,0,54,9,51,42,41
Sucumbíos,Orito,Putumayo,ECOPETROL S.A.,Nariño,282,395,434,464,483,493,517,329,318,484,467,427
Sulawesi,Llanos 16,Llanos Orientales,PAREX RESOURCES COLOMBIA,Casanare,430,424,485,439,497,469,417,381,428,428,445,391
Suria,Apiay,Llanos Orientales,ECOPETROL S.A.,Meta,5728,5663,5425,5161,5911,5785,5334,5274,4898,4714,4642,4595
Suria Sur,Apiay,Llanos Orientales,ECOPETROL S.A.,Meta,2127,1867,1846,1464,1302,1794,1961,1667,1712,1936,1593,2099
Tarotaro,Llanos-34,Llanos Orientales,GEOPARK COLOMBIA PN S.A,Casanare,0,0,0,0,0,665,2303,2022,2254,2541,3415,3503
Taya,Corcel,Llanos Orientales,PETROMINERALES COLOMBIA LTD.,Meta,0,0,0,0,645,312,309,2015,1586,908,708,559
Tello,CEE Tello,Valle Superior del Magdalena,ECOPETROL S.A.,Huila,5187,4987,5284,5166,4943,4762,5121,5018,4794,5185,4952,5188
Tempranillo,Pijao Potrerillo,Valle Superior del Magdalena,ECOPETROL S.A.,Huila,318,210,226,326,324,354,361,339,167,272,457,484
Tempranillo Norte,Lomalarga-Pijao,Valle Superior del Magdalena,ECOPETROL S.A.,Huila,198,186,186,177,179,215,239,242,236,223,231,220
Tenax,Cuisinde,Valle Superior del Magdalena,ECOPETROL S.A.,Huila,113,0,0,0,0,0,0,0,0,0,0,0
Tenay,Neiva,Valle Superior del Magdalena,ECOPETROL S.A.,Huila,696,867,741,715,695,698,662,683,735,730,730,754
Terecay,Cosecha,Llanos Orientales,OCCIDENTAL DE COLOMBIA LLC,Arauca,1683,971,1453,1604,1591,589,988,1703,1637,976,1537,1322
Tesoro,De Mares,Valle Medio del Magdalena,ECOPETROL S.A.,Santander,438,408,427,402,407,382,369,410,381,360,376,383
Tibú,Barco,Catatumbo,ECOPETROL S.A.,Norte de Santander,1952,1974,2027,1890,1871,881,1,1241,880,872,1854,1834
Tijereto,Cubiro,Llanos Orientales,ALANGE ENERGY,Casanare,135,127,127,126,119,122,131,152,154,149,152,143
Tilodiran,CEE Río Verde,Llanos Orientales,COLOMBIA ENERGY DEVELOPMENT CO.,Casanare,978,999,968,814,708,814,400,688,708,696,479,508
Tisquirama,Tisquirama-c,Valle Medio del Magdalena,ECOPETROL S.A.,Cesar,1389,1249,1326,1328,1352,1263,1283,1204,1190,1218,1188,1073
Tisquirama Este,Tisquirama-c,Valle Medio del Magdalena,ECOPETROL S.A.,Cesar,110,0,0,0,0,0,0,0,0,0,0,0
Toca,Toca,Valle Medio del Magdalena,CONSORCIO CAMPOS DE PRODUCCION,N.D.,48,57,52,47,49,49,46,45,50,47,47,49
Tocaría,Casanare,Llanos Orientales,PERENCO COLOMBIA LIMITED,Casanare,724,652,546,641,482,480,674,1509,1319,1653,1792,1088
Toldado,Toldado,Valle Superior del Magdalena,ECOPETROL S.A.,Tolima,857,798,676,653,671,890,977,945,937,926,942,635
Toqui-Toqui,Pulí,Valle Superior del Magdalena,INTEROIL COLOMBIA E&P,Tolima,697,683,709,633,670,621,545,554,595,656,610,0
Torcaz,Bocachico,Valle Medio del Magdalena,COLOMBIA ENERGY DEVELOPMENT,Cundinamarca,0,0,0,0,5,39,61,47,44,42,42,41
Tormento,Llanos 19,Llanos Orientales,C&C ENERGÍA,Casanare,88,115,22,205,127,407,361,291,273,311,121,24
Toro Sentado,Caracara,Llanos Orientales,CEPCOLSA,Meta,1171,1150,1197,1114,1076,1004,997,1077,981,941,963,863
Toroyaco,Santana,Putumayo,GRAN TIERRA ENERGY COLOMBIA LTD,Putumayo,228,226,209,208,208,196,194,183,148,138,94,87
Totare,Armero,Valle Superior del Magdalena,INTEROIL COLOMBIA E&P,Tolima,45,45,46,57,66,63,64,61,61,0,0,0
Totumal,Fortuna,Valle Medio del Magdalena,EMERALD ENERGY PLC SUCURSAL COLOMBIA,Cesar,3,0,5,17,40,16,0,0,0,0,54,36
Toy,Ortega,Valle Superior del Magdalena,ECOPETROL S.A.,Tolima,165,145,146,145,141,147,150,105,144,140,118,2
Trinidad,Yalea,Llanos Orientales,PERENCO COLOMBIA LIMITED,Casanare,1072,905,1326,1232,1494,1503,1176,1140,1298,1183,1067,1099
Trompillos,Upia B,Llanos Orientales,ECOPETROL S.A.,Casanare,4,0,0,0,0,0,0,0,0,0,0,0
Tronos,Tisquirama-b,Valle Medio del Magdalena,PETROLEOS DEL NORTE S.A.,Cesar,31,26,30,18,16,20,10,0,0,6,3,5
Tua,Llanos 34,Llanos Orientales,GEOPARK COLOMBIA PN S.A,Casanare,3521,3273,3355,3905,3887,4796,5178,4241,4976,5792,5896,6040
Tucuso,Mapache,Llanos Orientales,PETROMINERALES COLOMBIA LTD.,Casanare,49,0,71,187,168,161,144,98,129,40,0,0
Tulipán,Guachiria Sur,Llanos Orientales,LEWIS ENERGY COLOMBIA INC.,Casanare,216,211,216,262,342,374,398,396,463,724,1044,1828
Turpial,Turpial,Valle Medio del Magdalena,PETROLIFERA,Boyacá,0,0,0,0,7,10,0,0,0,0,0,0
Underriver,Nare,Valle Medio del Magdalena,MANSAROVAR ENERGY COLOMBIA LTD.,Antioquia,2908,2806,3264,3621,3621,3704,2982,3251,3922,4141,4570,4564
Unuma,Caracara,Llanos Orientales,CEPCOLSA,Meta,0,0,0,0,0.06,0,0,0,134,408,434,281
Valdivia-Almagro,Apiay,Llanos Orientales,ECOPETROL S.A.,Meta,692,690,680,709,761,718,723,707,692,662,569,333
Velásquez,Guaguaqui Teran,Valle Medio del Magdalena,MANSAROVAR ENERGY COLOMBIA LTD.,Boyacá,3319,3395,3427,3443,3410,3305,3369,3358,3349,3490,3345,3285
Venus,CPO-11,Llanos Orientales,ECOPETROL S.A.,Meta,0,0,134,0,0,0,0,0,0,0,0,0
Vigia,Campo Rico,Llanos Orientales,EMERALD ENERGY PLC SUCURSAL COLOMBIA,Casanare,590,580,549,1398,1010,1095,944,991,920,808,794,761
Vigia Sur,Campo Rico,Llanos Orientales,EMERALD ENERGY PLC SUCURSAL COLOMBIA,Casanare,436,856,1067,998,861,1008,963,914,880,772,747,735
Vireo,Oropendola,Llanos Orientales,PERENCO COLOMBIA LIMITED,Casanare,122,94,149,133,133,125,116,113,106,117,124,79
Viviana,Llanos 30,Llanos Orientales,PAREX RESOURCES COLOMBIA,Casanare,0,0,31,0,0,0,0,0,0,0,0,0
X-Ray,Cachicamo,Llanos Orientales,C&C ENERGÍA,Casanare,0,0,0,0,0,0,0,0,0,0,51,1
Yaguará,Area Yaguará,Valle Superior del Magdalena,ECOPETROL S.A.,Huila,2548,2433,2404,2634,2592,2600,2757,2961,3059,2944,2914,2939
Yaguazo,Arrendajo,Llanos Orientales,PACIFIC STRATUS ENERGY,Casanare,0,0,0,160,394,282,385,556,598,621,619,624
Yamu,Yamu,Llanos Orientales,GEOPARK COLOMBIA PN S.A,Casanare,230,228,229,223,203,251,211,237,219,188,143,150
Yariguí-Cantagallo,Yarigui-Garzas,Valle Medio del Magdalena,ECOPETROL S.A.,Bolívar,14106,14869,14801,14648,14765,15299,15434,15564,15295,14235,14659,15254
Yatay,Guatiquia,Llanos Orientales,PETROMINERALES COLOMBIA LTD.,Meta,4119,3792,3455,3320,3120,2905,2621,2516,2352,2531,1737,2293
Yenac,Casimena,Llanos Orientales,PETROMINERALES COLOMBIA LTD.,Casanare,1642,1717,1648,1595,1589,1218,1455,1476,1351,1292,1324,1331
Yopo,Cubiro,Llanos Orientales,ALANGE ENERGY,Casanare,1132,823,820,668,703,639,569,549,442,522,611,608
Yurilla,Mansoyá,Putumayo,ECOPETROL S.A.,Putumayo,233,222,180,209,295,316,281,168,113,278,45,0
Zoe,Midas,Valle Medio del Magdalena,ECOPETROL S.A.,Cesar,0,0,0,0,10,12,2,7,0,0,3,8
Zopilote,Cravoviejo,Llanos Orientales,C&C ENERGÍA,Casanare,3142,3309,3284,3695,3703,3743,4413,4665,4234,4259,4395,4896
