Departamento,Municipio,Operadora,Contrato,Campo,Enero,Febrero,Marzo,Abril,Mayo,Junio,Julio,Agosto,Septiembre,Octubre,Noviembre,Diciembre
ANTIOQUIA,PUERTO NARE,ECOPETROL S.A.,OPERACION-DIRECTA ECOPETROL,AREA TECA-COCORNA,"1,231","1,109","1,026","1,036","1,047","1,122","1,133","1,164","1,130","1,078","1,156","1,099"
ANTIOQUIA,PUERTO NARE,MANSAROVAR ENERGY COLOMBIA LTD,NARE ASOCIACION,NARE,272,257,253,233,262,216,194,162,232,244,222,209
ANTIOQUIA,PUERTO NARE,MANSAROVAR ENERGY COLOMBIA LTD,NARE ASOCIACION,UNDERRIVER,936,797,880,900,994,802,765,815,888,846,720,833
ANTIOQUIA,PUERTO TRIUNFO,ECOPETROL S.A.,OPERACION-DIRECTA ECOPETROL,AREA TECA-COCORNA,393,386,362,365,396,382,369,342,280,264,282,278
ANTIOQUIA,YONDO,ECOPETROL S.A.,CASABE,CASABE,"12,745","12,535","12,756","12,720","12,492","13,127","12,377","12,084","11,965","11,751","11,932","11,634"
ANTIOQUIA,YONDO,ECOPETROL S.A.,CASABE,CASABE SUR,"2,301","2,487","2,393","2,268","2,187","2,277","2,323","2,274","2,125","2,254","2,194","2,123"
ANTIOQUIA,YONDO,ECOPETROL S.A.,CASABE,PEÑAS BLANCAS,"1,437","1,532","1,420","1,399","1,391","1,193","1,193","1,182","1,190","1,204","1,200","1,118"
ARAUCA,ARAUCA,OCCIDENTAL DE COLOMBIA LLC,CHIPIRON,CHIPIRÓN,"11,376","13,009","3,673","12,833","11,878","11,159","10,682","11,371","11,045","10,036","9,120","8,406"
ARAUCA,ARAUCA,OCCIDENTAL DE COLOMBIA LLC,CHIPIRON,GALEMBO,5,-,54,400,297,234,215,233,262,253,38,226
ARAUCA,ARAUCA,OCCIDENTAL DE COLOMBIA LLC,CHIPIRON,MACANA,111,524,209,440,505,519,422,455,397,350,454,407
ARAUCA,ARAUCA,OCCIDENTAL DE COLOMBIA LLC,CRAVO NORTE,CAÑO LIMÓN,"21,342","20,543","1,472","19,513","21,137","21,463","17,795","20,321","20,343","20,225","18,639","20,420"
ARAUCA,ARAUCA,OCCIDENTAL DE COLOMBIA LLC,CRAVO NORTE,CAÑO YARUMAL,"4,033","3,714",172,"3,455","3,991","3,922","2,720","3,487","3,738","3,454","3,678","3,773"
ARAUCA,ARAUCA,OCCIDENTAL DE COLOMBIA LLC,CRAVO NORTE,TONINA,16,32,-,24,18,21,14,22,23,22,19,14
ARAUCA,ARAUQUITA,OCCIDENTAL DE COLOMBIA LLC,CHIPIRON,ARAGUATO,150,138,21,148,150,138,197,211,210,211,224,237
ARAUCA,ARAUQUITA,OCCIDENTAL DE COLOMBIA LLC,CHIPIRON,BAYONERO,202,901,220,508,245,144,874,507,678,615,518,711
ARAUCA,ARAUQUITA,OCCIDENTAL DE COLOMBIA LLC,CHIPIRON,CHIPIRÓN,338,298,83,293,126,178,145,194,213,226,434,607
ARAUCA,ARAUQUITA,OCCIDENTAL DE COLOMBIA LLC,CHIPIRON,GALEMBO,-,-,-,-,-,-,-,-,-,-,186,-
ARAUCA,ARAUQUITA,OCCIDENTAL DE COLOMBIA LLC,CHIPIRON,JIBA UNIFICADO,207,170,-,148,149,138,119,153,151,154,108,110
ARAUCA,ARAUQUITA,OCCIDENTAL DE COLOMBIA LLC,COSECHA,CANAGUEY,"1,564","1,590",364,"1,516","1,432","1,469",656,702,"1,193","1,419","1,495","1,435"
ARAUCA,ARAUQUITA,OCCIDENTAL DE COLOMBIA LLC,COSECHA,GOLONDRINA,-,-,-,-,-,-,-,-,-,238,-,-
ARAUCA,ARAUQUITA,OCCIDENTAL DE COLOMBIA LLC,COSECHA,MORROCOY,308,262,44,304,301,106,64,88,92,152,190,225
ARAUCA,ARAUQUITA,OCCIDENTAL DE COLOMBIA LLC,COSECHA,REX,163,148,34,141,165,142,212,251,271,317,347,409
ARAUCA,ARAUQUITA,OCCIDENTAL DE COLOMBIA LLC,COSECHA,REX NE,-,-,-,-,-,-,-,-,-,-,-,9
ARAUCA,ARAUQUITA,OCCIDENTAL DE COLOMBIA LLC,COSECHA,TERECAY,"1,298","1,064",336,"1,057","1,101","1,104","1,070","1,081",803,"1,115","1,160","1,458"
ARAUCA,ARAUQUITA,OCCIDENTAL DE COLOMBIA LLC,CRAVO NORTE,CAÑO LIMÓN,55,48,-,49,58,52,3,44,54,53,51,58
ARAUCA,ARAUQUITA,OCCIDENTAL DE COLOMBIA LLC,CRAVO NORTE,REDONDO,"1,553","1,391",171,"1,219","1,222","1,160",740,996,"1,122","1,027","1,024","1,344"
ARAUCA,ARAUQUITA,OCCIDENTAL DE COLOMBIA LLC,RONDON,CAÑO RONDÓN,"3,338","3,302",834,"4,481","5,109","4,997","4,163","4,656","4,567","3,802","3,178","2,917"
ARAUCA,ARAUQUITA,OCCIDENTAL DE COLOMBIA LLC,RONDON,CARICARE,"3,331","3,320",718,"3,265","3,428","3,401","2,972","3,204","3,266","3,282","3,192","3,146"
ARAUCA,SARAVENA,ECOPETROL S.A.,ARAUCA,ARAUCA,-,-,-,-,-,-,-,-,-,6,3,3
ARAUCA,TAME,PAREX RESOURCES COLOMBIA LTD. SUCURSAL,CAPACHOS,CAPACHOS,-,-,-,-,-,-,-,-,-,182,629,989
ATLANTICO,SABANALARGA,LEWIS ENERGY COLOMBIA INC,CONTRATO DE EXPLORACIÓN Y PRODUCCIÓN SINÚ SAN JACINTO NORTE 1,BULLERENGUE,45,26,22,18,18,56,-,48,132,115,181,210
BOLIVAR,CANTAGALLO,ECOPETROL S.A.,YARIGUI-CANTAGALLO,YARIGUÍ-CANTAGALLO,"9,683","9,819","9,369","9,516","9,780","9,593","9,715","9,555","9,568","9,352","8,990","8,972"
BOLIVAR,CICUCO,ECOPETROL S.A.,CICUCO,CICUCO,481,481,478,481,480,481,469,461,450,459,448,398
BOLIVAR,TALAIGUA NUEVO,ECOPETROL S.A.,CICUCO,BOQUETE,52,31,34,43,55,40,41,47,44,17,-,11
BOLIVAR,TALAIGUA NUEVO,ECOPETROL S.A.,CICUCO,CICUCO,247,239,246,238,238,244,254,269,264,249,245,236
BOYACA,CORRALES,UNION TEMPORAL OMEGA ENERGY,BUENAVISTA,CORRALES,339,326,323,142,20,237,302,316,376,285,247,405
BOYACA,PUERTO BOYACA,ECOPETROL S.A.,PALAGUA,CAIPAL,837,883,882,878,875,872,841,843,860,805,807,814
BOYACA,PUERTO BOYACA,ECOPETROL S.A.,PALAGUA,PALAGUA,"5,708","5,571","5,569","5,635","5,610","5,656","5,670","5,896","5,741","5,822","5,563","5,534"
BOYACA,PUERTO BOYACA,MANSAROVAR ENERGY COLOMBIA LTD,GUAGUAQUI TERAN,VELASQUEZ,"3,348","3,449","3,250","3,182","3,324","3,247","3,135","3,179","3,226","3,104","3,097","3,170"
BOYACA,PUERTO BOYACA,MANSAROVAR ENERGY COLOMBIA LTD,NARE ASOCIACION,ABARCO,"3,550","3,914","3,399","3,339","3,654","3,773","3,809","3,596","3,204","3,441","3,236","3,306"
BOYACA,PUERTO BOYACA,MANSAROVAR ENERGY COLOMBIA LTD,NARE ASOCIACION,GIRASOL,"3,830","3,924","3,723","3,908","3,784","3,546","3,468","3,336","3,619","3,613","3,485","3,494"
BOYACA,PUERTO BOYACA,MANSAROVAR ENERGY COLOMBIA LTD,NARE ASOCIACION,JAZMIN,"4,642","4,490","4,447","4,608","4,601","4,503","4,473","4,377","4,476","4,421","4,414","4,455"
BOYACA,PUERTO BOYACA,MANSAROVAR ENERGY COLOMBIA LTD,NARE ASOCIACION,MORICHE,"14,175","14,053","13,922","13,587","12,798","12,530","12,835","12,554","13,080","12,487","12,445","12,390"
BOYACA,PUERTO BOYACA,MANSAROVAR ENERGY COLOMBIA LTD,NARE ASOCIACION,UNDERRIVER,"1,685","1,748","1,763","1,457","1,358","1,439","1,482","1,415","1,422","1,324","1,788","1,636"
BOYACA,PUERTO BOYACA,PAREX RESOURCES COLOMBIA LTD. SUCURSAL,VMM-11,GLAUCA,-,-,-,-,-,-,-,-,1,94,65,-
BOYACA,TOPAGA,UNION TEMPORAL OMEGA ENERGY,BUENAVISTA,BOLÍVAR,44,46,50,49,48,47,47,47,46,45,45,45
CASANARE,AGUAZUL,CEPSA COLOMBIA S.A. - CEPCOLSA,E&P LLANOS 22,RAMIRIQUI,"2,044","1,518","1,592","1,489","2,150","2,561","2,349","2,303","2,536","2,495","2,420","2,350"
CASANARE,AGUAZUL,ECOPETROL S.A.,CUSIANA NORTE,CUSIANA NORTE,"1,488","1,513","1,479","1,546","1,519","1,630","1,661","1,621","1,631","1,389","1,494","1,497"
CASANARE,AGUAZUL,ECOPETROL S.A.,ECOP-SDLA-OP-DIRECTA,CUPIAGUA,"7,703","7,576","7,493","7,219","7,438","7,219","6,332","6,507","6,429","6,782","6,585","6,149"
CASANARE,AGUAZUL,ECOPETROL S.A.,ECOP-SDLA-OP-DIRECTA,CUPIAGUA SUR,"2,529","2,535","2,540","2,520","2,344","2,349","2,148","2,102","2,109","2,114","2,013","2,061"
CASANARE,AGUAZUL,ECOPETROL S.A.,RECETOR EQUION,CUPIAGUA LIRIA,-,-,-,-,-,"3,620","3,391","3,402","3,317","3,403","3,400","3,211"
CASANARE,AGUAZUL,EQUION ENERGÍA LIMITED,RECETOR EQUION,CUPIAGUA LIRIA,"3,632","3,673","3,662","3,530","3,359",-,-,-,-,-,-,-
CASANARE,AGUAZUL,PAREX RESOURCES COLOMBIA LTD. SUCURSAL,E&P LLANOS 26,RUMBA,"4,558","3,208","3,708","4,638","3,572","2,897","2,716","2,676","2,468","2,312","2,323","1,833"
CASANARE,AGUAZUL,PERENCO COLOMBIA LIMITED,CASANARE,LA GLORIA,209,206,216,215,213,202,185,187,195,177,302,633
CASANARE,MANI,CEPSA COLOMBIA S.A. - CEPCOLSA,PUNTERO,ONCA,633,609,602,522,-,-,-,-,-,-,-,318
CASANARE,MANI,COLOMBIA ENERGY DEVELOPMENT CO.,ALCARAVAN,ESTERO,99,99,99,99,99,98,99,99,98,83,-,71
CASANARE,MANI,COLOMBIA ENERGY DEVELOPMENT CO.,LOS HATOS,LOS HATOS,-,32,52,51,51,51,51,44,50,44,44,44
CASANARE,MANI,DCX S.A.S.,MORICHITO,MORICHITO,61,52,31,52,54,53,33,34,52,52,48,42
CASANARE,MANI,ECOPETROL S.A.,CONVENIO DE EXPLOTACIÓN DE HIDROCARBUROS DEL ÁREA DE OPERACIÓN DIRECTA LA PUNTA,LA PUNTA,397,424,428,472,509,507,-,-,-,-,-,-
CASANARE,MANI,HOCOL S.A.,CONVENIO DE EXPLOTACIÓN DE HIDROCARBUROS DEL ÁREA DE OPERACIÓN DIRECTA LA PUNTA,LA PUNTA,-,-,-,-,-,-,508,497,485,495,495,499
CASANARE,MANI,ECOPETROL S.A.,UPIA-ECOPETROL,SANTIAGO,854,851,833,810,691,593,587,576,591,566,645,799
CASANARE,MANI,EMERALD ENERGY PLC SUCURSAL COLOMBIA,CAMPO RICO,CAMPO RICO,-,54,282,381,332,358,362,345,346,339,322,340
CASANARE,MANI,EMERALD ENERGY PLC SUCURSAL COLOMBIA,CAMPO RICO,CENTAURO SUR,-,-,4,58,71,75,76,66,67,70,64,120
CASANARE,MANI,PERENCO COLOMBIA LIMITED,CASANARE,LA GLORIA,267,283,317,311,323,293,278,283,309,310,320,294
CASANARE,MANI,PETROLEOS SUD AMERICANOS SUCURSAL COLOMBIA,ENTRERRIOS,ENTRERRIOS,775,715,714,797,776,746,752,733,710,691,656,612
CASANARE,MANI,FRONTERA ENERGY,CASIMENA,MANTIS,"1,178","1,153","1,171","1,135","1,007",999,"1,006","1,002",986,971,969,953
CASANARE,MANI,FRONTERA ENERGY,CASIMENA,PISINGO,"1,298",821,545,"1,056","1,046","1,062","1,051","1,036","1,004",994,993,980
CASANARE,MANI,FRONTERA ENERGY,CASIMENA,YENAC,657,516,360,458,586,597,599,595,592,579,577,556
CASANARE,MANI,VERANO ENERGY (BARBADOS) LIMITED,E&P LLANOS 32,BANDOLA,-,-,14,-,-,-,-,-,-,-,-,-
CASANARE,MANI,VERANO ENERGY (BARBADOS) LIMITED,E&P LLANOS 32,MANICEÑO,-,-,7,-,-,-,-,-,-,-,-,-
CASANARE,MONTERREY,FRONTERA ENERGY,Canaguaro E&P-016 del 2006,Canaguay,894,825,722,598,309,76,25,179,154,429,450,231
CASANARE,MUNICIPIO NN,EQUION ENERGÍA LIMITED,NISCOTA,HURÓN,-,-,-,-,-,-,-,-,-,"2,428","3,125","2,884"
CASANARE,MUNICIPIO NN,NEW GRANADA ENERGY CORPORATION SUCURSAL COLOMBIA,DOROTEA,DOROTEA E,84,86,86,85,86,86,85,85,84,85,85,84
CASANARE,NUNCHIA,PERENCO COLOMBIA LIMITED,CASANARE,TIERRA BLANCA,8,2,-,0,-,6,5,-,-,-,0,0
CASANARE,OROCUE,CANACOL ENERGY COLOMBIA S.A.,RANCHO HERMOSO ACUERDO PART CASANARE,RANCHO HERMOSO,-,-,-,-,"1,347","1,318","1,291","1,251","1,238","1,222","1,319","1,328"
CASANARE,OROCUE,CANACOL ENERGY COLOMBIA S.A.,RANCHO HERMOSO ACUERDO PART CASANARE-CANACOL,RANCHO HERMOSO 4,"1,049","1,198","1,132","1,364",-,-,-,-,-,-,-,-
CASANARE,OROCUE,CNE OIL & GAS S.A.S,E&P LLANOS 23,LABRADOR,"1,027","1,021",950,893,884,812,791,750,761,747,721,716
CASANARE,OROCUE,COLOMBIA ENERGY DEVELOPMENT CO.,ALCARAVAN,CANACABARE,-,-,-,261,"1,338","1,319",959,834,773,710,630,569
CASANARE,OROCUE,EMERALD ENERGY PLC SUCURSAL COLOMBIA,CAMPO RICO,VIGIA SUR,889,875,887,873,673,914,900,857,875,853,850,834
CASANARE,OROCUE,GRUPO C&C ENERGIA (BARBADOS) SUCURSAL COLOMBIA,CACHICAMO-026-22008,ANDARRIOS,204,204,200,196,201,204,195,184,177,170,165,158
CASANARE,OROCUE,GRUPO C&C ENERGIA (BARBADOS) SUCURSAL COLOMBIA,CACHICAMO-026-22008,CIRIGÜELO,245,238,196,184,173,190,205,202,194,176,173,193
CASANARE,OROCUE,GRUPO C&C ENERGIA (BARBADOS) SUCURSAL COLOMBIA,CACHICAMO-026-22008,GRETA OTO,215,211,214,206,207,203,196,199,195,190,182,180
CASANARE,OROCUE,GRUPO C&C ENERGIA (BARBADOS) SUCURSAL COLOMBIA,CACHICAMO-026-22008,GUACHARACA,237,236,229,227,229,223,217,207,204,201,199,191
CASANARE,OROCUE,GRUPO C&C ENERGIA (BARBADOS) SUCURSAL COLOMBIA,CACHICAMO-026-22008,HOATZIN,108,112,103,97,101,95,80,67,75,81,77,76
CASANARE,OROCUE,GRUPO C&C ENERGIA (BARBADOS) SUCURSAL COLOMBIA,CACHICAMO-026-22008,HOATZIN NORTE,285,305,318,311,294,306,313,299,297,299,286,272
CASANARE,OROCUE,GRUPO C&C ENERGIA (BARBADOS) SUCURSAL COLOMBIA,CRAVOVIEJO,BASTIDAS,290,248,242,263,272,285,214,132,142,95,41,43
CASANARE,OROCUE,GRUPO C&C ENERGIA (BARBADOS) SUCURSAL COLOMBIA,CRAVOVIEJO,CARRIZALES,"1,002","1,029",961,933,955,899,819,791,752,703,660,672
CASANARE,OROCUE,GRUPO C&C ENERGIA (BARBADOS) SUCURSAL COLOMBIA,CRAVOVIEJO,MATEMARRANO,193,201,195,189,179,168,170,172,162,152,141,129
CASANARE,OROCUE,GRUPO C&C ENERGIA (BARBADOS) SUCURSAL COLOMBIA,CRAVOVIEJO,SAIMIRÍ,352,339,320,306,326,339,182,182,164,155,102,198
CASANARE,OROCUE,GRUPO C&C ENERGIA (BARBADOS) SUCURSAL COLOMBIA,CRAVOVIEJO,ZOPILOTE,"1,699","1,695","1,654","1,556","1,489","1,454","1,467","1,473","1,493","1,481","1,475","1,444"
CASANARE,OROCUE,INTEROIL COLOMBIA EXPLORATION AND PRODUCTION,ALTAIR,ALTAIR,57,57,51,51,54,41,26,51,49,52,30,55
CASANARE,OROCUE,INTEROIL COLOMBIA EXPLORATION AND PRODUCTION,ALTAIR,TURACO,-,-,-,1,1,-,-,-,-,-,-,-
CASANARE,OROCUE,INTEROIL COLOMBIA EXPLORATION AND PRODUCTION,LLA 47,VIKINGO,-,-,-,-,-,-,53,189,413,512,515,550
CASANARE,OROCUE,LAS QUINCHAS RESOURCE CORP.,E & P MORICHE,MAURITÍA ESTE,32,32,34,102,76,53,19,9,7,13,0,-
CASANARE,OROCUE,LAS QUINCHAS RESOURCE CORP.,E & P MORICHE,MAURITÍA NORTE,"1,459","1,440","1,393","1,453","1,659","1,868","1,573","1,919","1,664","1,921","1,561","1,596"
CASANARE,OROCUE,OIRU CORPORATION,NASHIRA,ALEPE,168,168,167,167,166,-,-,-,-,-,-,-
CASANARE,OROCUE,OIRU CORPORATION,NASHIRA,ALVA SUR,-,-,29,64,79,-,-,-,-,-,-,-
CASANARE,OROCUE,OIRU CORPORATION,NASHIRA,NASHIRA NORTE,913,882,925,742,828,-,-,-,-,-,-,-
CASANARE,OROCUE,PERENCO COLOMBIA LIMITED,ESTERO,GUANAPALO,-,12,103,110,105,88,117,130,124,124,130,125
CASANARE,OROCUE,PERENCO COLOMBIA LIMITED,GARCERO,CANDALAY,-,1,7,14,14,-,-,-,-,-,-,-
CASANARE,OROCUE,PERENCO COLOMBIA LIMITED,GARCERO,GUASAR,309,315,273,269,305,309,289,263,287,298,280,263
CASANARE,OROCUE,PERENCO COLOMBIA LIMITED,GARCERO,JORCAN,26,24,23,16,18,9,17,18,18,15,15,17
CASANARE,OROCUE,PERENCO COLOMBIA LIMITED,GARCERO,JORDÁN,815,752,712,704,731,627,639,593,596,614,564,576
CASANARE,OROCUE,PERENCO COLOMBIA LIMITED,GARCERO,PARAVARE,163,169,181,174,160,181,190,188,200,202,196,204
CASANARE,OROCUE,PERENCO COLOMBIA LIMITED,GARCERO,PIRITO,63,59,47,48,32,52,48,50,56,47,45,47
CASANARE,OROCUE,PERENCO COLOMBIA LIMITED,GARCERO,SARDINAS,805,742,697,694,769,876,833,940,746,995,"1,043","1,072"
CASANARE,OROCUE,PERENCO COLOMBIA LIMITED,OROCUE,GUARILAQUE,"1,509","1,405","1,592","1,394","1,353","1,436","1,377","1,359","1,390","1,378","1,369","1,359"
CASANARE,OROCUE,PERENCO COLOMBIA LIMITED,OROPENDOLA PERENCO,OROPÉNDOLA,150,152,139,153,193,178,174,174,176,153,144,134
CASANARE,OROCUE,PERENCO COLOMBIA LIMITED,OROPENDOLA PERENCO,VIREO,149,144,152,155,149,147,160,186,176,176,160,162
CASANARE,OROCUE,FRONTERA ENERGY,CASANARE ESTE,CURITO,233,208,196,189,181,171,162,233,236,282,298,283
CASANARE,OROCUE,FRONTERA ENERGY,MAPACHE,TUCUSO,-,-,-,-,47,384,404,361,177,147,110,152
CASANARE,OROCUE,OIRU CORPORATION,NASHIRA,ALEPE,-,-,-,-,-,166,165,159,163,176,162,160
CASANARE,OROCUE,OIRU CORPORATION,NASHIRA,ALVA SUR,-,-,-,-,-,80,79,18,-,-,-,-
CASANARE,OROCUE,OIRU CORPORATION,NASHIRA,NASHIRA NORTE,-,-,-,-,-,772,737,759,867,985,842,868
CASANARE,OROCUE,VETRA EXPLORACION Y PRODUCCION COLOMBIA S.A.S.,CDNDI LA PUNTA,JUAPE,372,386,494,479,470,456,426,340,317,294,263,224
CASANARE,OROCUE,VETRA EXPLORACION Y PRODUCCION COLOMBIA S.A.S.,CDNDI LA PUNTA,SANTO DOMINGO,754,769,798,768,718,639,576,578,550,511,467,466
CASANARE,OROCUE,VETRA EXPLORACION Y PRODUCCION COLOMBIA S.A.S.,CDNDI LA PUNTA,SANTO DOMINGO NORTE,605,601,615,557,511,483,476,479,458,439,461,547
CASANARE,PAZ DE ARIPORO,GEOPARK COLOMBIA S.A.S.,YAMU,YAMÚ,-,-,12,-,-,-,-,-,4,-,-,-
CASANARE,PAZ DE ARIPORO,GEOPARK COLOMBIA S.A.S.,LA CUERVA,CUERVA ESTE,2,-,-,0,-,-,-,-,-,-,-,0
CASANARE,PAZ DE ARIPORO,GEOPARK COLOMBIA S.A.S.,LA CUERVA,CUERVA NORESTE,49,71,68,63,66,62,58,58,57,57,56,56
CASANARE,PAZ DE ARIPORO,GEOPARK COLOMBIA S.A.S.,LA CUERVA,CUERVA OESTE,520,513,521,499,494,472,459,450,426,407,403,404
CASANARE,PAZ DE ARIPORO,GEOPARK COLOMBIA S.A.S.,LA CUERVA,CUERVA SUR,48,62,64,45,30,31,28,28,48,111,119,118
CASANARE,PAZ DE ARIPORO,NEW GRANADA ENERGY CORPORATION SUCURSAL COLOMBIA,DOROTEA,DOROTEA B,"2,529","2,428","2,300","2,214","2,093","2,016","2,195","2,157","2,091","2,050","1,980","1,943"
CASANARE,PAZ DE ARIPORO,NEW GRANADA ENERGY CORPORATION SUCURSAL COLOMBIA,LEONA,LEONA B,227,271,284,161,64,63,61,60,60,58,55,53
CASANARE,PAZ DE ARIPORO,NEW GRANADA ENERGY CORPORATION SUCURSAL COLOMBIA,LEONA,LEONA B NORTE,105,74,-,-,-,-,-,-,-,-,-,-
CASANARE,PAZ DE ARIPORO,NEW GRANADA ENERGY CORPORATION SUCURSAL COLOMBIA,LEONA,LEONA B SUR,125,118,116,113,94,87,81,81,82,81,80,80
CASANARE,PAZ DE ARIPORO,NEW GRANADA ENERGY CORPORATION SUCURSAL COLOMBIA,LEONA,LEONA C,44,44,41,39,40,39,38,33,33,32,32,31
CASANARE,PAZ DE ARIPORO,PACIFIC STRATUS ENERGY COLOMBIA CORP,E&E ARRENDAJO,AZOR,526,516,520,465,459,445,433,407,387,371,357,356
CASANARE,PAZ DE ARIPORO,PACIFIC STRATUS ENERGY COLOMBIA CORP,E&E ARRENDAJO,YAGUAZO,"1,645","1,576","1,536","1,514","1,499","1,508","1,509","1,461","1,404","1,354",998,"1,083"
CASANARE,PAZ DE ARIPORO,PAREX RESOURCES COLOMBIA LTD. SUCURSAL,E&P LLANOS 40,BEGONIA,768,760,718,688,662,639,633,593,573,548,539,527
CASANARE,PAZ DE ARIPORO,PERENCO COLOMBIA LIMITED,CASANARE,CAÑO GARZA,-,31,114,116,67,215,243,237,192,165,190,158
CASANARE,PAZ DE ARIPORO,PERENCO COLOMBIA LIMITED,CASANARE,CAÑO GARZA ESTE,160,271,284,264,303,296,279,276,257,251,254,247
CASANARE,PAZ DE ARIPORO,PERENCO COLOMBIA LIMITED,CASANARE,CAÑO GARZA NORTE,72,222,200,215,213,225,224,205,215,227,234,214
CASANARE,PAZ DE ARIPORO,PERENCO COLOMBIA LIMITED,ESTERO,ABEJAS,151,146,153,154,162,119,166,160,191,164,182,171
CASANARE,PAZ DE ARIPORO,PERENCO COLOMBIA LIMITED,ESTERO,CHAPARRITO,122,133,128,129,92,-,117,283,339,377,380,373
CASANARE,PAZ DE ARIPORO,TABASCO OIL COMPANY LLC,JAGUEYES,ANDALUZ,-,-,-,-,28,57,129,335,298,186,299,258
CASANARE,YOPAL,ECOPETROL S.A.,RECETOR EQUION,PAUTO SUR RECETOR,-,-,-,-,-,868,726,680,647,672,741,733
CASANARE,TAURAMENA,GEOPARK COLOMBIA S.A.S.,E&P LLANOS 34,CHACHALACA,-,-,-,-,-,-,-,-,0,-,-,-
CASANARE,TAURAMENA,GEOPARK COLOMBIA S.A.S.,E&P LLANOS 34,CHIRICOCA,38,722,945,954,961,962,962,964,963,960,960,815
CASANARE,TAURAMENA,GEOPARK COLOMBIA S.A.S.,E&P LLANOS 34,JACANA,-,-,-,-,"17,483","17,851","18,871","19,253","19,847","20,350",-,-
CASANARE,TAURAMENA,GEOPARK COLOMBIA S.A.S.,E&P LLANOS 34,JACANA,-,-,-,-,-,-,-,-,-,-,"21,326","20,688"
CASANARE,PORE,GEOPARK COLOMBIA S.A.S.,YAMU,CARUPANA,-,-,271,256,258,262,260,330,332,332,298,286
CASANARE,PORE,GEOPARK COLOMBIA S.A.S.,YAMU,POTRILLO,-,-,27,48,51,58,62,68,51,69,72,76
CASANARE,PORE,PAREX RESOURCES COLOMBIA LTD. SUCURSAL,E&P Llanos 16 Contrato # 45,KONA,393,336,268,30,-,-,-,-,-,24,-,-
CASANARE,SAN LUIS DE PALENQUE,CNE OIL & GAS S.A.S,E&P LLANOS 23,LEONO,366,371,370,350,352,294,294,289,167,163,159,262
CASANARE,SAN LUIS DE PALENQUE,CNE OIL & GAS S.A.S,E&P LLANOS 23,PANTRO,27,27,27,7,-,-,-,-,-,-,-,2
CASANARE,SAN LUIS DE PALENQUE,CNE OIL & GAS S.A.S,E&P LLANOS 23,TIGRO,36,36,36,23,-,11,18,16,14,15,15,15
CASANARE,SAN LUIS DE PALENQUE,PACIFIC STRATUS ENERGY COLOMBIA CORP,E&E CUBIRO,ARAUCO,96,92,87,84,81,75,73,73,74,74,71,70
CASANARE,SAN LUIS DE PALENQUE,PACIFIC STRATUS ENERGY COLOMBIA CORP,E&E CUBIRO,CARETO,306,306,282,273,267,265,259,259,265,255,231,218
CASANARE,SAN LUIS DE PALENQUE,PACIFIC STRATUS ENERGY COLOMBIA CORP,E&E CUBIRO,COPA,"1,830","2,761","2,513","2,502","2,615","2,504","2,347","2,248","2,111","1,875","2,193","2,171"
CASANARE,SAN LUIS DE PALENQUE,PACIFIC STRATUS ENERGY COLOMBIA CORP,E&E CUBIRO,COPA A NORTE,379,361,379,371,384,406,396,397,400,393,422,413
CASANARE,SAN LUIS DE PALENQUE,PACIFIC STRATUS ENERGY COLOMBIA CORP,E&E CUBIRO,COPA A SUR,227,210,186,193,183,176,157,142,133,127,115,87
CASANARE,SAN LUIS DE PALENQUE,PACIFIC STRATUS ENERGY COLOMBIA CORP,E&E CUBIRO,COPA B,379,353,343,274,261,261,251,248,243,229,214,203
CASANARE,SAN LUIS DE PALENQUE,PACIFIC STRATUS ENERGY COLOMBIA CORP,E&E CUBIRO,COPA C,278,271,284,285,292,269,266,265,254,251,114,50
CASANARE,SAN LUIS DE PALENQUE,PACIFIC STRATUS ENERGY COLOMBIA CORP,E&E CUBIRO,COPA D,748,759,735,689,741,715,654,659,615,598,599,571
CASANARE,SAN LUIS DE PALENQUE,PACIFIC STRATUS ENERGY COLOMBIA CORP,E&E CUBIRO,PETIRROJO,-,-,-,-,244,-,-,-,-,-,-,-
CASANARE,SAN LUIS DE PALENQUE,PACIFIC STRATUS ENERGY COLOMBIA CORP,E&E CUBIRO,PETIRROJO SUR,31,45,36,30,26,24,25,28,34,34,34,32
CASANARE,SAN LUIS DE PALENQUE,PACIFIC STRATUS ENERGY COLOMBIA CORP,E&E CUBIRO,TIJERETO,-,-,-,-,-,30,101,86,59,60,54,54
CASANARE,SAN LUIS DE PALENQUE,PAREX RESOURCES COLOMBIA LTD. SUCURSAL,E&P LLANOS 30,ADALIA,667,679,658,629,612,598,608,571,564,570,544,547
CASANARE,SAN LUIS DE PALENQUE,PAREX RESOURCES COLOMBIA LTD. SUCURSAL,E&P LOS OCARROS PAREX,LAS MARACAS,"1,721","1,299",922,936,726,594,900,769,734,647,592,459
CASANARE,SAN LUIS DE PALENQUE,PERENCO COLOMBIA LIMITED,CASANARE,BARQUEREÑA,281,279,247,236,261,206,64,196,223,234,232,223
CASANARE,SAN LUIS DE PALENQUE,PERENCO COLOMBIA LIMITED,CASANARE,CRAVO ESTE,431,395,377,358,361,365,349,328,327,177,389,245
CASANARE,SAN LUIS DE PALENQUE,PERENCO COLOMBIA LIMITED,CASANARE,LA FLORA,435,439,410,364,393,380,416,419,421,386,394,395
CASANARE,SAN LUIS DE PALENQUE,PERENCO COLOMBIA LIMITED,COROCORA,CAÑO GANDUL,217,224,191,215,493,546,314,195,263,247,213,225
CASANARE,SAN LUIS DE PALENQUE,PERENCO COLOMBIA LIMITED,COROCORA,REMACHE NORTE,521,539,533,535,498,541,551,529,497,507,482,450
CASANARE,SAN LUIS DE PALENQUE,PERENCO COLOMBIA LIMITED,COROCORA,REMACHE SUR,277,269,239,253,244,208,236,238,234,235,135,149
CASANARE,SAN LUIS DE PALENQUE,FRONTERA ENERGY,CASANARE ESTE,CURITO,183,163,154,149,142,135,129,183,186,222,234,223
CASANARE,TAURAMENA,CEPSA COLOMBIA S.A. - CEPCOLSA,GARIBAY,JILGUERO,653,627,608,684,540,490,448,389,301,282,407,414
CASANARE,TAURAMENA,CEPSA COLOMBIA S.A. - CEPCOLSA,GARIBAY,MELERO,-,-,-,-,-,-,-,-,-,-,140,160
CASANARE,TAURAMENA,CEPSA COLOMBIA S.A. - CEPCOLSA,TIPLE,JILGUERO SUR,577,561,516,493,494,468,447,431,410,424,443,440
CASANARE,TAURAMENA,ECOPETROL S.A.,RIO CHITAMENA,CUSIANA,"3,051","2,680","2,603","2,343","2,203",-,-,-,-,-,-,-
CASANARE,TAURAMENA,ECOPETROL S.A.,TAURAMENA,CUSIANA,"2,145","2,227","1,991","1,941","1,922",-,-,-,-,-,-,-
CASANARE,TAURAMENA,ECOPETROL S.A.,RIO CHITAMENA,CUSIANA,-,-,-,-,-,"2,098","2,125","2,846","1,823","1,461","1,249","1,414"
CASANARE,TAURAMENA,ECOPETROL S.A.,TAURAMENA,CUSIANA,-,-,-,-,-,"1,998","2,316","1,853","2,490","2,252","2,045","1,991"
CASANARE,TAURAMENA,GEOPARK COLOMBIA S.A.S.,E&P LLANOS 34,ARUCO,-,-,-,-,32,235,206,-,-,-,-,
CASANARE,TAURAMENA,GEOPARK COLOMBIA S.A.S.,E&P LLANOS 34,CHACHALACA,121,42,-,-,-,-,-,-,-,-,-,-
CASANARE,TAURAMENA,GEOPARK COLOMBIA S.A.S.,E&P LLANOS 34,MAX,576,582,585,574,550,556,551,516,531,528,515,493
CASANARE,TAURAMENA,GEOPARK COLOMBIA S.A.S.,E&P LLANOS 34,TARO TARO,"1,065","1,012",996,829,277,515,833,782,755,686,656,641
CASANARE,TAURAMENA,GEOPARK COLOMBIA S.A.S.,E&P LLANOS 34,TIGANA,"7,467","6,843","8,499","8,442","7,952","7,367","7,327","7,419","7,042","7,255","5,137","7,006"
CASANARE,TAURAMENA,GEOPARK COLOMBIA S.A.S.,E&P LLANOS 34,TIGANA NORTE,"2,914","2,877","2,828","2,791","2,746","2,679","2,678","2,702","2,989","4,712","6,534","8,617"
CASANARE,TAURAMENA,GEOPARK COLOMBIA S.A.S.,E&P LLANOS 34,TIGANA SUR,"5,320","7,454","7,457","7,349","7,498","7,831","7,445","7,082","6,878","6,670","6,629","6,670"
CASANARE,TAURAMENA,GEOPARK COLOMBIA S.A.S.,E&P LLANOS 34,TILO,548,548,498,472,451,429,421,424,561,590,556,537
CASANARE,TAURAMENA,GEOPARK COLOMBIA S.A.S.,E&P LLANOS 34,TUA,"7,970","7,708","7,964","8,024","5,293","6,782","7,396","7,026","7,025","6,631","6,283","5,714"
CASANARE,TAURAMENA,FRONTERA ENERGY,Canaguaro E&P-016 del 2006,Canaguay,341,209,388,365,209,160,374,272,-,134,459,314
CASANARE,TAURAMENA,VERANO ENERGY (BARBADOS) LIMITED,E&P LLANOS 32,CALONA,780,752,814,803,793,778,816,842,813,898,927,965
CASANARE,TAURAMENA,VERANO ENERGY (BARBADOS) LIMITED,E&P LLANOS 32,CARMENTEA,448,424,391,380,366,354,343,329,316,304,293,283
CASANARE,TAURAMENA,VERANO ENERGY (BARBADOS) LIMITED,E&P LLANOS 32,KANANASKIS,241,235,225,215,209,220,214,113,88,87,86,83
CASANARE,TRINIDAD,LEWIS ENERGY COLOMBIA INC,GUACHIRIA,LOS ACEITES,-,-,-,-,-,-,-,40,116,135,161,170
CASANARE,TRINIDAD,LEWIS ENERGY COLOMBIA INC,GUACHIRIA SUR,AGAVE,-,-,-,5,2,-,-,-,-,-,-,-
CASANARE,TRINIDAD,LEWIS ENERGY COLOMBIA INC,GUACHIRIA SUR,AZAFRÁN,-,-,-,685,571,-,-,-,820,708,585,535
CASANARE,TRINIDAD,LEWIS ENERGY COLOMBIA INC,GUACHIRIA SUR,TULIPÁN,586,533,483,460,407,389,380,373,361,334,315,298
CASANARE,TRINIDAD,PACIFIC STRATUS ENERGY COLOMBIA CORP,E&E CUBIRO,PETIRROJO,256,255,235,223,-,242,222,206,214,221,213,193
CASANARE,TRINIDAD,PACIFIC STRATUS ENERGY COLOMBIA CORP,E&E CUBIRO,YOPO,60,56,56,51,50,50,47,40,35,36,39,27
CASANARE,TRINIDAD,PERENCO COLOMBIA LIMITED,COROCORA,COREN,"2,048","2,025","1,928","1,716","1,845","1,796","1,703","1,626","1,548","1,464","1,431","1,337"
CASANARE,TRINIDAD,PERENCO COLOMBIA LIMITED,COROCORA,COROCORA,454,479,473,486,482,482,473,448,447,463,223,352
CASANARE,TRINIDAD,PERENCO COLOMBIA LIMITED,COROCORA,CORSUR,210,193,165,145,130,133,123,117,118,117,109,103
CASANARE,TRINIDAD,PERENCO COLOMBIA LIMITED,ESTERO,LOS TOROS,78,78,70,48,61,55,41,40,40,41,42,42
CASANARE,TRINIDAD,PERENCO COLOMBIA LIMITED,GARCERO,PALMARITO,236,242,228,239,226,164,196,244,233,247,233,227
CASANARE,TRINIDAD,PERENCO COLOMBIA LIMITED,GARCERO,SIRENAS,57,45,47,31,29,23,38,37,35,35,39,37
CASANARE,TRINIDAD,PERENCO COLOMBIA LIMITED,YALEA,TRINIDAD,797,770,729,725,781,767,760,765,730,763,731,625
CASANARE,VILLANUEVA,GEOPARK COLOMBIA S.A.S.,E&P LLANOS 34,JACANA,"12,474","12,302","13,796","14,186",-,-,-,-,-,-,-,-
CASANARE,VILLANUEVA,GEOPARK COLOMBIA S.A.S.,E&P LLANOS 34,CURUCUCÚ,-,-,-,-,-,-,-,53,"1,364","1,417",958,719
CASANARE,VILLANUEVA,GEOPARK COLOMBIA S.A.S.,E&P LLANOS 34,JACAMAR,-,-,-,-,-,587,477,275,78,365,286,146
CASANARE,VILLANUEVA,GEOPARK COLOMBIA S.A.S.,E&P LLANOS 34,TIGANA SUR,-,-,-,-,-,-,-,-,-,-,499,"1,880"
CASANARE,VILLANUEVA,PAREX RESOURCES COLOMBIA LTD. SUCURSAL,CABRESTERO PAREX,AKIRA,"2,397","2,096","1,756","1,998","1,670","1,512","1,492","1,452","1,828","1,810","1,737","1,579"
CASANARE,VILLANUEVA,PAREX RESOURCES COLOMBIA LTD. SUCURSAL,CABRESTERO PAREX,BACANO,326,544,178,"1,869","2,687",816,"4,074","3,147","1,511","4,340","3,947","1,817"
CASANARE,VILLANUEVA,PAREX RESOURCES COLOMBIA LTD. SUCURSAL,CABRESTERO PAREX,KITARO,120,90,59,54,30,8,8,1,-,-,-,-
CASANARE,VILLANUEVA,FRONTERA ENERGY,CORCEL,CARUTO,426,411,398,393,377,377,368,366,354,357,350,339
CASANARE,YOPAL,CANACOL ENERGY COLOMBIA S.A.,RANCHO HERMOSO ACUERDO PART CASANARE,RANCHO HERMOSO,-,-,-,-,647,599,707,670,642,522,448,448
CASANARE,YOPAL,CANACOL ENERGY COLOMBIA S.A.,RANCHO HERMOSO ACUERDO PART CASANARE-CANACOL,RANCHO HERMOSO 4,674,662,644,650,-,-,-,-,-,-,-,-
CASANARE,YOPAL,COLOMBIA ENERGY DEVELOPMENT CO.,CEE RIO VERDE,BORAL,-,-,-,-,77,142,134,233,265,270,267,275
CASANARE,YOPAL,COLOMBIA ENERGY DEVELOPMENT CO.,CEE RIO VERDE,MARSUPIAL,-,-,265,268,115,284,258,207,143,131,110,74
CASANARE,YOPAL,COLOMBIA ENERGY DEVELOPMENT CO.,CEE RIO VERDE,TILODIRÁN,"1,871","2,404","1,604","1,899","2,447","2,237","2,395","2,324","2,179","1,797","1,575","1,559"
CASANARE,YOPAL,ECOPETROL S.A.,RECETOR EQUION,VOLCANERA,-,-,-,-,-,91,83,89,89,94,95,97
CASANARE,YOPAL,EMERALD ENERGY PLC SUCURSAL COLOMBIA,CAMPO RICO,LAS ACACIAS,-,-,-,0,-,-,-,-,-,-,-,0
CASANARE,YOPAL,EMERALD ENERGY PLC SUCURSAL COLOMBIA,CAMPO RICO,LOS POTROS,-,-,-,-,-,-,-,-,-,12,-,-
CASANARE,YOPAL,EMERALD ENERGY PLC SUCURSAL COLOMBIA,CAMPO RICO,VIGIA,222,210,224,266,249,272,345,355,390,385,382,381
CASANARE,YOPAL,EQUION ENERGÍA LIMITED,PIEDEMONTE EQUION,FLOREÑA,"7,976","7,994","7,908","7,004","7,510","7,394","6,566","5,563","6,826","7,806","6,934","6,498"
CASANARE,YOPAL,EQUION ENERGÍA LIMITED,PIEDEMONTE EQUION,FLOREÑA MIRADOR,"2,898","3,356","3,338","3,144","2,986","2,832","3,236","3,073","3,015","3,096","3,012","2,556"
CASANARE,YOPAL,EQUION ENERGÍA LIMITED,PIEDEMONTE EQUION,PAUTO SUR,"28,665","29,373","29,207","28,378","33,077","29,803","31,083","31,402","28,459","29,287","29,144","30,446"
CASANARE,YOPAL,EQUION ENERGÍA LIMITED,RECETOR EQUION,PAUTO SUR RECETOR,928,915,899,817,726,-,-,-,-,-,-,-
CASANARE,YOPAL,EQUION ENERGÍA LIMITED,RECETOR EQUION,VOLCANERA,93,94,93,89,75,-,-,-,-,-,-,-
CASANARE,YOPAL,PERENCO COLOMBIA LIMITED,CASANARE,LA GLORIA NORTE,813,784,750,730,688,662,636,634,592,566,551,559
CASANARE,YOPAL,PERENCO COLOMBIA LIMITED,CASANARE,MORICHAL,60,345,361,353,276,332,331,314,307,305,300,295
CASANARE,YOPAL,PERENCO COLOMBIA LIMITED,CASANARE,TOCARIA,285,342,265,280,385,431,374,370,355,345,363,384
CAUCA,PIAMONTE,ECOPETROL S.A.,SANTANA ECOPETROL,MARY,265,267,262,240,-,-,-,-,-,-,-,-
CAUCA,PIAMONTE,ECOPETROL S.A.,SANTANA ECOPETROL,MIRAFLOR,85,87,88,65,-,-,-,-,-,-,-,-
CAUCA,PIAMONTE,GRAN TIERRA ENERGY COLOMBIA LTD,GUAYUYACO,GUAYUYACO,552,515,612,601,646,611,626,534,513,559,536,551
CAUCA,PIAMONTE,GRAN TIERRA ENERGY COLOMBIA LTD,SANTANA GT,MARY,-,-,-,22,257,256,253,172,150,141,175,172
CAUCA,PIAMONTE,GRAN TIERRA ENERGY COLOMBIA LTD,SANTANA GT,MIRAFLOR,-,-,-,7,88,87,84,85,86,86,61,79
CESAR,AGUACHICA,CANACOL ENERGY COLOMBIA S.A.,E&P SANTA ISABEL,OSO PARDO,159,158,161,155,152,155,184,174,154,92,110,188
CESAR,AGUACHICA,CANACOL ENERGY COLOMBIA S.A.,VMM2 CANACOL,MONO ARAÑA,-,-,27,3,-,-,-,296,630,535,728,613
CESAR,AGUACHICA,ECOPETROL S.A.,OPERACION DIRECTA - LEBRIJA,DOÑA MARÍA,24,28,27,8,16,28,27,25,22,3,4,4
CESAR,AGUACHICA,LEWIS ENERGY COLOMBIA INC,Contrato E&P N° 39 de 2009 - VMM,CARAMELO,38,51,37,36,70,45,57,28,33,14,14,17
CESAR,RIO DE ORO,GRAN TIERRA ENERGY COLOMBIA LTD,E&P MIDAS,CHUIRA,-,-,-,-,-,-,-,151,139,67,33,22
CESAR,RIO DE ORO,PETROLEOS DEL NORTE S.A,E&P MIDAS,CHUIRA,236,191,147,63,74,-,-,-,-,-,-,-
CESAR,RIO DE ORO,PETROLEOS DEL NORTE S.A,TISQUIRAMA B,LOS ANGELES,578,615,820,726,819,753,716,795,804,620,576,650
CESAR,RIO DE ORO,PETROLEOS DEL NORTE S.A,TISQUIRAMA B,QUERUBÍN,39,38,139,143,82,81,79,82,83,79,79,80
CESAR,RIO DE ORO,UNION TEMPORAL MIDAS,E&P MIDAS,CHUIRA,-,-,-,-,-,71,118,-,-,-,-,-
CESAR,SAN MARTÍN,CONOCOPHILLIPS COLOMBIA VENTURES LIMITED,VMM3 ADICIONAL,PICOPLATA,-,8,7,-,29,-,22,-,-,-,-,-
CESAR,SAN MARTÍN,ECOPETROL S.A.,TISQUIRAMA-C,SAN ROQUE,"2,142","2,178","2,134","2,113","2,031","1,975","1,864","1,884","1,746","1,760","1,807","1,687"
CESAR,SAN MARTÍN,ECOPETROL S.A.,TISQUIRAMA-C,TISQUIRAMA,776,812,785,759,811,897,874,881,751,737,905,828
CESAR,SAN MARTÍN,GRAN TIERRA ENERGY COLOMBIA LTD,E&P MIDAS,ACORDIONERO,-,-,-,-,-,-,-,"10,547","11,498","12,724","14,793","16,423"
CESAR,SAN MARTÍN,GRAN TIERRA ENERGY COLOMBIA LTD,E&P MIDAS,ZOE,-,-,-,-,-,-,-,3,3,-,-,12
CESAR,SAN MARTÍN,PETROLEOS DEL NORTE S.A,E&P MIDAS,ACORDIONERO,"6,522","6,086","6,040","7,106","8,144",-,-,-,-,-,-,-
CESAR,SAN MARTÍN,UNION TEMPORAL MIDAS,E&P MIDAS,ACORDIONERO,-,-,-,-,-,"9,956","10,353",-,-,-,-,-
CESAR,SAN MARTÍN,UNION TEMPORAL MIDAS,E&P MIDAS,ZOE,-,-,-,-,-,-,24,-,-,-,-,-
CESAR,SAN MARTÍN,UNION TEMPORAL MIDAS,E&P MIDAS,MOCHUELO,-,-,-,-,-,-,-,85,194,-,-,-
CORDOBA,PUEBLO NUEVO,GEOPRODUCTION OIL AND GAS COMPANY OF COLOMBIA,ESPERANZA,NELSON,0,0,0,0,2,4,3,2,2,1,1,1
CUNDINAMARCA,GUADUAS,FRONTERA ENERGY,DINDAL - RIO SECO,GUADUAS,200,200,190,177,172,-,-,-,-,-,163,158
CUNDINAMARCA,GUADUAS,FRONTERA ENERGY,DINDAL - RIO SECO,GUADUAS,-,-,-,-,-,170,169,167,164,163,-,-
CUNDINAMARCA,PUERTO SALGAR,CINCO RANCH PETROLEUM COLOMBIA INC SUCURSAL COLOMBIA.,BOCACHICO,TORCAZ,27,26,25,26,33,34,34,34,35,2,-,-
CUNDINAMARCA,PULI,HOCOL S.A.,PULI HOCOL,PULI,127,120,96,61,61,50,57,56,65,87,86,51
DEPARTAMENTO NN,MUNICIPIO NN,EMERALD ENERGY PLC SUCURSAL COLOMBIA,OMBU,CAPELLA,-,-,-,-,-,-,39,83,-,-,-,-
HUILA,AIPE,ECOPETROL S.A.,PALERMO ECOPETROL,BALCÓN,969,964,"1,009",993,985,914,973,983,997,978,925,958
HUILA,AIPE,ECOPETROL S.A.,CONVENIO DE EXPLOTACIÓN PIJAO POTRERILLO,ARRAYÁN,614,624,616,603,584,564,549,530,520,499,477,464
HUILA,AIPE,ECOPETROL S.A.,CONVENIO DE EXPLOTACIÓN PIJAO POTRERILLO,BRISAS,77,77,107,125,123,122,117,121,122,116,119,124
HUILA,AIPE,ECOPETROL S.A.,CONVENIO DE EXPLOTACIÓN PIJAO POTRERILLO,DINA CRETÁCEOS,504,506,463,401,393,426,437,460,462,436,440,425
HUILA,AIPE,ECOPETROL S.A.,CONVENIO DE EXPLOTACIÓN PIJAO POTRERILLO,DINA TERCIARIOS,"4,536","4,574","4,128","4,037","4,106","4,113","3,828","3,945","3,940","3,628","3,531","3,650"
HUILA,AIPE,ECOPETROL S.A.,CONVENIO DE EXPLOTACIÓN PIJAO POTRERILLO,TEMPRANILLO,280,301,312,308,302,310,280,305,294,299,305,308
HUILA,AIPE,ECOPETROL S.A.,CONVENIO DE EXPLOTACIÓN PIJAO POTRERILLO,TEMPRANILLO NORTE,215,195,197,180,167,175,178,162,193,200,193,180
TOLIMA,ALVARADO,HOCOL S.A.,ARMERO HOCOL,TOTARE,35,31,44,31,27,6,-,-,-,-,-,-
HUILA,AIPE,ECOPETROL S.A.,CONVENIO DE EXPLOTACIÓN PIJAO POTRERILLO,TENAY,497,479,505,424,344,338,432,445,442,447,435,423
HUILA,AIPE,ECOPETROL S.A.,CONVENIO DE EXPLOTACIÓN PIJAO POTRERILLO,DINA NORTE,-,-,-,-,-,-,-,-,-,296,518,516
HUILA,BARAYA,ECOPETROL S.A.,HUILA 35,ANDALUCIA SUR,79,95,92,94,92,89,83,63,63,50,30,45
HUILA,GARZON,EMERALD ENERGY PLC SUCURSAL COLOMBIA,MATAMBO,GIGANTE,-,-,-,-,-,-,-,0,-,1,0,40
HUILA,GARZON,EMERALD ENERGY PLC SUCURSAL COLOMBIA,MATAMBO,GIGANTE CABALLOS,-,2,8,16,61,-,-,-,-,-,-,-
HUILA,NEIVA,ECOPETROL S.A.,PALERMO ECOPETROL,SAN FRANCISCO,"3,030","2,869","2,827","2,740","2,763","2,703","2,695","2,851","2,694","2,474","2,507","2,831"
HUILA,NEIVA,ECOPETROL S.A.,CONVENIO DE EXPLOTACIÓN PIJAO POTRERILLO,CEBÚ,184,184,192,154,179,181,159,171,161,150,139,141
HUILA,NEIVA,ECOPETROL S.A.,CONVENIO DE EXPLOTACIÓN PIJAO POTRERILLO,PALOGRANDE,"1,266","1,383","1,463","1,407","1,413","1,429","1,274","1,256","1,173","1,218","1,203","1,159"
HUILA,NEIVA,ECOPETROL S.A.,CONVENIO DE EXPLOTACIÓN PIJAO POTRERILLO,PALOGRANDE HONDA,158,154,161,156,153,144,151,147,140,142,147,135
HUILA,NEIVA,ECOPETROL S.A.,CONVENIO DE EXPLOTACIÓN PIJAO POTRERILLO,PIJAO POTRERILLO,153,176,166,132,128,140,181,193,174,166,144,153
HUILA,NEIVA,ECOPETROL S.A.,TELLO,LA JAGUA,54,53,50,55,49,53,54,52,55,52,54,52
HUILA,NEIVA,ECOPETROL S.A.,TELLO,TELLO,"4,833","4,897","4,852","4,770","4,688","4,855","4,737","4,538","4,404","4,646","4,826","4,578"
HUILA,NEIVA,ECOPETROL S.A.,CAGUAN ECOPETROL,ESPINO,16,15,14,12,14,13,15,13,12,13,12,12
HUILA,NEIVA,ECOPETROL S.A.,CAGUAN ECOPETROL,RIO CEIBAS,"1,169","1,155","1,280","1,200","1,130","1,062","1,127","1,040","1,056","1,127","1,046",788
HUILA,PAICOL,HOCOL S.A.,SAN JACINTO,LA CAÑADA NORTE,"1,695","1,653","1,658","1,639","1,618","1,561","1,525","1,500","1,501","1,486","1,458","1,465"
HUILA,PALERMO,ECOPETROL S.A.,PALERMO ECOPETROL,PALERMO,190,156,131,132,133,125,158,163,130,147,148,111
HUILA,PALERMO,ECOPETROL S.A.,PALERMO ECOPETROL,SAN FRANCISCO,"2,022","1,944","1,913","2,007","1,958","1,972","1,943","1,975","1,934","1,804","1,774","1,953"
HUILA,PALERMO,ECOPETROL S.A.,CONVENIO DE EXPLOTACIÓN PIJAO POTRERILLO,SANTA CLARA,610,473,585,616,604,633,767,656,702,753,729,702
HUILA,TESALIA,HOCOL S.A.,RIO PAEZ,LA HOCHA,910,"1,023",906,942,"1,000",914,950,"1,063",730,680,925,926
HUILA,VILLAVIEJA,ECOPETROL S.A.,CONVENIO DE EXPLOTACIÓN PIJAO POTRERILLO,LOMA LARGA,553,458,418,451,437,276,409,376,236,373,491,487
HUILA,YAGUARA,ECOPETROL S.A.,HOBO ECOPETROL,YAGUARA,"1,871","1,847","1,827","1,810","1,809","1,759","1,926","2,105","2,061","2,074","2,297","2,296"
MAGDALENA,ARIGUANI,PETROLEOS SUD AMERICANOS SUCURSAL COLOMBIA,EL DIFÍCIL,EL DIFÍCIL,204,230,257,257,230,254,246,235,223,204,192,164
MAGDALENA,SANTA ANA,PACIFIC STRATUS ENERGY COLOMBIA CORP,E&P GUAMA,CAPURE,-,-,1,-,2,1,1,0,0,0,0,0
MAGDALENA,SANTA ANA,PACIFIC STRATUS ENERGY COLOMBIA CORP,E&P GUAMA,COTORRA,2,7,3,6,1,7,3,2,1,16,1,1
MAGDALENA,SANTA ANA,PACIFIC STRATUS ENERGY COLOMBIA CORP,E&P GUAMA,MANAMO,26,18,13,8,12,10,7,6,10,8,3,2
MAGDALENA,SANTA ANA,PACIFIC STRATUS ENERGY COLOMBIA CORP,E&P GUAMA,PEDERNALITO,6,6,9,7,4,3,3,2,1,2,3,3
META,ACACIAS,ECOPETROL S.A.,CUBARRAL,CASTILLA NORTE,"39,570","38,993","35,958","39,852","42,548","44,013","40,178","45,274","41,894","43,335","43,245","44,582"
META,ACACIAS,ECOPETROL S.A.,CUBARRAL,CHICHIMENE,"51,804","50,660","42,229","50,879","51,325","50,849","50,911","50,234","51,477","50,001","48,187","49,584"
META,ACACIAS,ECOPETROL S.A.,CUBARRAL,CHICHIMENE SW,423,384,516,614,607,-,-,-,-,-,-,-
META,ACACIAS,ECOPETROL S.A.,CPO-9,AKACIAS,"3,752","4,492","4,186","6,088","4,956","5,447","5,579","6,571","6,774","6,732","6,285","6,282"
META,ACACIAS,ECOPETROL S.A.,CUBARRAL,CASTILLA,-,-,-,-,292,491,756,"1,171",422,-,-,-
META,ACACIAS,ECOPETROL S.A.,CUBARRAL,CHICHIMENE SW,-,-,-,-,-,568,653,727,670,475,590,517
META,BARRANCA DE UPIA,FRONTERA ENERGY,CORCEL,CORCEL A,-,-,-,-,-,198,227,338,385,403,426,412
META,BARRANCA DE UPIA,FRONTERA ENERGY,CORCEL,CORCEL C,181,196,260,317,348,370,378,377,382,380,374,370
META,BARRANCA DE UPIA,FRONTERA ENERGY,CORCEL,ESPADARTE,160,152,146,135,133,130,141,139,128,125,119,119
META,CABUYARO,ONGC VIDESH LIMITED SUCURSAL COLOMBIANA,CPO-5,MARIPOSA,-,-,-,-,259,-,-,-,-,-,942,"3,073"
META,CABUYARO,PAREX RESOURCES COLOMBIA LTD. SUCURSAL,CERRERO,KATMANDÚ NORTE,-,281,42,-,-,-,-,-,-,-,-,-
META,CABUYARO,FRONTERA ENERGY,CORCEL,COBRA,359,356,337,314,304,307,316,285,283,293,304,305
META,CABUYARO,FRONTERA ENERGY,CORCEL,CORCEL D,408,548,642,629,595,580,583,483,455,435,282,400
META,CABUYARO,FRONTERA ENERGY,CORCEL,CORCEL E,388,386,401,404,397,402,407,411,402,244,202,368
META,CABUYARO,FRONTERA ENERGY,CORCEL,ESPADARTE,29,28,28,28,27,27,26,23,23,23,24,24
META,CABUYARO,FRONTERA ENERGY,CORCEL,GUALA,86,-,-,-,-,-,-,-,-,-,-,-
META,CABUYARO,FRONTERA ENERGY,CORCEL,MAMBO,1,-,-,-,-,-,-,-,-,-,-,-
META,CABUYARO,FRONTERA ENERGY,CORCEL,TAYA,-,33,21,-,-,-,-,-,-,-,-,-
META,CABUYARO,FRONTERA ENERGY,GUATIQUIA,Alligator,-,-,-,-,-,-,-,-,-,-,-,79
META,CABUYARO,FRONTERA ENERGY,GUATIQUIA,ARDILLA,140,97,89,94,"1,517","1,782","1,597","1,402","1,278","1,185","1,049",660
META,CABUYARO,FRONTERA ENERGY,GUATIQUIA,AVISPA,"11,371","12,058","12,291","12,571","12,205","12,159","12,157","11,830","11,254","10,736","10,008","9,306"
META,CABUYARO,FRONTERA ENERGY,GUATIQUIA,CANDELILLA,"2,060","2,066","1,940","1,872","2,071","1,832","1,514","1,745","1,857","1,809","1,751","1,732"
META,CABUYARO,FRONTERA ENERGY,GUATIQUIA,CEIBO,"1,909","1,779","1,687","1,316","1,647","1,863","1,868","1,888","2,055","2,053","1,941","1,843"
META,CABUYARO,FRONTERA ENERGY,GUATIQUIA,YATAY,381,402,555,516,441,432,437,459,452,459,468,534
META,CASTILLA NUEVA,ECOPETROL S.A.,CUBARRAL,CASTILLA,"75,880","76,070","74,167","74,477","72,433","71,216","73,776","68,498","66,752","70,307","69,506","68,951"
META,CASTILLA NUEVA,ECOPETROL S.A.,CUBARRAL,CASTILLA ESTE,164,329,282,285,303,331,351,417,369,382,382,383
META,CASTILLA NUEVA,ECOPETROL S.A.,CUBARRAL,CASTILLA NORTE,-,-,-,-,35,30,-,-,-,-,-,-
META,GUAMAL,ECOPETROL S.A.,CUBARRAL,CHICHIMENE,994,"1,084",904,984,949,716,679,382,383,319,576,754
META,GUAMAL,ECOPETROL S.A.,CUBARRAL,CHICHIMENE SW,"19,674","20,894","17,541","20,149","19,769",-,-,-,-,-,-,-
META,GUAMAL,ECOPETROL S.A.,CUBARRAL,CHICHIMENE SW,-,-,-,-,-,"19,921","19,917","18,724","18,471","19,018","19,416","19,520"
META,MUNICIPIO NN,TECPETROL COLOMBIA S.A.S.,CPO-07,ATARRAYA OESTE,265,276,146,163,-,-,-,-,86,104,92,87
META,PUERTO GAITAN,CEPSA COLOMBIA S.A. - CEPCOLSA,CARACARA,CARACARA SUR A,"3,150","2,947","2,857","2,907","2,999","2,864","2,639","3,010","2,916","3,025","2,964","3,055"
META,PUERTO GAITAN,CEPSA COLOMBIA S.A. - CEPCOLSA,CARACARA,CARACARA SUR B Y C,"1,986","2,159","2,066","1,912","1,934","2,099","2,055","2,043","2,051","2,152","2,109","2,101"
META,PUERTO GAITAN,CEPSA COLOMBIA S.A. - CEPCOLSA,CARACARA,ELIZITA,"1,413","1,331","1,211","1,151","1,085","1,096","1,139","1,201","1,222","1,302","1,194","1,114"
META,PUERTO GAITAN,CEPSA COLOMBIA S.A. - CEPCOLSA,CARACARA,PEGUITA,"2,116","2,041","2,281","2,356","2,216","2,111","2,178","2,236","2,233","2,076","2,124","2,043"
META,PUERTO GAITAN,CEPSA COLOMBIA S.A. - CEPCOLSA,CARACARA,PEGUITA II,522,553,792,547,382,426,577,659,727,850,866,984
META,PUERTO GAITAN,CEPSA COLOMBIA S.A. - CEPCOLSA,CARACARA,PEGUITA III,"3,307","3,463","3,231","2,678","2,910","3,229","3,150","2,898","2,641","2,780","2,622","2,609"
META,PUERTO GAITAN,CEPSA COLOMBIA S.A. - CEPCOLSA,CARACARA,PEGUITA SW,"2,073","1,800","1,778","1,679","2,098","1,983","1,967","1,925","1,850","1,582","1,658","1,631"
META,PUERTO GAITAN,CEPSA COLOMBIA S.A. - CEPCOLSA,CARACARA,RANCHO QUEMADO,150,163,160,143,147,147,146,150,148,141,134,144
META,PUERTO GAITAN,CEPSA COLOMBIA S.A. - CEPCOLSA,CARACARA,TORO SENTADO,207,247,232,221,202,176,184,195,197,183,170,180
META,PUERTO GAITAN,CEPSA COLOMBIA S.A. - CEPCOLSA,CARACARA,TORO SENTADO NORTE,278,283,284,283,276,289,280,283,283,281,296,276
META,PUERTO GAITAN,CEPSA COLOMBIA S.A. - CEPCOLSA,CARACARA,TORO SENTADO WEST,229,224,201,204,213,216,204,155,136,142,152,145
META,PUERTO GAITAN,CEPSA COLOMBIA S.A. - CEPCOLSA,CARACARA,UNUMA,278,319,279,262,241,207,184,269,242,220,232,152
META,PUERTO GAITAN,ECOPETROL S.A.,RUBIALES ECOPETROL,RUBIALES,"119,195","118,909","117,572","117,127","113,973","113,931","119,515","119,104","121,671","121,684","120,770","121,275"
META,PUERTO GAITAN,ECOPETROL S.A.,CAÑO SUR E&P,CAÑO SUR,61,61,65,58,104,112,125,201,144,112,95,-
META,PUERTO GAITAN,ECOPETROL S.A.,CAÑO SUR E&P,CAÑO SUR ESTE,-,-,-,-,-,-,-,-,-,-,-,"1,852"
META,PUERTO GAITAN,ECOPETROL S.A.,CAÑO SUR E&P,EMBRUJO,-,4,266,128,94,63,54,11,16,13,1,-
META,PUERTO GAITAN,ECOPETROL S.A.,CAÑO SUR E&P,FAUNO,927,961,"1,042",963,964,961,913,833,950,"1,371","1,484",-
META,PUERTO GAITAN,ECOPETROL S.A.,CAÑO SUR E&P,MITO,181,180,192,186,187,203,203,179,181,180,134,-
META,PUERTO GAITAN,HOCOL S.A.,E&E GUARROJO,GUARROJO,931,949,919,918,871,860,831,810,780,741,466,715
META,PUERTO GAITAN,HOCOL S.A.,E&E GUARROJO,OCELOTE,"11,338","11,158","10,790","10,565","10,745","10,816","10,839","11,026","11,216","11,163","7,315","10,189"
META,PUERTO GAITAN,HOCOL S.A.,E&E GUARROJO,PINTADO,"2,092","2,118","2,490","2,522","2,284","2,099","2,005","1,976","1,970","1,901","1,384","1,877"
META,PUERTO GAITAN,META PETROLEUM CORP,CPE-6,HAMACA,"1,039","1,209","1,155","1,248","1,370","1,394",835,"1,112","1,132","1,350","1,380","1,293"
META,PUERTO GAITAN,META PETROLEUM CORP,E&P SABANERO,SABANERO,686,696,669,584,-,-,-,-,-,-,-,-
META,PUERTO GAITAN,META PETROLEUM CORP,QUIFA,AMBAR,"1,705","1,685","1,659","1,648","1,437","1,558","1,562","1,602","1,622","1,445","1,402","1,647"
META,PUERTO GAITAN,META PETROLEUM CORP,QUIFA,OPALO,641,586,534,511,531,545,563,567,564,936,"1,023",935
META,PUERTO GAITAN,META PETROLEUM CORP,QUIFA,QUIFA,"44,244","46,950","47,356","46,414","45,152","45,139","43,982","42,985","42,940","42,970","43,581","45,416"
META,PUERTO GAITAN,NEW GRANADA ENERGY CORPORATION SUCURSAL COLOMBIA,CABIONA,CABIONA,891,879,878,872,850,844,842,807,817,815,802,796
META,PUERTO GAITAN,TECPETROL COLOMBIA S.A.S.,CPO-07,ATARRAYA,478,476,442,437,420,411,403,391,381,364,371,343
META,PUERTO GAITAN,TECPETROL COLOMBIA S.A.S.,CPO-13,PENDARE,792,"1,312","1,321","1,252","1,236","1,200","1,132","1,052","1,001",985,972,"1,819"
META,PUERTO LLERAS,FRONTERA ENERGY,RIO ARIARI,LAPON,-,-,-,-,-,-,4,17,-,-,-,-
META,PUERTO LOPEZ,BC EXPLORACIÓN Y PRODUCCIÓN DE HIDROCARBUROS SL,LLANOS 66,JUANITO,-,-,-,-,-,-,-,8,-,-,-,-
META,PUERTO LOPEZ,ECOPETROL S.A.,ALMAGRO_ECOPETROL,ALMAGRO,109,121,121,112,117,-,-,-,-,-,-,-
META,PUERTO LOPEZ,ECOPETROL S.A.,VALDIVIA ECOPETROL,VALDIVIA ALMAGRO,238,227,214,245,-,-,-,-,-,-,-,-
META,PUERTO LOPEZ,ECOPETROL S.A.,VALDIVIA ECOPETROL,VALDIVIA ALMAGRO,-,-,-,-,256,-,-,-,-,-,-,-
META,PUERTO LOPEZ,HUPECOL OPERATING CO LLC,E&P LLANOS 58,LLANOS-58-4,"2,131","2,038","1,827","1,839","1,956","1,807","2,141","2,510","2,298","2,316","2,359","2,255"
META,PUERTO LOPEZ,Iberoamericana de Hidrocarburos CQ Exploración y Producción S.A.S.,VALDIVIA/ALMAGRO IH,ALMAGRO,-,-,-,-,1,117,114,114,176,191,229,256
META,PUERTO LOPEZ,Iberoamericana de Hidrocarburos CQ Exploración y Producción S.A.S.,VALDIVIA/ALMAGRO IH,VALDIVIA ALMAGRO,-,-,-,-,3,259,261,260,245,238,237,235
META,SAN MARTÍN,BC EXPLORACIÓN Y PRODUCCIÓN DE HIDROCARBUROS SL,LLANOS 33,IRACA,-,-,-,-,-,50,-,-,-,-,-,-
META,SAN MARTÍN,ECOPETROL S.A.,CDND CAMOA _ECOPETROL,CAMOA,33,32,32,32,27,1,-,-,-,-,-,-
META,SAN MARTÍN,ECOPETROL S.A.,CPO-11,VENUS,-,-,-,35,26,-,146,285,-,-,-,-
META,SAN MARTÍN,HUPECOL OPERATING CO LLC,CPO-11,VENUS,-,-,-,-,-,-,-,-,332,91,19,243
META,VILLAVICENCIO,ECOPETROL S.A.,APIAY,APIAY,"4,012","4,376","4,209","3,987","3,615","3,811","3,882","3,658","3,454","3,719","3,550","3,654"
META,VILLAVICENCIO,ECOPETROL S.A.,APIAY,APIAY ESTE,477,378,508,427,377,426,425,460,442,398,403,500
META,VILLAVICENCIO,ECOPETROL S.A.,APIAY,AUSTRAL,116,120,77,87,83,113,19,48,97,87,84,66
META,VILLAVICENCIO,ECOPETROL S.A.,APIAY,GAVAN,"1,628","1,555","1,710","1,635","1,664","1,605","1,742","1,713","1,586","1,540","1,344","1,540"
META,VILLAVICENCIO,ECOPETROL S.A.,APIAY,GUATIQUIA,"2,835","2,758","2,523","2,623","2,623","2,725","3,063","2,929","2,572","2,470","2,503","2,575"
META,VILLAVICENCIO,ECOPETROL S.A.,APIAY,LIBERTAD NORTE,34,261,181,175,142,130,181,162,134,118,120,154
META,VILLAVICENCIO,ECOPETROL S.A.,APIAY,POMPEYA,7,8,10,17,15,7,6,7,7,8,8,9
META,VILLAVICENCIO,ECOPETROL S.A.,APIAY,SURIA,"3,224","3,075","2,682","2,843","2,566","2,625","2,598","2,781","2,683","2,721","2,522","2,477"
META,VILLAVICENCIO,ECOPETROL S.A.,APIAY,SURIA SUR,"1,047","1,170","1,269","1,049","1,127","1,193","1,290","1,187","1,205","1,210","1,090","1,278"
META,VILLAVICENCIO,ECOPETROL S.A.,APIAY,TANANE,47,45,45,50,50,51,47,45,37,42,66,113
NARIÑO,IPIALES,ECOPETROL S.A.,ORITO,SUCUMBIOS,285,318,218,297,333,175,73,289,319,326,281,270
NORTE DE SANTANDER,CUCUTA,ECOPETROL S.A.,ZULIA,RIO ZULIA,445,449,446,411,387,421,449,447,459,-,-,-
NORTE DE SANTANDER,CUCUTA,Iberoamericana de Hidrocarburos CQ Exploración y Producción S.A.S.,ZULIA,RIO ZULIA,-,-,-,-,-,-,-,-,-,435,423,241
NORTE DE SANTANDER,LA ESPERANZA,ECOPETROL S.A.,PAVAS CACHIRA,PAVAS CACHIRA,54,53,54,54,52,54,50,52,53,51,54,54
NORTE DE SANTANDER,SARDINATA,WATTLE PETROLEUM COMPANY S.A.S,BLOQUE CARBONERA,CERRO GORDO,-,0,0,0,0,0,0,0,0,0,0,0
NORTE DE SANTANDER,TIBU,ECOPETROL S.A.,BARCO,SARDINATA,126,128,134,138,137,128,132,89,112,153,158,170
NORTE DE SANTANDER,TIBU,ECOPETROL S.A.,BARCO,TIBÚ,"2,583","2,421","2,557","2,514","2,569","2,560","2,502","2,573","2,640","2,567","2,364","2,452"
PUTUMAYO,MOCOA,ECOPETROL S.A.,SANTANA ECOPETROL,TOROYACO,257,185,124,107,-,-,-,-,-,-,-,-
PUTUMAYO,MOCOA,GRAN TIERRA ENERGY COLOMBIA LTD,CHAZA,MOQUETA,"6,069","6,457","6,185","5,907","5,424","5,470","5,237","4,784","4,467","4,459","4,318","4,186"
PUTUMAYO,MOCOA,GRAN TIERRA ENERGY COLOMBIA LTD,SANTANA GT,TOROYACO,-,-,-,10,119,136,162,156,151,153,148,113
PUTUMAYO,ORITO,ECOPETROL S.A.,ORITO,CARIBE,754,737,720,690,716,701,695,695,693,647,625,628
PUTUMAYO,ORITO,ECOPETROL S.A.,ORITO,CHURUYACO,692,571,413,305,207,248,500,382,366,234,212,262
PUTUMAYO,ORITO,ECOPETROL S.A.,ORITO,ORITO,"2,784","2,748","2,699","2,601","2,481","2,154","2,207","2,490","2,585","2,230","2,159","2,535"
PUTUMAYO,ORITO,ECOPETROL S.A.,ORITO,SAN ANTONIO,100,209,217,192,121,130,222,233,178,182,180,124
PUTUMAYO,ORITO,ECOPETROL S.A.,ORITO,SUCIO,52,55,56,56,55,54,49,51,33,-,-,1
PUTUMAYO,MUNICIPIO NN,GRAN TIERRA ENERGY COLOMBIA LTD,PUT-7,CONFIANZA,-,-,82,3,459,372,-,-,-,-,-,-
PUTUMAYO,PUERTO ASIS,AMERISUR EXPLORACION COLOMBIA LTD,PLATANILLO,PLATANILLO,"4,026","4,262","4,345","4,845","4,792","4,576","2,356","5,834","4,022","6,172","5,768","6,029"
PUTUMAYO,PUERTO ASIS,ECOPETROL S.A.,ORITO,QUILILI,211,208,210,141,168,273,294,293,274,121,113,244
PUTUMAYO,PUERTO ASIS,GRAN TIERRA ENERGY COLOMBIA LTD,PUT-7,ALPHA,27,41,25,-,-,-,-,26,41,21,-,-
PUTUMAYO,PUERTO ASIS,GRAN TIERRA ENERGY COLOMBIA LTD,PUT-7,CUMPLIDOR,507,60,-,-,-,51,"1,287","1,015","1,075",925,564,"1,215"
PUTUMAYO,PUERTO ASIS,VETRA EXPLORACION Y PRODUCCION COLOMBIA S.A.S.,CPI SUR ORIENTE,COHEMBI,"3,191","3,010","3,074","3,810","4,378","5,543","5,648","4,762","5,168","6,591","4,969","6,487"
PUTUMAYO,PUERTO ASIS,VETRA EXPLORACION Y PRODUCCION COLOMBIA S.A.S.,CPI SUR ORIENTE,QUILLACINGA,934,898,945,891,793,767,775,764,682,991,670,693
PUTUMAYO,PUERTO ASIS,VETRA EXPLORACION Y PRODUCCION COLOMBIA S.A.S.,CPI SUR ORIENTE,QUINDE,"1,018","1,019",897,820,810,813,829,829,880,852,672,798
PUTUMAYO,PUERTO CAICEDO,ECOPETROL S.A.,ORITO,CENCELLA,-,-,-,-,18,-,-,-,-,-,-,-
PUTUMAYO,PUERTO CAICEDO,ECOPETROL S.A.,ORITO,MANSOYA,159,164,166,164,127,444,462,433,367,369,331,293
PUTUMAYO,PUERTO CAICEDO,ECOPETROL S.A.,ORITO,YURILLA,107,174,162,115,151,-,-,-,-,-,-,-
PUTUMAYO,PUERTO CAICEDO,ECOPETROL S.A.,ORITO,YURILLA,-,-,-,-,-,256,211,269,134,-,-,-
PUTUMAYO,SAN MIGUEL,ECOPETROL S.A.,ORITO,ACAE SAN MIGUEL,"1,579","1,613","1,610","1,577","1,554",-,-,-,-,-,-,-
PUTUMAYO,SAN MIGUEL,ECOPETROL S.A.,ORITO,LORO,58,55,35,29,51,51,30,23,949,531,713,625
PUTUMAYO,SAN MIGUEL,ECOPETROL S.A.,ORITO,ACAE SAN MIGUEL,-,-,-,-,-,"1,565","1,605","1,594","1,556","1,553","1,528","1,433"
PUTUMAYO,VALLE DEL GUAMUEZ,ECOPETROL S.A.,ORITO,HORMIGA,54,46,58,51,8,-,-,-,-,-,-,-
PUTUMAYO,VALLE DEL GUAMUEZ,ECOPETROL S.A.,ORITO,LORO,663,597,647,545,554,612,450,488,473,476,498,484
PUTUMAYO,VALLE DEL GUAMUEZ,ECOPETROL S.A.,ORITO,HORMIGA,-,-,-,-,-,8,68,72,71,14,13,5
PUTUMAYO,VILLAGARZON,GRAN TIERRA ENERGY COLOMBIA LTD,CHAZA,COSTAYACO,"12,826","11,279","12,173","11,328","11,673","11,549","10,942","10,382","9,801","9,810","9,115","8,793"
PUTUMAYO,VILLAGARZON,GRAN TIERRA ENERGY COLOMBIA LTD,GUAYUYACO,JUANAMBU,392,433,384,383,400,421,427,391,386,362,390,357
PUTUMAYO,VILLAGARZON,GRAN TIERRA ENERGY COLOMBIA LTD,PUT-1,VONU,-,-,-,-,-,-,"1,025","1,667","1,885","1,909","1,829","2,003"
SANTANDER,BARRANCABERMEJA,ECOPETROL S.A.,DE MARES,GALA,"1,226","1,177","1,217","1,272","1,264","1,121","1,083","1,034",935,983,993,933
SANTANDER,BARRANCABERMEJA,ECOPETROL S.A.,DE MARES,GALÁN,647,649,684,653,605,589,585,610,631,526,454,465
SANTANDER,BARRANCABERMEJA,ECOPETROL S.A.,CONVENIO DE EXPLOTACIÓN LA CIRA INFANTAS,INFANTAS,"10,464","10,538","10,991","11,430","9,062","11,200","11,485","11,514","12,293","12,677","13,218","13,542"
SANTANDER,BARRANCABERMEJA,ECOPETROL S.A.,CONVENIO DE EXPLOTACIÓN LA CIRA INFANTAS,LA CIRA,"29,310","28,516","28,647","27,819","22,005","26,877","28,016","28,255","28,524","28,385","29,867","31,052"
SANTANDER,BARRANCABERMEJA,ECOPETROL S.A.,DE MARES,LLANITO,"1,763","1,821","1,910","2,018","2,005","1,849","1,807","1,708","1,645","1,831","1,892","1,890"
SANTANDER,BOLIVAR,LAS QUINCHAS RESOURCE CORP.,LAS QUINCHAS,BAÚL,-,-,16,27,22,10,27,24,23,22,22,7
SANTANDER,CIMITARRA,GAS PETROLEO Y DERIVADOS DE COLOMBIA S.A.S PETROCOLOMBIA S.A.S,OPON,OPÓN,33,32,31,30,28,29,29,28,26,25,20,11
SANTANDER,CIMITARRA,LAS QUINCHAS RESOURCE CORP.,LAS QUINCHAS,ACACIA ESTE,-,-,3,5,5,4,2,3,2,2,4,2
SANTANDER,CIMITARRA,MANSAROVAR ENERGY COLOMBIA LTD,NARE ASOCIACION,CHICALA,49,30,-,-,-,-,-,-,-,-,-,-
SANTANDER,EL CARMEN DE CHUCURI,ECOPETROL S.A.,DE MARES,SAN LUIS,50,53,51,52,52,51,50,51,50,51,49,49
SANTANDER,MUNICIPIO NN,ECOPETROL S.A.,TOCA,TOCA,43,39,32,30,33,34,32,33,34,33,34,34
SANTANDER,PUERTO WILCHES,ECOPETROL S.A.,YARIGUI-CANTAGALLO,YARIGUÍ-CANTAGALLO,"5,687","5,571","5,697","5,492","5,389","5,269","5,092","4,779","4,500","4,389","4,114","4,476"
SANTANDER,PUERTO WILCHES,ECOPETROL S.A.,YARIGUI-GARZAS,GARZAS,123,121,123,120,121,120,120,32,-,-,-,-
SANTANDER,RIONEGRO,AMERISUR EXPLORACION COLOMBIA LTD,E&P FENIX,FENIX,1,2,1,2,2,2,2,2,0,0,-,-
SANTANDER,RIONEGRO,ECOPETROL S.A.,PLAYON,BORANDA,-,5,56,34,-,-,-,-,-,-,-,-
SANTANDER,RIONEGRO,ECOPETROL S.A.,PROVINCIA P-NORTE,BONANZA,"2,216","2,191","2,237","2,207","2,247","2,162","2,238","2,169","2,150","2,123","2,062","1,904"
SANTANDER,RIONEGRO,GRAN TIERRA ENERGY COLOMBIA LTD,E&P LA PALOMA,COLÓN,-,-,-,-,-,-,-,215,215,217,214,232
SANTANDER,RIONEGRO,GRAN TIERRA ENERGY COLOMBIA LTD,E&P LA PALOMA,GAITERO,-,-,-,-,-,-,-,-,-,1,-,-
SANTANDER,RIONEGRO,GRAN TIERRA ENERGY COLOMBIA LTD,E&P LA PALOMA,JUGLAR,-,-,-,-,-,-,-,70,-,-,1,179
SANTANDER,RIONEGRO,PETROLEOS DEL NORTE S.A,E&P LA PALOMA,COLÓN,121,82,84,185,271,259,227,-,-,-,-,-
SANTANDER,RIONEGRO,PETROLEOS DEL NORTE S.A,E&P LA PALOMA,JUGLAR,141,141,140,141,142,142,142,-,-,-,-,-
SANTANDER,SABANA DE TORRES,ECOPETROL S.A.,CRISTALINA,CRISTALINA,-,76,122,125,130,128,126,107,39,-,-,39
SANTANDER,SABANA DE TORRES,ECOPETROL S.A.,PLAYON,AULLADOR,304,275,140,208,553,527,485,397,431,419,418,417
SANTANDER,SABANA DE TORRES,ECOPETROL S.A.,PROVINCIA P-SUR,PROVINCIA,"3,509","3,231","3,044","2,988","2,907","2,999","2,985","2,791","2,775","2,694","2,601","2,576"
SANTANDER,SABANA DE TORRES,PETROSANTANDER (COLOMBIA) INC.,EL PIÑAL,LIEBRE,68,60,63,61,58,56,52,51,52,56,52,54
SANTANDER,SABANA DE TORRES,PETROSANTANDER (COLOMBIA) INC.,LAS MONAS,CORAZÓN,43,34,31,35,28,34,35,34,31,30,31,21
SANTANDER,SABANA DE TORRES,PETROSANTANDER (COLOMBIA) INC.,LAS MONAS,CORAZÓN WEST,240,261,200,195,220,229,192,168,207,203,206,197
SANTANDER,SABANA DE TORRES,PETROSANTANDER (COLOMBIA) INC.,LAS MONAS,LA SALINA,"1,221","1,221","1,203","1,219","1,270","1,281","1,248","1,193","1,181","1,178","1,204","1,155"
SANTANDER,SABANA DE TORRES,PETROSANTANDER (COLOMBIA) INC.,LAS MONAS,PAYOA,608,595,595,561,567,518,493,491,522,513,535,488
SANTANDER,SABANA DE TORRES,PETROSANTANDER (COLOMBIA) INC.,LAS MONAS,PAYOA WEST,7,6,6,6,7,7,6,6,5,5,6,6
SANTANDER,SAN VICENTE DE CHUCURI,ECOPETROL S.A.,Convenio de Explotación Lisama-Nutria,LISAMA-NORTE,33,32,30,25,24,29,29,27,23,20,20,18
SANTANDER,SAN VICENTE DE CHUCURI,ECOPETROL S.A.,DE MARES,COLORADO,-,86,118,132,128,123,145,136,121,119,111,156
SANTANDER,SAN VICENTE DE CHUCURI,ECOPETROL S.A.,DE MARES,COYOTE,-,-,-,-,-,-,-,-,-,8,-,-
SANTANDER,SAN VICENTE DE CHUCURI,ECOPETROL S.A.,DE MARES,LISAMA,835,783,757,882,824,755,681,731,854,912,933,967
SANTANDER,SAN VICENTE DE CHUCURI,ECOPETROL S.A.,Convenio de Explotación Lisama-Nutria,NUTRIA,"1,357","1,315","1,256","1,220","1,173","1,232","1,219","1,247","1,240","1,249","1,240","1,196"
SANTANDER,SAN VICENTE DE CHUCURI,ECOPETROL S.A.,DE MARES,TESORO,275,254,248,239,237,230,267,257,255,240,229,236
SANTANDER,SIMACOTA,ECOPETROL S.A.,DE MARES,AGUAS BLANCAS,45,121,-,11,9,70,294,302,294,302,236,221
SUCRE,LOS PALMITOS,PACIFIC STRATUS ENERGY COLOMBIA CORP,LA CRECIENTE,LA CRECIENTE,5,6,4,5,5,4,4,4,3,3,3,5
SUCRE,OVEJAS,HOCOL S.A.,E&P SAMAN,BONGA,2,8,7,7,6,8,7,7,2,7,7,6
SUCRE,OVEJAS,HOCOL S.A.,E&P SAMAN,MAMEY,17,23,22,23,24,27,29,26,16,28,30,28
SUCRE,SAN PEDRO,PACIFIC STRATUS ENERGY COLOMBIA CORP,LA CRECIENTE,APAMATE,0,0,-,-,-,-,-,-,-,-,-,-
SUCRE,SAN PEDRO,PACIFIC STRATUS ENERGY COLOMBIA CORP,LA CRECIENTE,LA CRECIENTE,6,6,4,4,4,4,4,4,3,3,3,4
SUCRE,SAN PEDRO,PACIFIC STRATUS ENERGY COLOMBIA CORP,LA CRECIENTE,LA CRECIENTE I,2,0,-,-,-,-,-,-,-,-,-,-
TOLIMA,CHAPARRAL,HOCOL S.A.,TOLIMA B HOCOL,RÍO SALDAÑA,217,213,210,205,204,173,221,210,210,203,204,195
TOLIMA,ESPINAL,PACIFIC STRATUS ENERGY COLOMBIA CORP,ABANICO,ABANICO,813,823,780,787,718,711,674,594,587,685,728,624
TOLIMA,GUAMO,LAS QUINCHAS RESOURCE CORP.,GUASIMO,LISA,-,-,-,-,5,5,2,1,-,1,1,1
TOLIMA,MELGAR,PERENCO OIL AND GAS COLOMBIA LIMITED,BOQUERON,GUANDO,"7,592","7,366","7,346","7,327","7,047","6,732","6,730","6,501","6,720","6,393","6,670","6,708"
TOLIMA,MELGAR,PERENCO OIL AND GAS COLOMBIA LIMITED,BOQUERON,GUANDO SW,"2,456","3,286","3,735","3,379","2,801","3,083","2,902","2,924","2,827","2,639","2,531","2,451"
TOLIMA,ORTEGA,HOCOL S.A.,CPI ORTEGA OTROSI 1,ORTEGA,-,98,196,188,203,216,290,434,407,363,341,293
TOLIMA,ORTEGA,HOCOL S.A.,CPI ORTEGA OTROSI 1,PACANDE,-,10,580,474,445,421,408,415,436,503,453,424
TOLIMA,ORTEGA,HOCOL S.A.,CPI ORTEGA OTROSI 1,TOLDADO,-,529,283,268,399,435,518,580,602,648,712,754
TOLIMA,ORTEGA,HOCOL S.A.,CPI ORTEGA OTROSI 1,TOY,-,-,-,-,9,-,3,15,10,-,-,-
TOLIMA,PIEDRAS,HOCOL S.A.,PULI HOCOL,TOQUI TOQUI,456,450,491,485,474,464,456,447,483,465,464,461
TOLIMA,PIEDRAS,INTEROIL COLOMBIA EXPLORATION AND PRODUCTION,AMBROSIA,AMBROSÍA,34,32,33,31,40,36,33,26,22,32,49,39
TOLIMA,PIEDRAS,INTEROIL COLOMBIA EXPLORATION AND PRODUCTION,MANA,MANÁ,714,697,715,689,674,677,660,641,656,620,611,594
TOLIMA,PIEDRAS,INTEROIL COLOMBIA EXPLORATION AND PRODUCTION,RIO OPIA,RÍO OPIA,35,39,36,35,40,41,39,36,38,37,34,31
TOLIMA,PRADO,HOCOL S.A.,ESPINAL - HOCOL,MATACHÍN SUR,310,287,260,214,183,220,125,91,275,343,312,293
TOLIMA,PURIFICACIÓN,HOCOL S.A.,CHENCHE HOCOL,CHENCHE,60,55,54,52,51,50,50,51,50,46,47,50
TOLIMA,PURIFICACIÓN,HOCOL S.A.,ESPINAL - HOCOL,MATACHÍN NORTE,"2,219","2,201","2,157","2,172","2,132","2,083","2,081","2,091","1,981","1,931","1,800","1,803"
TOLIMA,PURIFICACIÓN,HOCOL S.A.,ESPINAL - HOCOL,MATACHÍN SUR,359,349,337,309,298,272,269,422,251,237,245,236
TOLIMA,PURIFICACIÓN,HOCOL S.A.,ESPINAL - HOCOL,PURIFICACIÓN,130,127,124,122,121,122,118,115,116,116,516,662
