DEPARTAMENTO,CUENCA,EMPRESA,CONTRATO,CAMPO,ENERO,FEBRERO,MARZO,ABRIL,MAYO,JUNIO,JULIO,AGOSTO,SEPTIEMBRE,OCTUBRE
TOLIMA,VALLE SUPERIOR DEL MAGDALENA,KAPPA RESOURCES COLOMBIA LTD.,ABANICO,ABANICO,1094,1115,1089,1114,1073,1030,1015,1004,1014,958
BOYACA,VALLE MEDIO DEL MAGDALENA,MANSAROVAR ENERGY COLOMBIA LTD,NARE ASOCIACION,ABARCO,6638,5847,5846,5952,5619,5356,6124,5764,5712,6558
CASANARE,LLANOS ORIENTALES,PERENCO COLOMBIA LIMITED,ESTERO,ABEJAS,110,246,240,231,224,217,88,198,233,245
SANTANDER,VALLE MEDIO DEL MAGDALENA,KAPPA RESOURCES COLOMBIA LTD.,LAS QUINCHAS,ACACIA ESTE,4,5,5,5,6,7,6,7,7,6
PUTUMAYO,PUTUMAYO,ECOPETROL D. SUR,ORITO,ACAE-SAN MIGUEL (PTO COLON),2014,2351,2550,3082,3102,2509,2115,2558,2420,2512
CESAR,CESAR - RANCHERÍA,PETROLEOS DEL NORTE S.A,E&P MIDAS,ACORDIONERO,1485,355,1512,2401,2503,2477,2290,1871,2321,2666
CASANARE,LLANOS ORIENTALES,PAREX RESOURCES COLOMBIA LTD,E&P LLANOS 30,ADALIA,687,842,393,0,0,480,1237,1326,1313,1345
PUTUMAYO,PUTUMAYO,EMERALD ENERGY  DE COLOMBIA PLC,MARANTA,AGAPANTO,0,74,154,239,185,326,270,248,233,222
SANTANDER,VALLE MEDIO DEL MAGDALENA,ECOPETROL,DE MARES,AGUAS BLANCAS,22,21,21,21,16,22,22,22,22,24
META,LLANOS ORIENTALES,ECOPETROL,CP0-9,AKACIAS,7095,3356,9382,7955,8313,6738,7705,9016,7661,9229
CASANARE,LLANOS ORIENTALES,PAREX RESOURCES COLOMBIA LTD,CABRESTERO PAREX,AKIRA,506,484,887,2066,2063,943,759,480,914,2099
CASANARE,LLANOS ORIENTALES,CEPSA COLOMBIA S.A. - CEPCOLSA,MERECURE,ALAZÁN NORTE,0,0,0,0,9,0,0,0,0,0
CASANARE,LLANOS ORIENTALES,SOGOMI ENERGY S.A.,NASHIRA,ALEPE,56,69,88,79,74,125,110,111,95,35
META,LLANOS ORIENTALES,ECOPETROL LLANOS,ALMAGRO_ECOPETROL,ALMAGRO,98,260,429,417,421,418,403,405,371,0
CASANARE,LLANOS ORIENTALES,INTEROIL COLOMBIA EXPLORATION AND PRODUCTION,ALTAIR,ALTAIR,136,133,130,128,120,118,112,110,113,108
META,LLANOS ORIENTALES,META PETROLEUM,QUIFA,AMBAR,3054,3104,3311,3550,3345,3416,2693,2328,2849,2911
TOLIMA,VALLE SUPERIOR DEL MAGDALENA,INTEROIL COLOMBIA EXPLORATION AND PRODUCTION,AMBROSIA,AMBROSIA,32,31,50,46,40,40,40,39,39,38
HUILA,VALLE SUPERIOR DEL MAGDALENA,ECOPETROL ALTO MAGDALENA,ALTO MAGDALENA,ANDALUCIA SUR,52,54,55,61,57,59,58,56,48,33
CASANARE,LLANOS ORIENTALES,TABASCO OIL COMPANY,JAGUEYES,ANDALUZ,26,32,284,156,159,154,132,114,114,126
CASANARE,LLANOS ORIENTALES,GRUPO C&C ENERGÍA BARBADOS SUCURSAL COLOMBIA.,CACHICAMO-026-22008,ANDARRIOS,388,385,394,362,297,262,222,234,213,228
SUCRE,VALLE INFERIOR DEL MAGDALENA,PACIFIC STRATUS ENERGY,LA CRECIENTE,APAMATE,0,0,0,0,0,0,0,0,0,0
META,LLANOS ORIENTALES,ECOPETROL,APIAY Incremental,APIAY,6018,5633,5268,5403,5335,5220,5110,4918,5137,4899
META,LLANOS ORIENTALES,ECOPETROL,APIAY Incremental,APIAY ESTE,395,435,464,422,408,451,460,453,386,357
ARAUCA,LLANOS ORIENTALES,OCCIDENTAL DE COLOMBIA INC.,CHIPIRON,ARAGUATO,260,267,153,0,49,224,143,249,258,265
ARAUCA,LLANOS ORIENTALES,ECOPETROL,ARAUCA,ARAUCA,210,204,62,192,227,194,104,195,202,213
CASANARE,LLANOS ORIENTALES,ALANGE ENERGY CORP SUC COLOMBIA,E&E CUBIRO,ARAUCO,300,263,225,217,220,148,151,160,124,141
META,LLANOS ORIENTALES,PETROMINERALES COLOMBIA LTD,GUATIQUIA,ARDILLA,0,0,0,0,0,0,0,0,0,0
ANTIOQUIA,VALLE MEDIO DEL MAGDALENA,ECOPETROL,OPERACION-DIRECTA ECOPETROL,AREA TECA-COCORNA,834,847,918,974,1011,983,965,944,916,958
ANTIOQUIA,VALLE MEDIO DEL MAGDALENA,ECOPETROL,OPERACION-DIRECTA ECOPETROL,AREA TECA-COCORNA,607,589,480,421,441,427,421,426,434,418
HUILA,VALLE SUPERIOR DEL MAGDALENA,ECOPETROL ALTO MAGDALENA,ALTO MAGDALENA,ARRAYAN,2068,2024,2035,2022,2007,2000,1946,1783,1565,1480
CASANARE,LLANOS ORIENTALES,GEOPARK COLOMBIA PN S.A SUCURSAL COLOMBIA (Winchester),E&P LLANOS 34,ARUCO,0,0,329,679,539,400,420,388,363,347
META,LLANOS ORIENTALES,Tecpetrol Colombia S.A.S.,CPO-07,ATARRAYA,1627,1861,1832,1548,1400,1222,1095,999,989,1113
SANTANDER,VALLE MEDIO DEL MAGDALENA,ECOPETROL,PLAYON,AULLADOR,3,0,104,39,0,0,0,0,123,324
CESAR,CESAR - RANCHERÍA,EMERALD ENERGY  DE COLOMBIA PLC,FORTUNA,AURELIANO,3,0,3,0,0,0,0,0,0,0
META,LLANOS ORIENTALES,ECOPETROL,APIAY Incremental,AUSTRAL,0,0,0,0,45,277,243,417,541,479
META,LLANOS ORIENTALES,PETROMINERALES COLOMBIA LTD,GUATIQUIA,AVISPA,0,0,0,29,317,674,926,850,805,752
CASANARE,LLANOS ORIENTALES,PACIFIC STRATUS ENERGY,E&E ARRENDAJO,AZOR,1316,1281,1274,1241,1249,1208,1084,1180,1118,1070
CASANARE,LLANOS ORIENTALES,PERENCO COLOMBIA LIMITED,E&P EL BALAY,BALAY,0,0,0,0,0,425,389,353,338,160
CASANARE,LLANOS ORIENTALES,PETROBRAS COLOMBIA LIMITED,E&P EL BALAY,BALAY,230,293,328,325,454,0,0,0,0,0
HUILA,VALLE SUPERIOR DEL MAGDALENA,ECOPETROL ALTO MAGDALENA,PALERMO ECOPETROL,BALCON,1616,1646,1620,1627,1614,1587,1536,1560,1568,1341
CASANARE,LLANOS ORIENTALES,P1 ENERGY DELTA CORP. SUCURSAL COLOMBIA,E&P LLANOS 32,BANDOLA,872,764,603,550,464,401,353,322,257,266
CASANARE,LLANOS ORIENTALES,PERENCO COLOMBIA LIMITED,CASANARE,BARQUEREÑA,380,354,182,285,326,333,308,303,290,307
CESAR,CESAR - RANCHERÍA,ECOPETROL,BARRANCAS LEBRIJA,BARRANCA-LEBRIJA,0,0,0,0,0,0,11,10,11,0
CESAR,CESAR - RANCHERÍA,UT MOCAM,BARRANCAS LEBRIJA,BARRANCA-LEBRIJA,5,11,11,11,11,10,0,0,0,0
SANTANDER,VALLE MEDIO DEL MAGDALENA,ECOPETROL,BARRANCAS LEBRIJA,BARRANCA-LEBRIJA,0,0,0,0,0,0,0,0,0,10
SANTANDER,VALLE MEDIO DEL MAGDALENA,UT MOCAM,BARRANCAS LEBRIJA,BARRANCA-LEBRIJA,5,0,0,0,0,0,0,0,0,0
CASANARE,LLANOS ORIENTALES,GRUPO C&C ENERGÍA BARBADOS SUCURSAL COLOMBIA.,CRAVOVIEJO,BASTIDAS,882,1622,1146,1241,1151,1132,1093,1080,1107,954
SANTANDER,VALLE MEDIO DEL MAGDALENA,KAPPA RESOURCES COLOMBIA LTD.,LAS QUINCHAS,BAUL,29,22,29,27,26,25,25,24,23,23
CASANARE,LLANOS ORIENTALES,PAREX RESOURCES COLOMBIA LTD,E&P LLANOS 40,BEGONIA,0,0,0,359,2,0,0,195,478,765
META,LLANOS ORIENTALES,PETROMINERALES COLOMBIA LTD,CORCEL,BOA,0,1,1,2,20,0,3,6,0,6
BOYACA,CORDILLERA ORIENTAL,UNION TEMPORAL OMEGA ENERGY,BUENAVISTA,BOLIVAR,0,0,52,52,0,0,0,0,0,0
BOYACA,CORDILLERA ORIENTAL,UNION TEMPORAL OMEGA ENERGY,BUENAVISTA,BOLIVAR,53,53,0,0,51,49,48,48,47,47
SANTANDER,VALLE MEDIO DEL MAGDALENA,ECOPETROL,PROVINCIA INCREMENTAL,BONANZA,1187,1216,1115,1140,1207,1178,1154,1105,1165,1138
BOLIVAR,VALLE INFERIOR DEL MAGDALENA,ECOPETROL,CICUCO,BOQUETE,111,89,92,86,82,62,51,42,55,55
CASANARE,LLANOS ORIENTALES,COLOMBIA ENERGY DEVELOPMENT,CEE RIO VERDE,BORAL,81,81,80,80,79,77,74,73,71,71
MAGDALENA,VALLE INFERIOR DEL MAGDALENA,PETROLIFERA,SIERRA NEVADA,BRILLANTE,0,1,2,5,7,3,0,0,0,0
HUILA,VALLE SUPERIOR DEL MAGDALENA,ECOPETROL ALTO MAGDALENA,ALTO MAGDALENA,BRISAS,267,290,299,309,354,325,330,319,304,311
PUTUMAYO,PUTUMAYO,UNION TEMPORAL II&B,"CDND/I NANCY, BURDINE, MAXINE",BURDINE,48,98,117,113,30,57,80,36,68,72
META,LLANOS ORIENTALES,NEW GRANADA ENERGY CORPORATION (HUPECOL LL),CABIONA,CABIONA,904,899,889,878,883,901,884,906,916,951
BOYACA,VALLE MEDIO DEL MAGDALENA,ECOPETROL ALTO MAGDALENA,ECOP-OP-DIRECTA,CAIPAL,532,528,530,524,529,538,579,630,638,630
CASANARE,LLANOS ORIENTALES,P1 ENERGY DELTA CORP. SUCURSAL COLOMBIA,E&P LLANOS 32,CALONA,0,0,0,0,0,110,7,0,0,0
META,LLANOS ORIENTALES,ECOPETROL LLANOS,CDND CAMOA _ECOPETROL,CAMOA,0,0,0,0,0,0,0,0,8,35
CASANARE,LLANOS ORIENTALES,EMERALD ENERGY  DE COLOMBIA PLC,CAMPO RICO,CAMPO RICO,547,652,775,752,755,767,750,750,724,666
CASANARE,LLANOS ORIENTALES,COLOMBIA ENERGY DEVELOPMENT,ALCARAVAN,CANACABARE,61,67,61,60,59,53,49,31,42,46
CASANARE,LLANOS ORIENTALES,PETROMINERALES COLOMBIA LTD,Canaguaro E&P-016 del 2006,CANAGUARO,0,0,0,0,0,0,381,2372,2483,3000
ARAUCA,LLANOS ORIENTALES,OCCIDENTAL DE COLOMBIA INC.,COSECHA,CANAGUEY,2794,2777,1553,143,375,1735,1340,1629,1437,1450
CASANARE,LLANOS ORIENTALES,PERENCO COLOMBIA LIMITED,GARCERO,CANDALAY,0,0,19,23,20,19,0,14,20,18
META,LLANOS ORIENTALES,PETROMINERALES COLOMBIA LTD,GUATIQUIA,CANDELILLA,3197,2806,2628,1868,2331,2432,2620,2671,2636,2589
ARAUCA,LLANOS ORIENTALES,OCCIDENTAL DE COLOMBIA INC.,COSECHA,CANGREJO,0,0,0,0,24,30,50,45,36,28
CASANARE,LLANOS ORIENTALES,PERENCO COLOMBIA LIMITED,COROCORA,CAÑO DUYA,0,19,53,31,0,0,0,0,0,0
CASANARE,LLANOS ORIENTALES,PERENCO COLOMBIA LIMITED,COROCORA,CAÑO GANDUL,433,457,470,528,557,497,467,332,0,0
CASANARE,LLANOS ORIENTALES,PERENCO COLOMBIA LIMITED,CASANARE,CAÑO GARZA,91,96,98,116,88,81,3,61,77,266
CASANARE,LLANOS ORIENTALES,PERENCO COLOMBIA LIMITED,CASANARE,CAÑO GARZA ESTE,27,30,23,0,0,0,0,0,58,144
CASANARE,LLANOS ORIENTALES,PERENCO COLOMBIA LIMITED,CASANARE,CAÑO GARZA NORTE,380,176,124,11,378,425,406,470,514,500
ARAUCA,LLANOS ORIENTALES,OCCIDENTAL DE COLOMBIA INC.,CRAVO NORTE,CAÑO LIMON,27216,33265,17313,405,4199,33427,20888,32375,31672,31056
ARAUCA,LLANOS ORIENTALES,OCCIDENTAL DE COLOMBIA INC.,CRAVO NORTE,CAÑO LIMON,5677,50,16,0,19,256,133,176,168,166
ARAUCA,LLANOS ORIENTALES,OCCIDENTAL DE COLOMBIA INC.,RONDON,CAÑO RONDON,8589,8273,7049,57,1952,9590,7544,9523,7809,7579
META,LLANOS ORIENTALES,ECOPETROL,CAÑO SUR E&P,CAÑO SUR,0,0,0,0,0,31,317,244,208,197
ARAUCA,LLANOS ORIENTALES,OCCIDENTAL DE COLOMBIA INC.,CRAVO NORTE,CAÑO YARUMAL,6132,6097,2853,66,805,6014,3679,6290,6549,6168
DEPARTAMENTO NN,,EMERALD ENERGY  DE COLOMBIA PLC,OMBU,CAPELLA,2643,3091,3234,3383,2206,3106,3055,3311,3216,3578
META,LLANOS ORIENTALES,CEPSA COLOMBIA S.A. - CEPCOLSA,CARACARA,CARACARA SUR A,5801,5639,5502,5300,5049,5025,4725,4568,4649,4324
META,LLANOS ORIENTALES,CEPSA COLOMBIA S.A. - CEPCOLSA,CARACARA,CARACARA SUR B y C,3628,3746,4568,4862,4837,4415,4356,4156,3807,3629
NORTE DE SANTANDER,CATATUMBO,MOMPOS OIL COMPANY INC,CARBONERA CDNDI,CARBONERA-LA SILLA,19,20,17,22,22,15,0,0,0,20
CASANARE,LLANOS ORIENTALES,ALANGE ENERGY CORP SUC COLOMBIA,E&E CUBIRO,CARETO,1273,1097,907,819,921,866,1131,1108,1224,995
PUTUMAYO,PUTUMAYO,ECOPETROL D. SUR,ORITO,CARIBE,1520,1455,1413,1476,1369,1347,1338,1278,1150,1146
ARAUCA,LLANOS ORIENTALES,OCCIDENTAL DE COLOMBIA INC.,RONDON,CARICARE,8296,7964,5401,487,1365,6051,4294,5460,6760,6527
CASANARE,LLANOS ORIENTALES,P1 ENERGY DELTA CORP. SUCURSAL COLOMBIA,E&P LLANOS 32,CARMENTEA,0,0,0,0,15,689,1368,2003,2057,2314
CASANARE,LLANOS ORIENTALES,GRUPO C&C ENERGÍA BARBADOS SUCURSAL COLOMBIA.,CRAVOVIEJO,CARRIZALES,2864,2487,2437,2326,2437,2375,2232,2216,2147,2113
CASANARE,LLANOS ORIENTALES,GEOPARK COLOMBIA PN S.A SUCURSAL COLOMBIA (Winchester),YAMU,CARUPANA,259,224,286,225,286,285,231,288,355,362
CASANARE,LLANOS ORIENTALES,PETROMINERALES COLOMBIA LTD,CORCEL,CARUTO,806,759,762,751,720,684,681,610,496,538
ANTIOQUIA,Valle Medio del Magdalena,ECOPETROL,CASABE,CASABE,17662,16543,17067,17208,17934,18587,17411,17367,17475,16663
ANTIOQUIA,Valle Medio del Magdalena,ECOPETROL,CASABE,CASABE SUR,4049,4202,4095,3729,3357,3389,3607,3618,3829,3742
META,LLANOS ORIENTALES,ECOPETROL,CAÑO SUR E&P,FONTANA,0,0,95,13,227,229,227,225,481,222
META,LLANOS ORIENTALES,ECOPETROL LLANOS,CUBARRAL,CASTILLA,58546,58660,58529,62039,64576,63714,60959,59707,58843,64185
META,LLANOS ORIENTALES,ECOPETROL LLANOS,CASTILLA,CASTILLA ESTE,0,0,0,0,0,0,0,194,0,0
META,LLANOS ORIENTALES,ECOPETROL,APIAY,CASTILLA ESTE,596,606,595,563,587,576,571,494,476,488
META,LLANOS ORIENTALES,ECOPETROL,APIAY Incremental,CASTILLA NORTE,46708,44922,42186,37655,39844,39366,42491,43897,41089,44346
CESAR,CESAR - RANCHERÍA,COLOMBIA ENERGY DEVELOPMENT,BOLIVAR,CATALINA,0,0,0,0,0,0,1,0,0,0
HUILA,VALLE SUPERIOR DEL MAGDALENA,ECOPETROL ALTO MAGDALENA,ALTO MAGDALENA Incremental,CEBU,101,120,120,133,161,209,149,157,181,131
META,LLANOS ORIENTALES,PETROMINERALES COLOMBIA LTD,GUATIQUIA,CEIBO,0,360,2486,3418,3825,3694,3481,3330,3358,3736
CASANARE,LLANOS ORIENTALES,RAMSHORN INTERNATIONAL LTD,E&P Llanos 17,CELEUS,393,342,285,163,4,0,92,188,148,115
CASANARE,LLANOS ORIENTALES,PAREX RESOURCES COLOMBIA LTD,E&P LLANOS 40,CELTIS,0,0,28,149,160,214,0,469,378,335
PUTUMAYO,PUTUMAYO,ECOPETROL D. SUR,ORITO,CENCELLA,0,0,0,0,0,0,0,101,29,0
CASANARE,LLANOS ORIENTALES,EMERALD ENERGY  DE COLOMBIA PLC,CAMPO RICO,CENTAURO SUR,266,265,260,224,228,208,181,179,181,184
CASANARE,LLANOS ORIENTALES,ALANGE ENERGY CORP SUC COLOMBIA,E&E CUBIRO,CERNICALO,648,543,539,512,453,414,363,277,271,258
NORTE DE SANTANDER,CATATUMBO,WELL LOGGING,BLOQUE CARBONERA,CERRO GORDO,1,3,1,1,3,1,1,1,1,1
META,LLANOS ORIENTALES,PERENCO COLOMBIA LIMITED,CERRERO,CHACHARO,0,0,0,0,0,68,47,0,0,63
META,LLANOS ORIENTALES,MAUREL & PROM COLOMBIA B.V,E&P SABANERO,CHAMAN,62,59,55,52,38,52,37,32,13,2
CASANARE,LLANOS ORIENTALES,PERENCO COLOMBIA LIMITED,ESTERO,CHAPARRITO,89,174,177,166,160,161,132,169,164,168
TOLIMA,VALLE SUPERIOR DEL MAGDALENA,ECOPETROL ALTO MAGDALENA,CHENCHE CDND/I-ECOPETROL,CHENCHE,0,0,0,0,0,61,73,80,70,68
SANTANDER,VALLE MEDIO DEL MAGDALENA,MANSAROVAR ENERGY COLOMBIA LTD,NARE ASOCIACION,CHICALA,94,44,0,0,0,0,0,0,0,0
META,LLANOS ORIENTALES,ECOPETROL LLANOS,CUBARRAL,CHICHIMENE,34810,33397,33893,31645,38904,38523,39537,46327,47375,47586
META,LLANOS ORIENTALES,ECOPETROL LLANOS,CUBARRAL,CHICHIMENE SW,496,490,499,482,531,537,418,168,144,91
META,LLANOS ORIENTALES,ECOPETROL LLANOS,CUBARRAL,CHICHIMENE SW,13663,12391,12109,11545,12698,12798,15077,16899,16932,15402
ARAUCA,LLANOS ORIENTALES,OCCIDENTAL DE COLOMBIA INC.,CHIPIRON,CHIPIRON,0,0,0,0,0,0,0,0,0,0
ARAUCA,LLANOS ORIENTALES,OCCIDENTAL DE COLOMBIA INC.,CHIPIRON,CHIPIRON,2541,2503,2134,287,415,2358,1414,3988,6189,6705
CESAR,CESAR - RANCHERÍA,PETROLEOS DEL NORTE S.A,E&P MIDAS,CHUIRA,22,23,23,24,24,23,22,23,23,0
PUTUMAYO,PUTUMAYO,ECOPETROL D. SUR,ORITO,CHURUYACO,200,193,173,45,7,211,260,258,183,165
BOLIVAR,VALLE INFERIOR DEL MAGDALENA,ECOPETROL,CICUCO,CICUCO,540,535,530,534,548,554,530,531,532,511
BOLIVAR,VALLE INFERIOR DEL MAGDALENA,ECOPETROL,CICUCO,CICUCO,199,205,186,196,198,184,194,179,166,165
CASANARE,LLANOS ORIENTALES,GRUPO C&C ENERGÍA BARBADOS SUCURSAL COLOMBIA.,CIRIGUELO,CIRIGUELO,396,393,365,348,351,366,365,371,325,323
CASANARE,LLANOS ORIENTALES,HOCOL S.A.,CLARINERO,CLARINERO,0,0,2,0,0,0,0,0,0,0
META,LLANOS ORIENTALES,PETROMINERALES COLOMBIA LTD,CORCEL,COBRA,337,322,315,308,311,334,134,221,323,317
PUTUMAYO,PUTUMAYO,PETROTESTING  COLOMBIA S.A.,CPI SUR ORIENTE,COHEMBI,10706,11855,11813,10752,4315,9726,1618,334,5519,9881
SANTANDER,VALLE MEDIO DEL MAGDALENA,PETROLEOS DEL NORTE S.A,E&P LA PALOMA,COLON,304,365,374,375,328,350,255,311,322,272
SANTANDER,VALLE MEDIO DEL MAGDALENA,ECOPETROL,DE MARES,COLORADO,0,0,0,0,1,0,0,0,0,0
CASANARE,LLANOS ORIENTALES,ALANGE ENERGY CORP SUC COLOMBIA,E&E CUBIRO,COPA,1129,961,1007,982,1024,1591,2367,3243,3246,3685
CASANARE,LLANOS ORIENTALES,ALANGE ENERGY CORP SUC COLOMBIA,E&E CUBIRO,COPA A NORTE,1139,1136,874,1116,1233,1089,1004,925,901,866
CASANARE,LLANOS ORIENTALES,ALANGE ENERGY CORP SUC COLOMBIA,E&E CUBIRO,COPA A SUR,960,916,852,838,910,1001,939,886,480,681
CASANARE,LLANOS ORIENTALES,ALANGE ENERGY CORP SUC COLOMBIA,E&E CUBIRO,COPA B,534,715,853,754,645,636,567,525,598,680
CASANARE,LLANOS ORIENTALES,ALANGE ENERGY CORP SUC COLOMBIA,E&E CUBIRO,COPA C,818,771,729,955,862,772,633,565,503,553
CASANARE,LLANOS ORIENTALES,ALANGE ENERGY CORP SUC COLOMBIA,E&E CUBIRO,COPA D,2464,2283,1816,2150,1888,1596,1565,1631,1294,1459
SANTANDER,VALLE MEDIO DEL MAGDALENA,PETROSANTANDER (COLOMBIA) INC.,LAS MONAS,CORAZON,47,36,55,56,50,48,45,43,41,49
SANTANDER,VALLE MEDIO DEL MAGDALENA,PETROSANTANDER (COLOMBIA) INC.,LAS MONAS,CORAZON WEST,243,244,253,257,258,270,268,269,250,230
META,LLANOS ORIENTALES,PETROMINERALES COLOMBIA LTD,CORCEL,CORCEL A,155,155,154,149,127,0,63,20,1,0
META,LLANOS ORIENTALES,PETROMINERALES COLOMBIA LTD,CORCEL,CORCEL C,789,794,777,735,736,677,735,737,708,678
META,LLANOS ORIENTALES,PETROMINERALES COLOMBIA LTD,CORCEL,CORCEL D,440,444,436,408,406,400,397,393,368,328
META,LLANOS ORIENTALES,PETROMINERALES COLOMBIA LTD,CORCEL,CORCEL E,792,789,760,560,524,725,705,702,667,626
CASANARE,LLANOS ORIENTALES,PERENCO COLOMBIA LIMITED,COROCORA,COREN,158,151,152,154,152,149,146,145,147,152
CASANARE,LLANOS ORIENTALES,PERENCO COLOMBIA LIMITED,COROCORA,COROCORA,478,462,456,442,433,421,414,357,353,364
BOYACA,CORDILLERA ORIENTAL,UNION TEMPORAL OMEGA ENERGY,BUENAVISTA,CORRALES,2037,1970,2100,1915,1733,1592,1468,1369,1272,1186
PUTUMAYO,PUTUMAYO,GRAN TIERRA ENERGY COLOMBIA LTD,CHAZA,COSTAYACO,17736,16911,16697,17503,16401,17900,17368,16730,15395,14204
MAGDALENA,VALLE INFERIOR DEL MAGDALENA,PACIFIC STRATUS ENERGY,E&P Guama,COTORRA,0,0,0,0,0,0,0,0,0,0
CASANARE,LLANOS ORIENTALES,PERENCO COLOMBIA LIMITED,CASANARE,CRAVO ESTE,428,430,418,402,392,385,365,372,347,341
SANTANDER,VALLE MEDIO DEL MAGDALENA,ECOPETROL,CRISTALINA,CRISTALINA,145,138,138,125,132,129,112,96,1,96
CASANARE,LLANOS ORIENTALES,Geopark Cuerva Sucursal Colombia LL (HUPECOL LL CARACARA),CUERVA,CUERVA ESTE,27,26,23,22,21,21,22,19,16,18
CASANARE,LLANOS ORIENTALES,Geopark Cuerva Sucursal Colombia LL (HUPECOL LL CARACARA),CUERVA,CUERVA NORESTE,160,166,155,133,123,122,117,111,100,106
CASANARE,LLANOS ORIENTALES,Geopark Cuerva Sucursal Colombia LL (HUPECOL LL CARACARA),CUERVA,CUERVA OESTE,1135,1083,1054,1036,1046,1054,1050,982,931,937
CASANARE,LLANOS ORIENTALES,Geopark Cuerva Sucursal Colombia LL (HUPECOL LL CARACARA),CUERVA,CUERVA SUR,259,251,231,222,196,184,185,183,165,155
CASANARE,LLANOS ORIENTALES,Geopark Cuerva Sucursal Colombia LL (HUPECOL LL CARACARA),CUERVA,CUERVA SUROESTE,47,45,0,0,0,22,70,71,66,36
CASANARE,LLANOS ORIENTALES,PAREX RESOURCES COLOMBIA LTD,E&p Llanos-20 Contrato No. 46,CUMBRE,268,251,231,195,177,242,194,188,344,210
CASANARE,LLANOS ORIENTALES,ECOPETROL LLANOS,ECOP-SDLA-OP-DIRECTA-INCREMENTAL,CUPIAGUA,10805,10639,10443,9560,10261,10403,10672,10678,10474,10336
CASANARE,LLANOS ORIENTALES,EQUION ENERGIA LIMITED,RECETOR EQUION,CUPIAGUA LIRIA,4258,4212,3984,3528,4226,4188,3305,3882,4195,4388
CASANARE,LLANOS ORIENTALES,ECOPETROL LLANOS,ECOP-SDLA-OP-DIRECTA,CUPIAGUA SUR,5916,6605,6439,6053,6002,5734,5631,5369,5200,5217
CASANARE,LLANOS ORIENTALES,CEPSA COLOMBIA S.A. - CEPCOLSA,EL PORTON,CURIARA,0,0,0,195,285,341,471,552,105,0
CASANARE,LLANOS ORIENTALES,PETROMINERALES COLOMBIA LTD,CASANARE ESTE,CURITO,4399,4174,3396,3017,2552,2120,1815,1522,1325,1180
CASANARE,LLANOS ORIENTALES,PETROMINERALES COLOMBIA LTD,CASANARE ESTE,CURITO,3456,3279,2669,2371,2005,1666,1428,1197,1042,927
CASANARE,LLANOS ORIENTALES,EQUION ENERGIA LIMITED,RIO CHITAMENA EQUION  / TAURAMENA EQUION,CUSIANA,5891,5650,5686,5425,5368,5422,5035,5502,6261,5547
CASANARE,LLANOS ORIENTALES,EQUION ENERGIA LIMITED,CUSIANA NORTE,CUSIANA NORTE,5095,5189,5254,5296,5067,4815,4940,4634,4253,4257
META,LLANOS ORIENTALES,ECOPETROL,CPO-10,CUSUCO,0,0,0,0,0,18,105,97,97,97
TOLIMA,VALLE SUPERIOR DEL MAGDALENA,KAPPA RESOURCES COLOMBIA LTD.,BUGANVILES,DELTA,9,7,6,7,0,0,0,0,0,0
HUILA,VALLE SUPERIOR DEL MAGDALENA,ECOPETROL ALTO MAGDALENA,ALTO MAGDALENA,DINA CRETACEO,579,643,607,567,540,540,567,584,740,603
HUILA,VALLE SUPERIOR DEL MAGDALENA,ECOPETROL ALTO MAGDALENA,ALTO MAGDALENA Incremental,DINA TERCIARIO,5140,5405,5455,5470,5228,5444,5383,5402,5287,5066
CASANARE,LLANOS ORIENTALES,PETROMINERALES COLOMBIA LTD,MAPACHE,DISA,0,0,0,0,340,464,0,129,106,106
CESAR,CESAR - RANCHERÍA,ECOPETROL,OPERACION DIRECTA - LEBRIJA,DOÑA MARIA,0,0,0,0,0,0,25,31,31,31
CESAR,CESAR - RANCHERÍA,PETROLEOS DEL NORTE S.A,LEBRIJA,DOÑA MARIA,29,19,14,34,31,32,0,0,0,0
CASANARE,LLANOS ORIENTALES,NEW GRANADA ENERGY CORPORATION (HUPECOL LL),DOROTEA,DOROTEA A,4,4,4,3,3,3,3,1,1,1
CASANARE,LLANOS ORIENTALES,NEW GRANADA ENERGY CORPORATION (HUPECOL LL),DOROTEA,DOROTEA B,6987,6312,5976,5941,6898,7865,7194,7366,6763,6650
CASANARE,LLANOS ORIENTALES,NEW GRANADA ENERGY CORPORATION (HUPECOL LL),DOROTEA,DOROTEA E,0,0,33,71,80,91,86,68,76,69
META,LLANOS ORIENTALES,CEPSA COLOMBIA S.A. - CEPCOLSA,CARACARA,ELIZITA,2037,2122,1990,1983,2043,1900,1939,1881,1846,1806
META,LLANOS ORIENTALES,ECOPETROL,CAÑO SUR E&P,EMBRUJO,0,0,0,0,0,344,231,198,189,171
CASANARE,LLANOS ORIENTALES,PETROLEOS SUD AMERCANOS,ENTRERIOS PETROSUD,ENTRERRIOS,720,1177,1301,1547,1353,1406,1112,1324,1400,1289
HUILA,VALLE SUPERIOR DEL MAGDALENA,ECOPETROL,CAGUAN ECOPETROL,ESPINO,14,9,17,16,15,17,18,18,19,22
CASANARE,LLANOS ORIENTALES,COLOMBIA ENERGY DEVELOPMENT,ALCARAVAN,ESTERO,120,121,124,126,127,127,127,27,74,87
META,LLANOS ORIENTALES,ECOPETROL,CAÑO SUR E&P,FAUNO,1154,1254,1341,1441,1513,1563,1556,1511,1504,1488
SANTANDER,VALLE MEDIO DEL MAGDALENA,Amerisur Exploración Colombia,E&P FENIX,FENIX,4,0,1,2,1,2,1,2,2,1
CASANARE,LLANOS ORIENTALES,NCT ENERGY GROUP,E&P LLANOS 27,FLAMI,216,204,184,202,204,176,154,175,79,0
CASANARE,LLANOS ORIENTALES,EQUION ENERGIA LIMITED,PIEDEMONTE EQUION,FLOREÑA,2818,3008,3046,2878,2912,3104,3246,3506,3622,3542
CASANARE,LLANOS ORIENTALES,EQUION ENERGIA LIMITED,PIEDEMONTE EQUION,FLOREÑA MIRADOR,2558,2567,2087,2502,2379,2357,2341,2220,2636,2562
SANTANDER,VALLE MEDIO DEL MAGDALENA,PETROLEOS DEL NORTE S.A,E&P LA PALOMA,GAITERO,0,0,0,0,0,0,0,0,0,27
SANTANDER,VALLE MEDIO DEL MAGDALENA,ECOPETROL,DE MARES,GALA,2878,2933,2782,2637,2605,2546,2550,2500,2340,2334
SANTANDER,VALLE MEDIO DEL MAGDALENA,ECOPETROL,DE MARES,GALAN,658,627,656,690,681,677,665,675,649,659
SANTANDER,VALLE MEDIO DEL MAGDALENA,ECOPETROL,YARIGUI-GARZAS,GARZAS,421,430,406,387,387,383,365,355,358,357
VICHADA,LLANOS ORIENTALES,NEW GRANADA ENERGY CORPORATION (HUPECOL LL),LAS GARZAS,GARZAS DORADAS,50,158,150,150,147,152,147,146,145,145
META,LLANOS ORIENTALES,ECOPETROL,APIAY Incremental,GAVAN,2887,2907,2871,2828,2619,2578,2542,2677,2497,2576
HUILA,VALLE SUPERIOR DEL MAGDALENA,EMERALD ENERGY  DE COLOMBIA PLC,MATAMBO,GIGANTE,0,0,0,0,0,0,0,0,0,0
HUILA,VALLE SUPERIOR DEL MAGDALENA,EMERALD ENERGY  DE COLOMBIA PLC,MATAMBO,GIGANTE CABALLOS,540,498,530,207,261,290,337,373,331,212
BOYACA,VALLE MEDIO DEL MAGDALENA,MANSAROVAR ENERGY COLOMBIA LTD,NARE ASOCIACION,GIRASOL,6449,6059,6665,6056,5515,5956,5730,5774,5316,5814
SANTANDER,VALLE MEDIO DEL MAGDALENA,ECOPETROL,DE MARES,GOLOSA,0,1,0,0,0,0,0,0,0,0
CASANARE,LLANOS ORIENTALES,GRUPO C&C ENERGÍA BARBADOS SUCURSAL COLOMBIA.,CACHICAMO-026-22008,GRETA OTO,431,421,418,413,383,378,372,356,354,323
CASANARE,LLANOS ORIENTALES,GRUPO C&C ENERGÍA BARBADOS SUCURSAL COLOMBIA.,CACHICAMO-026-22008,GUACHARACA,469,388,569,953,707,527,403,510,603,571
CUNDINAMARCA,VALLE MEDIO DEL MAGDALENA,SIPETROL S.A.,DINDAL - RIO SECO,GUADUAS,405,394,389,383,370,329,298,302,304,302
CASANARE,LLANOS ORIENTALES,Lewis Energy Colombia,GUACHIRIA,GUAHIBOS,85,77,76,73,36,70,45,71,68,65
META,LLANOS ORIENTALES,ECOPETROL,CPO-10,GUAINIZ,0,0,0,0,0,0,0,1,0,0
META,LLANOS ORIENTALES,PETROMINERALES COLOMBIA LTD,CORCEL,GUALA,176,170,168,163,143,146,130,133,126,119
CASANARE,LLANOS ORIENTALES,PERENCO COLOMBIA LIMITED,ESTERO,GUANAPALO,0,0,49,57,57,50,5,36,50,51
CASANARE,LLANOS ORIENTALES,PERENCO COLOMBIA LIMITED,ESTERO,GUANAPALO,0,0,42,56,50,48,14,53,51,48
TOLIMA,VALLE SUPERIOR DEL MAGDALENA,PERENCO COLOMBIA LIMITED,BOQUERON,GUANDO,0,0,0,0,0,0,10419,10473,10635,10522
TOLIMA,VALLE SUPERIOR DEL MAGDALENA,PETROBRAS COLOMBIA LIMITED,BOQUERON,GUANDO,10816,10531,10845,10963,10948,10815,0,0,0,0
TOLIMA,VALLE SUPERIOR DEL MAGDALENA,PERENCO COLOMBIA LIMITED,BOQUERON,GUANDO SW,0,0,0,0,0,0,272,275,902,978
TOLIMA,VALLE SUPERIOR DEL MAGDALENA,PETROBRAS COLOMBIA LIMITED,BOQUERON,GUANDO SW,375,155,311,314,324,282,0,0,0,0
CASANARE,LLANOS ORIENTALES,PERENCO COLOMBIA LIMITED,OROCUE,GUARILAQUE,1944,1993,1869,2027,1936,1684,1438,1444,1484,1483
SANTANDER,VALLE MEDIO DEL MAGDALENA,ECOPETROL,RAMSHORL-ECOPETROL,GUARIQUIES,26,25,21,17,21,15,11,0,0,0
META,LLANOS ORIENTALES,HOCOL S.A.,E&E GUARROJO,GUARROJO,1640,1860,1525,1534,1369,1202,1135,1021,951,967
CASANARE,LLANOS ORIENTALES,PERENCO COLOMBIA LIMITED,GARCERO,GUASAR,601,585,597,602,561,524,315,475,505,521
META,LLANOS ORIENTALES,ECOPETROL,APIAY Incremental,GUATIQUIA,4545,4642,4652,4466,4339,3921,3912,3591,4121,4181
META,LLANOS ORIENTALES,ECOPETROL,APIAY Incremental,GUAYURIBA,2,3,31,53,13,14,13,0,0,0
CAUCA,PUTUMAYO,GRAN TIERRA ENERGY COLOMBIA LTD,GUAYUYACO,GUAYUYACO,377,372,475,546,604,608,609,628,645,680
HUILA,VALLE SUPERIOR DEL MAGDALENA,ECOPETROL ALTO MAGDALENA,ALTO MAGDALENA Incremental,HATO NUEVO,179,63,118,76,110,126,151,122,84,0
META,LLANOS ORIENTALES,PETROMINERALES COLOMBIA LTD,RIO ARIARI,HELICONIA,0,0,0,0,23,13,8,18,50,4
CASANARE,LLANOS ORIENTALES,GRUPO C&C ENERGÍA BARBADOS SUCURSAL COLOMBIA.,CRAVOVIEJO,HEREDIA,137,167,156,152,162,155,150,143,139,101
CASANARE,LLANOS ORIENTALES,GRUPO C&C ENERGÍA BARBADOS SUCURSAL COLOMBIA.,HOATZIN,HOATZIN,233,232,228,211,204,212,206,206,204,207
CASANARE,LLANOS ORIENTALES,GRUPO C&C ENERGÍA BARBADOS SUCURSAL COLOMBIA.,CACHICAMO-026-22008,HOATZIN NORTE,517,533,534,511,544,494,431,431,443,439
PUTUMAYO,PUTUMAYO,ECOPETROL D. SUR,ORITO,HORMIGA,118,95,119,120,118,100,94,101,106,85
SANTANDER,VALLE MEDIO DEL MAGDALENA,ECOPETROL,DE MARES,INFANTAS,10173,10323,9997,9731,9826,9598,9934,10083,10519,11126
META,LLANOS ORIENTALES,CEPSA COLOMBIA S.A. - CEPCOLSA,CARACARA,JAGUAR SOUTH WEST,3736,3534,3213,3390,3093,3850,4187,3623,3350,3084
BOYACA,VALLE MEDIO DEL MAGDALENA,MANSAROVAR ENERGY COLOMBIA LTD,NARE ASOCIACION,JAZMIN,6524,6366,6620,6608,6483,6417,6398,6386,6220,6072
ARAUCA,LLANOS ORIENTALES,OCCIDENTAL DE COLOMBIA INC.,CHIPIRON,JIBA UNIFICADO,421,342,183,0,35,313,207,323,261,227
CASANARE,LLANOS ORIENTALES,CEPSA COLOMBIA S.A. - CEPCOLSA,GARIBAY,JILGUERO,1038,998,981,990,974,926,865,817,784,762
CASANARE,LLANOS ORIENTALES,CEPSA COLOMBIA S.A. - CEPCOLSA,TIPLE,JILGUERO SUR,743,704,671,633,605,589,580,611,609,599
CASANARE,LLANOS ORIENTALES,PERENCO COLOMBIA LIMITED,GARCERO,JORCAN,0,1,13,13,11,17,10,15,17,17
CASANARE,LLANOS ORIENTALES,PERENCO COLOMBIA LIMITED,GARCERO,JORDAN,597,561,598,647,623,567,379,641,634,634
PUTUMAYO,PUTUMAYO,GRAN TIERRA ENERGY COLOMBIA LTD,GUAYUYACO,JUANAMBU,938,945,849,814,743,580,532,682,684,659
CASANARE,LLANOS ORIENTALES,VETRA EXPLORACION Y PRODUCCION COLOMBIA S.A.,LA PUNTA - CDND/I - VETRA,JUAPE,0,0,0,0,0,0,0,955,2593,2186
SANTANDER,VALLE MEDIO DEL MAGDALENA,PETROLEOS DEL NORTE S.A,E&P LA PALOMA,JUGLAR,244,244,245,249,244,244,4,88,11,0
CASANARE,LLANOS ORIENTALES,P1 ENERGY DELTA CORP. SUCURSAL COLOMBIA,E&P LLANOS 32,KANANASKIS,0,0,0,5,824,5155,4685,4687,4717,5460
META,LLANOS ORIENTALES,PERENCO COLOMBIA LIMITED,CERRERO,KATMANDU NORTE,0,0,0,0,0,0,0,65,18,101
CASANARE,LLANOS ORIENTALES,PAREX RESOURCES COLOMBIA LTD,CABRESTERO PAREX,KITARO,0,0,0,50,89,88,82,80,74,107
CASANARE,LLANOS ORIENTALES,PAREX RESOURCES COLOMBIA LTD,E&P Llanos 16 Contrato # 45,KONA,3217,2900,2522,1864,1900,1564,1502,1394,1342,1052
HUILA,VALLE SUPERIOR DEL MAGDALENA,HOCOL S.A.,SAN JACINTO,LA CAÑADA,1662,1662,1660,1628,1397,1425,1371,1381,1383,1372
HUILA,VALLE SUPERIOR DEL MAGDALENA,HOCOL S.A.,SAN JACINTO,LA CAÑADA NORTE,249,130,194,241,225,220,241,227,226,224
CASANARE,LLANOS ORIENTALES,PAREX RESOURCES COLOMBIA LTD,EL EDEN PAREX,LA CASONA,346,325,311,332,343,377,329,226,319,309
SANTANDER,VALLE MEDIO DEL MAGDALENA,ECOPETROL,LA CIRA-INFANTAS,LA CIRA,29078,28453,28203,28061,27459,28266,28732,28076,28307,27305
SUCRE,VALLE INFERIOR DEL MAGDALENA,PACIFIC STRATUS ENERGY,LA CRECIENTE,LA CRECIENTE,8,8,8,7,6,7,6,7,6,6
SUCRE,VALLE INFERIOR DEL MAGDALENA,PACIFIC STRATUS ENERGY,LA CRECIENTE,LA CRECIENTE,9,9,9,7,7,8,7,9,8,7
SUCRE,VALLE INFERIOR DEL MAGDALENA,PACIFIC STRATUS ENERGY,LA CRECIENTE,LA CRECIENTE I,0,0,0,15,4,0,0,0,0,2
SUCRE,VALLE INFERIOR DEL MAGDALENA,PACIFIC STRATUS ENERGY,LA CRECIENTE,LA CRECIENTE-D,7,7,7,6,6,7,7,7,7,6
CASANARE,LLANOS ORIENTALES,PERENCO COLOMBIA LIMITED,CASANARE,LA FLORA,448,482,638,666,658,613,528,620,616,555
CASANARE,LLANOS ORIENTALES,PERENCO COLOMBIA LIMITED,CASANARE,LA GLORIA,1238,1183,1031,1032,852,1264,1799,1334,1317,971
CASANARE,LLANOS ORIENTALES,PERENCO COLOMBIA LIMITED,CASANARE,LA GLORIA,1577,1347,1668,1273,1155,635,735,583,577,404
CASANARE,LLANOS ORIENTALES,PERENCO COLOMBIA LIMITED,CASANARE,LA GLORIA NORTE,1947,2096,2169,2200,2165,2211,2189,2051,1922,1833
CASANARE,LLANOS ORIENTALES,PAREX RESOURCES COLOMBIA LTD,E&P LOS OCARROS PAREX,LA GUIRA,0,11,0,0,0,0,0,0,0,0
HUILA,VALLE SUPERIOR DEL MAGDALENA,HOCOL S.A.,RIO PAEZ,LA HOCHA,1510,1444,1405,1371,1372,1284,1368,1398,1233,1253
HUILA,VALLE SUPERIOR DEL MAGDALENA,ECOPETROL ALTO MAGDALENA,TELLO,LA JAGUA,42,46,46,44,48,49,15,20,0,0
CASANARE,LLANOS ORIENTALES,ECOPETROL D. SUR,LA PUNTA - CDND/I,LA PUNTA,0,0,0,0,494,644,681,697,695,672
META,LLANOS ORIENTALES,ECOPETROL,LIBERTAD-REFORMA INCREMENTAL,LA REFORMA,25,119,108,55,27,0,25,60,39,27
SANTANDER,VALLE MEDIO DEL MAGDALENA,PETROSANTANDER (COLOMBIA) INC.,LAS MONAS,LA SALINA,2431,2311,2228,2008,1905,1866,1819,1891,1842,1844
CASANARE,LLANOS ORIENTALES,Canacol Energy Colombia S.A.,E&P LLANOS 23,LABRADOR,3897,3488,3084,2701,2477,3022,3035,2861,2678,2448
CASANARE,LLANOS ORIENTALES,EMERALD ENERGY  DE COLOMBIA PLC,CAMPO RICO,LAS ACACIAS,121,115,109,99,110,98,83,87,84,88
CASANARE,LLANOS ORIENTALES,PAREX RESOURCES COLOMBIA LTD,E&P LOS OCARROS PAREX,LAS MARACAS,12292,12417,12464,12270,12328,11976,10580,9159,7496,7066
CASANARE,LLANOS ORIENTALES,NEW GRANADA ENERGY CORPORATION (HUPECOL LL),LEONA,LEONA A SUR,0,0,0,0,0,10,24,18,0,0
CASANARE,LLANOS ORIENTALES,NEW GRANADA ENERGY CORPORATION (HUPECOL LL),LEONA,LEONA B,83,87,83,80,111,132,124,164,378,190
CASANARE,LLANOS ORIENTALES,NEW GRANADA ENERGY CORPORATION (HUPECOL LL),LEONA,LEONA B NORTE,42,42,43,42,56,74,48,52,52,49
CASANARE,LLANOS ORIENTALES,NEW GRANADA ENERGY CORPORATION (HUPECOL LL),LEONA,LEONA B SUR,316,295,281,263,255,219,204,209,197,188
CASANARE,LLANOS ORIENTALES,NEW GRANADA ENERGY CORPORATION (HUPECOL LL),LEONA,LEONA C,105,88,76,78,73,75,79,76,72,83
CASANARE,LLANOS ORIENTALES,Canacol Energy Colombia S.A.,E&P LLANOS 23,LEONO,590,1993,4481,4494,3359,2881,2432,2343,2045,1718
META,LLANOS ORIENTALES,ECOPETROL,APIAY Incremental,LIBERTAD,267,217,198,197,116,99,130,170,88,0
META,LLANOS ORIENTALES,ECOPETROL,LIBERTAD-REFORMA INCREMENTAL,LIBERTAD NORTE,104,178,252,260,322,311,276,229,200,200
SANTANDER,VALLE MEDIO DEL MAGDALENA,PETROSANTANDER (COLOMBIA) INC.,EL PIÑAL,LIEBRE,62,61,61,60,56,57,58,57,55,55
TOLIMA,VALLE SUPERIOR DEL MAGDALENA,KAPPA RESOURCES COLOMBIA LTD.,GUASIMO,LISA,1,2,0,8,7,5,6,4,4,4
SANTANDER,VALLE MEDIO DEL MAGDALENA,ECOPETROL,DE MARES,LISAMA,1195,1179,1150,1097,1070,1044,1012,880,1015,1056
SANTANDER,VALLE MEDIO DEL MAGDALENA,ECOPETROL,DE MARES,LISAMA PROFUNDO,170,150,162,176,204,186,193,210,198,210
SANTANDER,VALLE MEDIO DEL MAGDALENA,ECOPETROL,DE MARES,LLANITO,2069,1937,2210,2312,2207,2240,2258,2599,2386,2151
META,LLANOS ORIENTALES,HUPECOL OPERATING COLLC,E&P LLANOS 58,LLANOS 58,3121,2729,2699,3036,4060,3983,3846,3494,3751,4107
HUILA,VALLE SUPERIOR DEL MAGDALENA,ECOPETROL ALTO MAGDALENA,ALTO MAGDALENA,LOMA LARGA,219,301,386,391,399,416,392,389,412,406
PUTUMAYO,PUTUMAYO,ECOPETROL D. SUR,ORITO,LORO,139,93,48,37,0,0,0,103,121,129
PUTUMAYO,PUTUMAYO,ECOPETROL D. SUR,ORITO,LORO,577,622,429,512,643,445,478,555,593,445
CASANARE,LLANOS ORIENTALES,Lewis Energy Colombia,GUACHIRIA,LOS ACEITES,272,258,245,228,204,218,208,201,182,191
CESAR,CESAR - RANCHERÍA,PETROLEOS DEL NORTE S.A,Tisquirama  B,LOS ANGELES,893,1058,1207,1019,1039,956,991,966,933,967
CASANARE,LLANOS ORIENTALES,COLOMBIA ENERGY DEVELOPMENT,ALCARAVAN,LOS HATOS,26,25,24,24,26,24,22,23,25,13
CASANARE,LLANOS ORIENTALES,EMERALD ENERGY  DE COLOMBIA PLC,CAMPO RICO,LOS POTROS,39,0,0,0,0,0,0,0,0,141
CASANARE,LLANOS ORIENTALES,PERENCO COLOMBIA LIMITED,ESTERO,LOS TOROS,73,11,0,0,0,0,0,0,0,0
META,LLANOS ORIENTALES,ONGC VIDESH LIMITED,CPO-5,LOTO,0,0,0,0,0,96,4,0,0,0
META,LLANOS ORIENTALES,PETROMINERALES COLOMBIA LTD,CORCEL,MAMBO,0,3,0,2,13,0,16,13,1,9
TOLIMA,VALLE SUPERIOR DEL MAGDALENA,INTEROIL COLOMBIA EXPLORATION AND PRODUCTION,MANA,MANA,1560,1375,1300,1295,1235,1492,1473,1403,1422,1355
CASANARE,LLANOS ORIENTALES,CEPSA COLOMBIA S.A. - CEPCOLSA,PUNTERO,MANATUS,240,579,439,1211,963,753,689,604,545,343
CASANARE,LLANOS ORIENTALES,P1 ENERGY DELTA CORP. SUCURSAL COLOMBIA,E&P LLANOS 32,MANICEÑO,302,340,416,359,378,330,317,301,66,240
PUTUMAYO,PUTUMAYO,ECOPETROL D. SUR,ORITO,MANSOYA,252,221,204,194,21,0,5,158,0,0
CASANARE,LLANOS ORIENTALES,PETROMINERALES COLOMBIA LTD,CASIMENA,MANTIS,2508,2168,2675,2690,2220,2262,2824,2380,2121,2438
CAUCA,PUTUMAYO,GRAN TIERRA ENERGY COLOMBIA LTD,SANTANA,MARY,414,452,474,463,470,446,420,423,401,419
TOLIMA,VALLE SUPERIOR DEL MAGDALENA,PERENCO COLOMBIA LIMITED,ESPINAL,MATACHIN NORTE,0,0,0,0,0,0,4654,4829,4674,4433
TOLIMA,VALLE SUPERIOR DEL MAGDALENA,PETROBRAS COLOMBIA LIMITED,ESPINAL,MATACHIN NORTE,5087,4857,4315,4568,4832,4732,0,0,0,0
TOLIMA,VALLE SUPERIOR DEL MAGDALENA,PERENCO COLOMBIA LIMITED,ESPINAL,MATACHIN SUR,0,0,0,0,0,0,110,129,115,52
TOLIMA,VALLE SUPERIOR DEL MAGDALENA,PETROBRAS COLOMBIA LIMITED,ESPINAL,MATACHIN SUR,145,145,140,139,139,137,0,0,0,0
TOLIMA,VALLE SUPERIOR DEL MAGDALENA,PERENCO COLOMBIA LIMITED,ESPINAL,MATACHIN SUR,0,0,0,0,0,0,825,784,740,690
TOLIMA,VALLE SUPERIOR DEL MAGDALENA,PETROBRAS COLOMBIA LIMITED,ESPINAL,MATACHIN SUR,956,957,892,839,786,890,0,0,0,0
ARAUCA,LLANOS ORIENTALES,OCCIDENTAL DE COLOMBIA INC.,CHIPIRON,MATANEGRA OESTE,54,57,16,0,7,53,33,56,59,58
CASANARE,LLANOS ORIENTALES,PETROLEOS COLOMBIANOS S.A PETROLCO,TAPIR,MATEGUAFA,11,6,0,0,9,5,0,0,0,0
CASANARE,LLANOS ORIENTALES,GRUPO C&C ENERGÍA BARBADOS SUCURSAL COLOMBIA.,CRAVOVIEJO,MATEMARRANO,448,1089,970,905,900,757,675,663,645,417
CASANARE,LLANOS ORIENTALES,UNION TEMPORAL MORICHE ( PACIFIC STRATUS ENERGY),E & P MORICHE,MAURITIA ESTE,65,9,41,90,88,89,82,85,26,2
CASANARE,LLANOS ORIENTALES,UNION TEMPORAL MORICHE ( PACIFIC STRATUS ENERGY),E & P MORICHE,MAURITIA NORTE,2,0,37,156,192,272,278,298,322,527
CASANARE,LLANOS ORIENTALES,GEOPARK COLOMBIA PN S.A SUCURSAL COLOMBIA (Winchester),E&P LLANOS 34,MAX,1361,1237,1131,1162,899,637,544,856,1082,1066
BOYACA,CORDILLERA ORIENTAL,NIKOIL ENERGY CORP. SUC. COLOMBIA,CONDOR,MEDINA,32,86,126,71,34,2,0,0,0,0
CAUCA,PUTUMAYO,GRAN TIERRA ENERGY COLOMBIA LTD,SANTANA,MIRAFLOR,78,106,58,98,111,105,104,94,99,95
CAUCA,PUTUMAYO,GRAN TIERRA ENERGY COLOMBIA LTD,GUAYUYACO,MIRAFLOR OESTE,86,0,0,0,0,0,0,0,82,288
PUTUMAYO,PUTUMAYO,EMERALD ENERGY  DE COLOMBIA PLC,MIRTO E&P,MIRTO,21,598,490,534,523,746,653,619,569,539
META,LLANOS ORIENTALES,ECOPETROL,CAÑO SUR E&P,MITO,328,267,154,91,287,263,231,222,199,227
META,LLANOS ORIENTALES,PETROMINERALES COLOMBIA LTD,RIO ARIARI,MOCHELO,304,224,27,41,90,206,317,493,475,493
CESAR,CESAR - RANCHERÍA,EXXON MOBIL,Valle Medio del Magdalena EXXON,MONO ARAÑA,32,45,92,455,423,376,317,309,291,280
PUTUMAYO,PUTUMAYO,GRAN TIERRA ENERGY COLOMBIA LTD,CHAZA,MOQUETA,4469,4528,4872,5216,5226,5224,5322,5269,5462,4847
CASANARE,LLANOS ORIENTALES,PERENCO COLOMBIA LIMITED,CASANARE,MORICHAL,1605,1604,1494,1401,1326,1265,1173,1123,1093,1041
BOYACA,VALLE MEDIO DEL MAGDALENA,MANSAROVAR ENERGY COLOMBIA LTD,NARE ASOCIACION,MORICHE,11674,12638,12479,12845,13744,13434,14553,14311,14598,14543
CASANARE,LLANOS ORIENTALES,PETROPULI S.A.S,MORICHITO,MORICHITO,0,412,311,0,14,311,303,276,260,232
CUNDINAMARCA,VALLE MEDIO DEL MAGDALENA,GRUPO C&C ENERGÍA BARBADOS SUCURSAL COLOMBIA.,BLOQUE (AREA MORPHO),MORPHO,11,0,0,0,0,0,0,0,0,0
ARAUCA,LLANOS ORIENTALES,OCCIDENTAL DE COLOMBIA INC.,COSECHA,MORROCOY,130,371,477,68,77,370,214,256,203,207
PUTUMAYO,PUTUMAYO,UNION TEMPORAL II&B,"CDND/I NANCY, BURDINE, MAXINE",NANCY,122,382,381,390,133,357,287,178,207,381
ANTIOQUIA,Valle Medio del Magdalena,MANSAROVAR ENERGY COLOMBIA LTD,NARE ASOCIACION,NARE,354,339,316,282,273,261,219,221,200,226
CASANARE,LLANOS ORIENTALES,SOGOMI ENERGY S.A.,NASHIRA,NASHIRA NORTE,1229,1079,1113,1101,906,346,623,987,862,888
CORDOBA,VALLE INFERIOR DEL MAGDALENA,GEOPRODUCTION OIL & GAS COMPANY,ESPERANZA,NELSON,2,3,1,3,2,2,2,2,2,2
SANTANDER,VALLE MEDIO DEL MAGDALENA,ECOPETROL,DE MARES,NUTRIA,1543,1602,1534,1507,1518,1514,1426,1480,1510,1521
META,LLANOS ORIENTALES,HOCOL S.A.,E&E GUARROJO,OCELOTE,14542,14099,15338,15742,15093,14693,13953,13971,13887,14677
CASANARE,LLANOS ORIENTALES,CEPSA COLOMBIA S.A. - CEPCOLSA,PUNTERO,ONCA,477,322,616,1171,1535,1500,1631,1612,1483,1632
META,LLANOS ORIENTALES,META PETROLEUM,QUIFA,OPALO,1071,1091,1438,1470,1363,1251,1142,969,1175,1140
SANTANDER,VALLE MEDIO DEL MAGDALENA,COMPAÑIA OPERADORA PTS PETROCOLOMBIA S.A. - COPP S.A.,OPON,OPON,18,18,17,14,0,0,0,1,22,41
PUTUMAYO,PUTUMAYO,ECOPETROL D. SUR,ORITO,ORITO,3069,3461,3301,3060,2839,2736,2904,2776,2690,2419
CASANARE,LLANOS ORIENTALES,PERENCO COLOMBIA LIMITED,OROPENDOLA PERENCO,OROPENDOLA,560,511,453,401,385,391,373,344,333,316
TOLIMA,VALLE SUPERIOR DEL MAGDALENA,ECOPETROL ALTO MAGDALENA,ORTEGA,ORTEGA,222,219,204,227,223,212,209,208,205,203
CESAR,CESAR - RANCHERÍA,Canacol Energy Colombia S.A.,E&P SANTA ISABEL,OSO PARDO,132,126,121,116,117,117,545,626,468,389
TOLIMA,VALLE SUPERIOR DEL MAGDALENA,ECOPETROL ALTO MAGDALENA,CPI ORTEGA,PACANDE,746,673,645,620,608,590,581,560,530,520
META,LLANOS ORIENTALES,ECOPETROL,APIAY,PACHAQUIARO,0,0,0,0,0,0,60,359,472,459
BOYACA,VALLE MEDIO DEL MAGDALENA,ECOPETROL ALTO MAGDALENA,PALAGUA,PALAGUA,6991,6871,6920,7135,7236,7094,6958,6966,6825,6672
HUILA,VALLE SUPERIOR DEL MAGDALENA,ECOPETROL ALTO MAGDALENA,PALERMO ECOPETROL,PALERMO,234,211,208,214,213,215,222,219,210,224
CASANARE,LLANOS ORIENTALES,PERENCO COLOMBIA LIMITED,GARCERO,PALMARITO,434,408,412,378,359,349,311,333,331,323
CASANARE,LLANOS ORIENTALES,CEPSA COLOMBIA S.A. - CEPCOLSA,TIPLE,PALMERO,0,0,0,72,92,96,91,37,0,0
HUILA,VALLE SUPERIOR DEL MAGDALENA,ECOPETROL ALTO MAGDALENA,ALTO MAGDALENA,PALOGRANDE,1293,1375,1336,1225,1217,1277,1226,1132,1399,1189
CASANARE,LLANOS ORIENTALES,Canacol Energy Colombia S.A.,E&P LLANOS 23,PANTRO,0,0,0,79,873,932,889,1227,903,648
CASANARE,LLANOS ORIENTALES,PERENCO COLOMBIA LIMITED,GARCERO,PARAVARE,168,186,179,191,178,158,138,162,145,154
CASANARE,LLANOS ORIENTALES,EQUION ENERGIA LIMITED,PIEDEMONTE EQUION,PAUTO SUR,21889,21121,20488,20436,21313,21595,21592,20620,20164,20728
CASANARE,LLANOS ORIENTALES,EQUION ENERGIA LIMITED,RECETOR EQUION,PAUTO SUR RECETOR,1542,1541,1547,1288,1544,1556,1554,1466,1436,1432
NORTE DE SANTANDER,CATATUMBO,ECOPETROL,PAVAS CACHIRA,PAVAS,0,0,0,0,0,0,62,45,36,34
NORTE DE SANTANDER,CATATUMBO,UNION TEMPORAL IJP,PAVAS CACHIRA,PAVAS,47,59,62,63,58,53,0,0,0,0
SANTANDER,VALLE MEDIO DEL MAGDALENA,PETROSANTANDER (COLOMBIA) INC.,LAS MONAS,PAYOA,872,872,858,830,842,784,836,805,788,763
SANTANDER,VALLE MEDIO DEL MAGDALENA,PETROSANTANDER (COLOMBIA) INC.,LAS MONAS,PAYOA WEST,5,13,12,13,12,12,11,9,8,8
MAGDALENA,VALLE INFERIOR DEL MAGDALENA,PACIFIC STRATUS ENERGY,E&P Guama,PEDERNALITO,0,0,0,0,0,0,0,0,6,39
META,LLANOS ORIENTALES,CEPSA COLOMBIA S.A. - CEPCOLSA,CARACARA,PEGUITA,1764,1881,1831,1835,2006,1967,1760,1843,2650,2122
META,LLANOS ORIENTALES,CEPSA COLOMBIA S.A. - CEPCOLSA,CARACARA,PEGUITA II,1033,1266,1145,993,876,830,713,512,566,505
META,LLANOS ORIENTALES,CEPSA COLOMBIA S.A. - CEPCOLSA,CARACARA,PEGUITA III,424,619,547,433,438,513,504,452,414,380
META,LLANOS ORIENTALES,Tecpetrol Colombia S.A.S.,CPO-13,PENDARE,532,528,570,545,524,495,466,432,449,455
ANTIOQUIA,Valle Medio del Magdalena,ECOPETROL,CASABE,PEÑAS BLANCAS,250,191,200,626,567,684,872,1171,1397,1605
SANTANDER,VALLE MEDIO DEL MAGDALENA,ECOPETROL,DE MARES,PEROLES,25,22,15,10,4,9,1,0,0,0
CASANARE,LLANOS ORIENTALES,ALANGE ENERGY CORP SUC COLOMBIA,E&E CUBIRO,PETIRROJO,589,565,551,532,529,516,590,670,651,617
CASANARE,LLANOS ORIENTALES,ALANGE ENERGY CORP SUC COLOMBIA,E&E CUBIRO,PETIRROJO,369,354,345,333,331,323,369,420,408,386
CASANARE,LLANOS ORIENTALES,ALANGE ENERGY CORP SUC COLOMBIA,E&E CUBIRO,PETIRROJO SUR,501,453,428,389,370,348,347,329,238,207
HUILA,VALLE SUPERIOR DEL MAGDALENA,ECOPETROL ALTO MAGDALENA,ALTO MAGDALENA,PIJAO,204,208,163,193,194,280,233,220,229,262
CESAR,CESAR - RANCHERÍA,EMERALD ENERGY  DE COLOMBIA PLC,FORTUNA,PIMIENTO,8,8,29,23,11,7,5,3,9,12
META,LLANOS ORIENTALES,HOCOL S.A.,E&E GUARROJO,PINTADO,1302,1155,1186,1122,1012,956,784,746,727,508
CASANARE,LLANOS ORIENTALES,PERENCO COLOMBIA LIMITED,GARCERO,PIRITO,65,58,53,59,50,48,18,57,50,50
CASANARE,LLANOS ORIENTALES,PETROMINERALES COLOMBIA LTD,CASIMENA,PISINGO,1679,2629,2416,2409,2377,2075,2041,2205,2482,2273
PUTUMAYO,PUTUMAYO,Amerisur Exploración Colombia,PLATANILLO,PLATANILLO,7203,6750,6855,6777,5389,6414,7133,6314,5878,5790
META,LLANOS ORIENTALES,ECOPETROL,APIAY Incremental,POMPEYA,1,0,4,6,6,6,2,5,8,7
CASANARE,LLANOS ORIENTALES,GEOPARK COLOMBIA PN S.A SUCURSAL COLOMBIA (Winchester),YAMU,POTRILLO,226,223,194,180,162,138,134,147,162,147
CASANARE,LLANOS ORIENTALES,Lewis Energy Colombia,GUACHIRIA,PRIMAVERA,85,81,78,70,71,72,71,66,60,70
META,LLANOS ORIENTALES,META PETROLEUM,QUIFA,PROSPECTO D,40,36,17,25,33,30,29,27,30,35
META,LLANOS ORIENTALES,META PETROLEUM,CPE-6,PROSPECTO HAMACA,247,253,599,455,568,551,428,484,510,714
META,LLANOS ORIENTALES,META PETROLEUM,QUIFA,PROSPECTO S,20,19,13,18,9,2,0,13,14,14
SANTANDER,VALLE MEDIO DEL MAGDALENA,ECOPETROL,PROVINCIA,PROVINCIA,4242,4292,3998,3963,3840,3346,3240,3299,2929,3076
META,LLANOS ORIENTALES,Tecpetrol Colombia S.A.S.,CPO-6,PUERTO GAITAN,0,0,0,0,12,82,0,0,132,369
CUNDINAMARCA,VALLE MEDIO DEL MAGDALENA,ECOPETROL ALTO MAGDALENA,PULI 109,PULI,77,118,148,136,122,133,134,106,129,132
TOLIMA,VALLE SUPERIOR DEL MAGDALENA,PERENCO COLOMBIA LIMITED,ESPINAL,PURIFICACION,0,0,0,0,0,0,48,48,61,143
TOLIMA,VALLE SUPERIOR DEL MAGDALENA,PETROBRAS COLOMBIA LIMITED,ESPINAL,PURIFICACION,67,67,56,65,58,46,0,0,0,0
SANTANDER,VALLE MEDIO DEL MAGDALENA,CONSORCIO CAMPOS DE PRODUCCION,Quebrada Roja,QUEBRADA ROJA,0,0,0,0,0,0,0,0,0,0
CESAR,CESAR - RANCHERÍA,PETROLEOS DEL NORTE S.A,Tisquirama  B,QUERUBIN,56,85,98,99,95,94,93,98,87,78
META,LLANOS ORIENTALES,META PETROLEUM,QUIFA,QUIFA,53209,53991,52739,53703,54182,55949,56540,58026,59762,60118
PUTUMAYO,PUTUMAYO,ECOPETROL D. SUR,ORITO,QUILILI,326,286,274,231,196,15,246,284,266,284
PUTUMAYO,PUTUMAYO,PETROTESTING  COLOMBIA S.A.,CPI SUR ORIENTE,QUILLACINGA,1888,1365,1096,1990,285,833,287,0,376,1810
TOLIMA,VALLE SUPERIOR DEL MAGDALENA,ECOPETROL ALTO MAGDALENA,ORTEGA,QUIMBAYA,0,0,167,160,160,0,140,119,163,160
TOLIMA,VALLE SUPERIOR DEL MAGDALENA,ECOPETROL ALTO MAGDALENA,ORTEGA,QUIMBAYA,185,181,0,0,0,168,0,0,0,0
PUTUMAYO,PUTUMAYO,PETROTESTING  COLOMBIA S.A.,CPI SUR ORIENTE,QUINDE,254,1518,2636,2695,3824,4452,2020,7191,4049,2809
CASANARE,LLANOS ORIENTALES,CEPSA COLOMBIA S.A. - CEPCOLSA,E&P LLANOS 22,RAMIRIQUI,1098,1571,1611,1522,1467,1456,1324,1449,1467,1490
CASANARE,LLANOS ORIENTALES,Canacol Energy Colombia S.A.,RANCHO HERMOSO ACUERDO PART CASANARE-CANACOL,RANCHO HERMOSO 4,3051,2874,2611,2468,2540,2009,2099,1881,1578,1418
CASANARE,LLANOS ORIENTALES,Canacol Energy Colombia S.A.,RANCHO HERMOSO ACUERDO PART CASANARE-CANACOL,RANCHO HERMOSO 4,1521,1413,1330,1275,1674,1710,1697,1631,1636,1771
META,LLANOS ORIENTALES,CEPSA COLOMBIA S.A. - CEPCOLSA,CARACARA,RANCHO QUEMADO,152,153,156,166,157,144,159,158,155,156
ARAUCA,LLANOS ORIENTALES,OCCIDENTAL DE COLOMBIA INC.,CRAVO NORTE,REDONDO,0,0,0,0,0,0,214,301,0,0
ARAUCA,LLANOS ORIENTALES,OCCIDENTAL DE COLOMBIA INC.,CRAVO NORTE,REDONDO,960,916,412,0,136,1016,494,670,933,942
ARAUCA,LLANOS ORIENTALES,OCCIDENTAL DE COLOMBIA INC.,CRAVO NORTE,REDONDO ESTE,62,63,22,0,7,68,44,63,70,67
CASANARE,LLANOS ORIENTALES,PERENCO COLOMBIA LIMITED,COROCORA,REMACHE NORTE,656,680,665,686,710,838,882,855,847,822
CASANARE,LLANOS ORIENTALES,PERENCO COLOMBIA LIMITED,COROCORA,REMACHE SUR,417,347,334,369,359,347,338,357,339,340
ARAUCA,LLANOS ORIENTALES,OCCIDENTAL DE COLOMBIA INC.,COSECHA,REX,268,278,152,13,173,368,423,423,419,405
META,LLANOS ORIENTALES,PETROMINERALES COLOMBIA LTD,RIO ARIARI,RIO ARIARI,0,0,0,0,0,0,0,0,0,0
HUILA,VALLE SUPERIOR DEL MAGDALENA,ECOPETROL,CAGUAN ECOPETROL,RIO CEIBAS,1516,1528,1526,1470,1388,1415,1380,1409,1436,1425
TOLIMA,VALLE SUPERIOR DEL MAGDALENA,INTEROIL COLOMBIA EXPLORATION AND PRODUCTION,RIO OPIA,RIO OPIA,86,93,66,46,56,67,60,75,87,65
TOLIMA,VALLE SUPERIOR DEL MAGDALENA,ECOPETROL ALTO MAGDALENA,TOLIMA-B - ECOPETROL,RIO SALDAÑA,0,0,0,0,0,0,0,0,228,215
TOLIMA,VALLE SUPERIOR DEL MAGDALENA,PETROTESTING  COLOMBIA S.A.,TOLIMA - B,RIO SALDAÑA,155,47,0,0,0,0,0,0,0,0
NORTE DE SANTANDER,CATATUMBO,ECOPETROL,ZULIA,RIO ZULIA,582,533,505,488,437,292,273,299,418,465
META,LLANOS ORIENTALES,META PETROLEUM,RUBIALES / PIRIRI,RUBIALES,195897,192573,188474,188695,192271,186093,179894,174641,170350,169768
SANTANDER,VALLE MEDIO DEL MAGDALENA,ECOPETROL,PLAYON,RUMBERO,54,50,47,13,0,0,0,0,0,0
CASANARE,LLANOS ORIENTALES,PAREX RESOURCES COLOMBIA LTD,EL EDEN PAREX,RUMI,98,10,0,37,5,12,0,70,230,463
META,LLANOS ORIENTALES,MAUREL & PROM COLOMBIA B.V,E&P SABANERO,SABANERO,1181,1104,1027,994,754,1032,995,1100,1164,1121
CASANARE,LLANOS ORIENTALES,GRUPO C&C ENERGÍA BARBADOS SUCURSAL COLOMBIA.,CRAVOVIEJO,SAIMIRI,1042,892,870,873,839,741,697,763,745,691
PUTUMAYO,PUTUMAYO,ECOPETROL D. SUR,ORITO,SAN ANTONIO,432,363,362,147,226,211,210,203,249,159
HUILA,VALLE SUPERIOR DEL MAGDALENA,ECOPETROL ALTO MAGDALENA,PALERMO ECOPETROL,SAN FRANCISCO,3673,3608,3506,3439,3388,3231,3437,3589,3386,3747
HUILA,VALLE SUPERIOR DEL MAGDALENA,ECOPETROL ALTO MAGDALENA,PALERMO ECOPETROL,SAN FRANCISCO,2427,2377,2332,2266,2259,2317,2351,2277,2558,2154
SANTANDER,VALLE MEDIO DEL MAGDALENA,ECOPETROL,DE MARES,SAN LUIS,53,54,53,54,53,53,52,55,53,54
CESAR,CESAR - RANCHERÍA,ECOPETROL,TISQUIRAMA-C,SAN ROQUE,1876,1756,1735,1829,1783,1890,1935,1710,1506,1942
SANTANDER,VALLE MEDIO DEL MAGDALENA,ECOPETROL,DE MARES,SAN SILVESTRE,8,7,7,8,8,8,8,7,7,7
HUILA,VALLE SUPERIOR DEL MAGDALENA,ECOPETROL ALTO MAGDALENA,ALTO MAGDALENA,SANTA CLARA,1010,1018,973,892,903,968,873,923,1042,878
CESAR,CESAR - RANCHERÍA,PETROLEOS DEL NORTE S.A,TISQUIRAMA-A,SANTA LUCIA,324,336,340,351,239,305,297,310,323,325
CASANARE,LLANOS ORIENTALES,ECOPETROL,UPIA-ECOPETROL,SANTIAGO,913,844,779,1123,1063,1004,1047,935,893,875
CASANARE,LLANOS ORIENTALES,VETRA EXPLORACION Y PRODUCCION COLOMBIA S.A.,CDNDI,SANTO DOMINGO,2205,2208,2051,2057,1973,1854,1752,1649,1570,1532
CASANARE,LLANOS ORIENTALES,VETRA EXPLORACION Y PRODUCCION COLOMBIA S.A.,CDNDI,SANTO DOMINGO NORTE,159,164,154,157,151,142,138,133,122,116
CASANARE,LLANOS ORIENTALES,PERENCO COLOMBIA LIMITED,GARCERO,SARDINAS,801,681,729,715,622,725,403,724,769,745
NORTE DE SANTANDER,CATATUMBO,ECOPETROL,BARCO,SARDINATA,366,384,406,375,360,347,332,337,297,278
PUTUMAYO,PUTUMAYO,ECOPETROL D. SUR,ORITO,SIBUNDOY,116,80,93,76,75,70,5,52,22,0
CESAR,CESAR - RANCHERÍA,EMERALD ENERGY  DE COLOMBIA PLC,FORTUNA,SILFIDE,1,5,4,3,3,3,2,0,0,0
CASANARE,LLANOS ORIENTALES,PERENCO COLOMBIA LIMITED,GARCERO,SIRENAS,64,66,63,114,100,109,50,111,105,103
CASANARE,LLANOS ORIENTALES,Lewis Energy Colombia,SURIMENA,SOLOPIÑA,226,134,140,135,131,79,81,120,77,87
PUTUMAYO,PUTUMAYO,ECOPETROL D. SUR,ORITO,SUCIO,55,79,68,55,62,63,50,57,56,58
NARIÑO,PUTUMAYO,ECOPETROL D. SUR,ORITO,SUCUMBIOS,431,422,408,397,405,404,405,405,269,209
CASANARE,LLANOS ORIENTALES,PAREX RESOURCES COLOMBIA LTD,E&P Llanos 16 Contrato # 45,SULAWESI,361,272,309,344,202,127,99,11,0,0
META,LLANOS ORIENTALES,ECOPETROL,APIAY Incremental,SURIA,4551,5060,4736,4348,4294,4318,4075,3738,3756,3475
META,LLANOS ORIENTALES,ECOPETROL,APIAY Incremental,SURIA SUR,2312,2327,2257,2260,2157,1937,2224,2111,1725,1866
CASANARE,LLANOS ORIENTALES,GEOPARK COLOMBIA PN S.A SUCURSAL COLOMBIA (Winchester),E&P LLANOS 34,TAROTARO,3731,3639,3660,3677,3741,3392,3462,3429,3271,3065
META,LLANOS ORIENTALES,PETROMINERALES COLOMBIA LTD,CORCEL,TAYA,500,449,423,380,357,334,320,316,303,287
HUILA,VALLE SUPERIOR DEL MAGDALENA,ECOPETROL ALTO MAGDALENA,TELLO,TELLO,4925,4958,4981,4984,4624,4866,5065,5005,4787,4967
HUILA,VALLE SUPERIOR DEL MAGDALENA,ECOPETROL ALTO MAGDALENA,ALTO MAGDALENA,TEMPRANILLO,479,463,474,442,445,421,406,413,408,406
HUILA,VALLE SUPERIOR DEL MAGDALENA,ECOPETROL ALTO MAGDALENA,ALTO MAGDALENA,TEMPRANILLO NORTE,210,198,194,187,186,136,71,235,324,306
HUILA,VALLE SUPERIOR DEL MAGDALENA,ECOPETROL ALTO MAGDALENA,ALTO MAGDALENA,TENAY,731,772,735,615,674,649,628,537,521,572
ARAUCA,LLANOS ORIENTALES,OCCIDENTAL DE COLOMBIA INC.,COSECHA,TERECAY,1468,1369,1064,29,536,2332,1196,1674,1458,1308
SANTANDER,VALLE MEDIO DEL MAGDALENA,ECOPETROL,DE MARES,TESORO,372,378,366,363,356,333,307,308,282,338
NORTE DE SANTANDER,CATATUMBO,ECOPETROL,BARCO,TIBU,1788,1617,1862,1826,1696,1700,1723,1676,1704,1820
CASANARE,LLANOS ORIENTALES,GEOPARK COLOMBIA PN S.A SUCURSAL COLOMBIA (Winchester),E&P LLANOS 34,TIGANA,2101,2851,2796,3222,3316,4485,5229,5545,5328,5187
CASANARE,LLANOS ORIENTALES,GEOPARK COLOMBIA PN S.A SUCURSAL COLOMBIA (Winchester),E&P LLANOS 34,TIGANA NORTE,0,0,0,0,0,224,499,1166,1364,1587
CASANARE,LLANOS ORIENTALES,GEOPARK COLOMBIA PN S.A SUCURSAL COLOMBIA (Winchester),E&P LLANOS 34,TIGANA SUR,447,1389,1641,2231,2550,2862,3031,3047,3258,4013
CASANARE,LLANOS ORIENTALES,Canacol Energy Colombia S.A.,E&P LLANOS 23,TIGRO,0,0,0,0,0,0,0,0,499,1096
CASANARE,LLANOS ORIENTALES,ALANGE ENERGY CORP SUC COLOMBIA,E&E CUBIRO,TIJERETO,142,131,133,130,136,136,130,141,139,137
CASANARE,LLANOS ORIENTALES,COLOMBIA ENERGY DEVELOPMENT,CEE RIO VERDE,TILODIRAN,797,827,816,804,669,519,638,689,673,670
CESAR,CESAR - RANCHERÍA,ECOPETROL,TISQUIRAMA-C,TISQUIRAMA,950,869,874,972,942,951,949,930,906,918
CESAR,CESAR - RANCHERÍA,ECOPETROL,TISQUIRAMA-C,TISQUIRAMA ESTE,0,0,0,0,0,0,127,160,132,117
SANTANDER,VALLE MEDIO DEL MAGDALENA,CONSORCIO CAMPOS DE PRODUCCION,Toca,TOCA,49,49,29,20,27,27,28,22,21,20
CASANARE,LLANOS ORIENTALES,PERENCO COLOMBIA LIMITED,CASANARE,TOCARIA,0,0,0,0,0,0,0,55,0,0
CASANARE,LLANOS ORIENTALES,PERENCO COLOMBIA LIMITED,CASANARE,TOCARIA,1407,439,498,343,255,274,208,132,173,169
TOLIMA,VALLE SUPERIOR DEL MAGDALENA,ECOPETROL ALTO MAGDALENA,ORTEGA,TOLDADO,692,778,726,684,682,736,764,824,781,779
TOLIMA,VALLE SUPERIOR DEL MAGDALENA,INTEROIL COLOMBIA EXPLORATION AND PRODUCTION,PULI,TOQUI-TOQUI,569,496,556,543,554,518,585,581,606,599
CUNDINAMARCA,VALLE MEDIO DEL MAGDALENA,CINCO RANCH PETROLEUM COLOMBIA INC SUCURSAL COLOMBIA,BOCACHICO,TORCAZ,0,0,0,0,0,0,0,35,34,35
CUNDINAMARCA,VALLE MEDIO DEL MAGDALENA,COLOMBIA ENERGY DEVELOPMENT,BOCACHICO,TORCAZ,40,39,39,38,36,36,36,0,0,0
CASANARE,LLANOS ORIENTALES,GRUPO C&C ENERGÍA BARBADOS SUCURSAL COLOMBIA.,E&P LLANOS 19,TORMENTO,413,415,392,376,358,102,6,427,260,222
META,LLANOS ORIENTALES,CEPSA COLOMBIA S.A. - CEPCOLSA,CARACARA,TORO SENTADO,509,474,431,436,397,444,468,443,444,412
META,LLANOS ORIENTALES,CEPSA COLOMBIA S.A. - CEPCOLSA,CARACARA,TORO SENTADO NORTE,91,114,128,135,139,157,146,157,153,147
META,LLANOS ORIENTALES,CEPSA COLOMBIA S.A. - CEPCOLSA,CARACARA,TORO SENTADO WEST,452,500,406,357,292,268,252,321,390,375
PUTUMAYO,PUTUMAYO,GRAN TIERRA ENERGY COLOMBIA LTD,SANTANA,TOROYACO,100,122,155,168,166,168,162,157,170,175
TOLIMA,VALLE SUPERIOR DEL MAGDALENA,ECOPETROL ALTO MAGDALENA,ARMERO ECOPETROL,TOTARE,64,64,64,62,63,63,64,64,62,62
CESAR,CESAR - RANCHERÍA,EMERALD ENERGY  DE COLOMBIA PLC,FORTUNA,TOTUMAL,0,0,0,0,0,0,0,0,0,0
CESAR,CESAR - RANCHERÍA,EMERALD ENERGY  DE COLOMBIA PLC,FORTUNA,TOTUMAL,29,32,21,27,21,27,24,23,22,24
TOLIMA,VALLE SUPERIOR DEL MAGDALENA,ECOPETROL ALTO MAGDALENA,ORTEGA,TOY,101,143,143,145,144,145,143,143,142,141
CASANARE,LLANOS ORIENTALES,PERENCO COLOMBIA LIMITED,YALEA,TRINIDAD,1241,1237,1188,1151,1033,809,761,925,1015,1042
CASANARE,LLANOS ORIENTALES,ECOPETROL,UPIA-ECOPETROL,TROMPILLOS,0,0,0,2,12,7,0,0,0,0
CASANARE,LLANOS ORIENTALES,ECOPETROL,UPIA-ECOPETROL,TROMPILLOS,0,0,0,0,2,1,0,0,0,0
CASANARE,LLANOS ORIENTALES,GEOPARK COLOMBIA PN S.A SUCURSAL COLOMBIA (Winchester),E&P LLANOS 34,TUA,4525,4401,6478,4564,4726,4385,4744,4562,4242,4013
CASANARE,LLANOS ORIENTALES,GEOPARK COLOMBIA PN S.A SUCURSAL COLOMBIA (Winchester),E&P LLANOS 34,TUA,1813,1818,0,1843,1896,1772,1954,1912,1818,1720
CASANARE,LLANOS ORIENTALES,PETROMINERALES COLOMBIA LTD,MAPACHE,TUCUSO,0,19,427,495,42,0,289,328,323,243
CASANARE,LLANOS ORIENTALES,Lewis Energy Colombia,GUACHIRIA SUR,TULIPAN,2697,2444,2313,1594,1335,1430,1313,1556,1439,1171
ANTIOQUIA,Valle Medio del Magdalena,MANSAROVAR ENERGY COLOMBIA LTD,NARE ASOCIACION,UNDERRIVER,1840,1576,1629,1614,1504,1690,1717,1694,1753,1562
BOYACA,VALLE MEDIO DEL MAGDALENA,MANSAROVAR ENERGY COLOMBIA LTD,NARE ASOCIACION,UNDERRIVER,2161,1923,2540,2734,2210,1908,2111,2009,2465,2134
META,LLANOS ORIENTALES,CEPSA COLOMBIA S.A. - CEPCOLSA,CARACARA,UNUMA,200,165,135,230,550,521,584,525,537,610
META,LLANOS ORIENTALES,ECOPETROL LLANOS,VALDIVIA ECOPETROL,VALDIVIA,233,169,220,217,218,206,236,245,228,233
BOYACA,VALLE MEDIO DEL MAGDALENA,MANSAROVAR ENERGY COLOMBIA LTD,GUAGUAQUI TERAN,VELASQUEZ,3377,3408,3412,3364,3296,3210,3264,3235,3316,3429
META,LLANOS ORIENTALES,ECOPETROL,CPO-11,VENUS,0,0,0,0,77,95,74,107,135,58
CASANARE,LLANOS ORIENTALES,EMERALD ENERGY  DE COLOMBIA PLC,CAMPO RICO,VIGIA,684,684,731,702,675,1209,813,642,473,621
CASANARE,LLANOS ORIENTALES,EMERALD ENERGY  DE COLOMBIA PLC,CAMPO RICO,VIGIA SUR,481,583,605,816,1039,1030,1049,1419,1363,1374
CASANARE,LLANOS ORIENTALES,PERENCO COLOMBIA LIMITED,OROPENDOLA PERENCO,VIREO,78,433,658,661,623,477,396,290,304,283
HUILA,VALLE SUPERIOR DEL MAGDALENA,ECOPETROL,HOBO ECOPETROL,YAGUARA,2810,2638,2389,2412,2669,2626,2588,2420,2518,2585
CASANARE,LLANOS ORIENTALES,PACIFIC STRATUS ENERGY,E&E ARRENDAJO,YAGUAZO,653,576,501,441,582,492,495,449,427,418
CASANARE,LLANOS ORIENTALES,GEOPARK COLOMBIA PN S.A SUCURSAL COLOMBIA (Winchester),YAMU,YAMÚ,127,124,3,113,89,95,80,80,82,77
BOLIVAR,VALLE INFERIOR DEL MAGDALENA,ECOPETROL,YARIGUI-CANTAGALLO,Yarigui-Cantagallo,8311,9566,9729,9599,9752,10613,10049,9589,9456,9363
SANTANDER,VALLE MEDIO DEL MAGDALENA,ECOPETROL,YARIGUI-CANTAGALLO,Yarigui-Cantagallo,7221,7528,7259,7097,7116,7087,7365,7154,7415,6781
META,LLANOS ORIENTALES,PETROMINERALES COLOMBIA LTD,GUATIQUIA,YATAY,2213,2108,1974,1806,1669,1599,1463,1443,1408,1390
CASANARE,LLANOS ORIENTALES,PETROMINERALES COLOMBIA LTD,CASIMENA,YENAC,1447,1249,967,1273,1188,1320,1156,1195,1627,1797
CASANARE,LLANOS ORIENTALES,ALANGE ENERGY CORP SUC COLOMBIA,E&E CUBIRO,YOPO,626,548,525,455,329,291,305,437,616,525
PUTUMAYO,PUTUMAYO,ECOPETROL D. SUR,ORITO,YURILLA,0,4,103,308,285,347,21,0,0,0
CESAR,CESAR - RANCHERÍA,PETROLEOS DEL NORTE S.A,E&P MIDAS,ZOE,5,0,0,3,2,1,5,0,0,3
CASANARE,LLANOS ORIENTALES,GRUPO C&C ENERGÍA BARBADOS SUCURSAL COLOMBIA.,CRAVOVIEJO,ZOPILOTE,4682,4803,4338,4174,4023,3935,3751,3749,2999,3215
