Departamento,Municipio,Latitud,Longitud,Geolocalizacion,Operadora,Contrato,Campo,enero,febrero,marzo,abril,mayo,junio,julio,agosto,septiembre,octubre,noviembre,diciembre
ANTIOQUIA,PUERTO NARE,6.126539139,-74.70317722,POINT (-74.70317722 6.126539139),ECOPETROL S.A.,TECA COCORNA,AREA TECA-COCORNA,1765.84,1689.32,1826.93,1537.57,1238.72,1049.21,975.58,949,943.07,1276.13,1327.46,1256.37
ANTIOQUIA,PUERTO NARE,6.126539139,-74.70317722,POINT (-74.70317722 6.126539139),MANSAROVAR ENERGY COLOMBIA LTD,NARE,NARE SUR,187.33,184.97,173.58,191.32,193.94,166.74,168.84,152.02,147.4,155.1,140.81,122.48
ANTIOQUIA,PUERTO NARE,6.126539139,-74.70317722,POINT (-74.70317722 6.126539139),MANSAROVAR ENERGY COLOMBIA LTD,NARE,UNDERRIVER,645.83,625.85,632.27,662.28,569.9,443.57,545.7,523.7,448.83,522.13,502.12,466.15
ANTIOQUIA,PUERTO TRIUNFO,5.954830151,-74.6861918,POINT (-74.6861918 5.954830151),ECOPETROL S.A.,TECA COCORNA,AREA TECA-COCORNA,119.7,118.32,81.96,0,0,0,14.05,104.08,94.44,76.66,76.14,74.72
ANTIOQUIA,YONDO,6.925159318,-74.15824041,POINT (-74.15824041 6.925159318),ECOPETROL S.A.,MAGDALENA MEDIO-CASABE,CASABE,11636.58,11584.22,11488.16,10711.52,9483.4,9402.73,9599.38,9527.73,9991.97,10483.05,10633.2,10530.89
ANTIOQUIA,YONDO,6.925159318,-74.15824041,POINT (-74.15824041 6.925159318),ECOPETROL S.A.,MAGDALENA MEDIO-CASABE,CASABE SUR,1852.6,1763.47,1831.5,1838.38,1539.16,1541.67,1573.16,1514.94,1638.69,1639.14,1663.82,1558.06
ANTIOQUIA,YONDO,6.925159318,-74.15824041,POINT (-74.15824041 6.925159318),ECOPETROL S.A.,MAGDALENA MEDIO-CASABE,PEÑAS BLANCAS,1191.87,1119.56,1092.48,1108.8,1039.93,1057.1,1055.03,952.72,967.7,939.22,879.44,993.63
ARAUCA,ARAUCA,6.796280825,-70.50921153,POINT (-70.50921153 6.796280825),SIERRACOL ENERGY ARAUCA LLC,CRAVO NORTE,CAÑO LIMÓN,20370.23,20604.03,20788.68,20137.07,20283.84,20238.3,20358.06,20210.37,19326.15,19432.16,19731.48,20225.02
ARAUCA,ARAUCA,6.796280825,-70.50921153,POINT (-70.50921153 6.796280825),SIERRACOL ENERGY ARAUCA LLC,CRAVO NORTE,CAÑO YARUMAL,3080.65,3717.21,3536.77,2438.2,2648.68,3094.5,2918.32,2936.71,2779.71,2708.99,2637.9,2612.22
ARAUCA,ARAUCA,6.796280825,-70.50921153,POINT (-70.50921153 6.796280825),SIERRACOL ENERGY ARAUCA LLC,CHIPIRÓN,CHIPIRÓN,5400.06,5165.76,4893,4472.57,5042.42,731.4,4991.26,674.95,4718.89,4391.52,4304.02,4175.77
ARAUCA,ARAUCA,6.796280825,-70.50921153,POINT (-70.50921153 6.796280825),SIERRACOL ENERGY ARAUCA LLC,CHIPIRÓN,GALEMBO,105.58,105.28,104.42,98.93,91.39,82.3,82.32,63.93,61.14,57.92,44.83,51.55
ARAUCA,ARAUCA,6.796280825,-70.50921153,POINT (-70.50921153 6.796280825),SIERRACOL ENERGY ARAUCA LLC,CHIPIRÓN,MACANA,171.42,163.72,139.19,141.27,141.84,143.03,141.81,143.06,131.4,130.91,155.43,92.61
ARAUCA,ARAUCA,6.796280825,-70.50921153,POINT (-70.50921153 6.796280825),SIERRACOL ENERGY ARAUCA LLC,CRAVO NORTE,REDONDO,56,0,0,0,0,0,0,0,0,0,222.63,0
ARAUCA,ARAUQUITA,6.799338394,-71.29827429,POINT (-71.29827429 6.799338394),SIERRACOL ENERGY ARAUCA LLC,CHIPIRÓN,ARAGUATO,61.26,61.41,61.13,61.17,58.68,55.27,55.19,53.56,55.13,55.7,56.26,55.73
ARAUCA,ARAUQUITA,6.799338394,-71.29827429,POINT (-71.29827429 6.799338394),SIERRACOL ENERGY ARAUCA LLC,CHIPIRÓN,BAYONERO,357.77,317.48,263.97,232.73,223.74,215.3,216.97,214.33,201.81,177.24,619.31,381.46
ARAUCA,ARAUQUITA,6.799338394,-71.29827429,POINT (-71.29827429 6.799338394),SIERRACOL ENERGY ARAUCA LLC,COSECHA,CANAGUEY,1092.06,974.55,996.68,1101.47,1045.71,1013.13,983.84,979.56,880.99,879.94,895.68,810.05
ARAUCA,ARAUQUITA,6.799338394,-71.29827429,POINT (-71.29827429 6.799338394),SIERRACOL ENERGY ARAUCA LLC,CRAVO NORTE,CAÑO LIMÓN,725.87,747.45,712.52,570.6,590.81,655,656.16,674.84,636,633.15,645.87,643.47
ARAUCA,ARAUQUITA,6.799338394,-71.29827429,POINT (-71.29827429 6.799338394),SIERRACOL ENERGY ARAUCA LLC,RONDÓN,CAÑO RONDÓN,2827.19,2567.17,2390.16,2264.57,2182.1,2390.43,2542.48,2229.84,2076.8,2077.1,1696.65,1824.31
ARAUCA,ARAUQUITA,6.799338394,-71.29827429,POINT (-71.29827429 6.799338394),SIERRACOL ENERGY ARAUCA LLC,RONDÓN,CARICARE,3295.23,2869.76,2805,2427.13,2714.84,2927.87,2904.32,3057.98,3482.71,3481.4,3111.58,3291.47
ARAUCA,ARAUQUITA,6.799338394,-71.29827429,POINT (-71.29827429 6.799338394),SIERRACOL ENERGY ARAUCA LLC,CHIPIRÓN,CHIPIRÓN,89.35,89.62,88.81,86.8,75.71,4164.87,71.42,4164.37,72.24,73,73.95,72.01
ARAUCA,ARAUQUITA,6.799338394,-71.29827429,POINT (-71.29827429 6.799338394),SIERRACOL ENERGY ARAUCA LLC,COSECHA,FINN,3229.42,2760.79,2768.19,2504.5,2287.26,2073.5,1373.71,564.07,1513.39,1596.69,1538.52,1519.94
ARAUCA,ARAUQUITA,6.799338394,-71.29827429,POINT (-71.29827429 6.799338394),SIERRACOL ENERGY ARAUCA LLC,COSECHA,GOLONDRINA,39.68,37.93,40.94,0.7,3.65,29.1,39.68,38.12,3.17,0,40.22,33.22
ARAUCA,ARAUQUITA,6.799338394,-71.29827429,POINT (-71.29827429 6.799338394),SIERRACOL ENERGY ARAUCA LLC,CHIPIRÓN,JIBA,45.87,2,5.61,15.1,16.81,42.33,42.45,42.08,41.39,29.16,28.07,27.97
ARAUCA,ARAUQUITA,6.799338394,-71.29827429,POINT (-71.29827429 6.799338394),SIERRACOL ENERGY ARAUCA LLC,CHIPIRÓN,JIBA UNIFICADO,292.74,369.59,360.81,303.33,317.87,356.43,341.19,329.26,313.77,311.87,319.05,317.49
ARAUCA,ARAUQUITA,6.799338394,-71.29827429,POINT (-71.29827429 6.799338394),SIERRACOL ENERGY ARAUCA LLC,CRAVO NORTE,REDONDO,744.68,961.9,947.71,836.2,1152.81,1099.9,1005.94,921.58,866.89,854.23,608.86,926.06
ARAUCA,ARAUQUITA,6.799338394,-71.29827429,POINT (-71.29827429 6.799338394),SIERRACOL ENERGY ARAUCA LLC,CRAVO NORTE,REDONDO ESTE,56.03,55.76,55.48,52,45.9,46.53,45.84,45.74,43.77,43.92,44.89,44.57
ARAUCA,ARAUQUITA,6.799338394,-71.29827429,POINT (-71.29827429 6.799338394),SIERRACOL ENERGY ARAUCA LLC,COSECHA,REX,220.9,182.38,188.19,207.53,199.58,171.23,173.97,168.91,157.31,173.2,142.32,145.78
ARAUCA,ARAUQUITA,6.799338394,-71.29827429,POINT (-71.29827429 6.799338394),SIERRACOL ENERGY ARAUCA LLC,COSECHA,REX NE,7188.16,6722.41,7531.19,8364.77,11614,12929.9,13255.06,13027.85,12958.02,12893.07,12831.32,12489.48
ARAUCA,ARAUQUITA,6.799338394,-71.29827429,POINT (-71.29827429 6.799338394),SIERRACOL ENERGY ARAUCA LLC,COSECHA,TERECAY,1275.97,1199.14,1213.74,1205.6,1262.29,1252.43,1433.29,2161.81,1641.71,1368.69,1364.97,1420.58
ARAUCA,TAME,6.390650479,-71.79178647,POINT (-71.79178647 6.390650479),PAREX RESOURCES COLOMBIA LTD. SUCURSAL,CAPACHOS,ANDINA,2162.59,5304.44,6825.68,6705,3300.45,2993.63,3045.73,3082.47,3874.95,4621.51,4985.61,5727.03
ARAUCA,TAME,6.390650479,-71.79178647,POINT (-71.79178647 6.390650479),PAREX RESOURCES COLOMBIA LTD. SUCURSAL,CAPACHOS,CAPACHOS,984.23,1622.83,1721.52,1601.25,1627.91,1939.14,1912.85,1862.46,1752.69,1681.41,1530.65,1135.9
ATLANTICO,PONEDERA,10.59465102,-74.79847316,POINT (-74.79847316 10.59465102),LEWIS ENERGY COLOMBIA INC,SSJN-1,MERECUMBE,0,0,0.26,0,0,0,0,0,0,0,0,0.77
ATLANTICO,SABANALARGA,10.79894015,-74.7687966,POINT (-74.7687966 10.79894015),LEWIS ENERGY COLOMBIA INC,SSJN-1,BULLERENGUE,595.82,574.81,558.94,549.29,540.22,531.72,514.7,513.44,521.27,535.37,511,535.69
BOLIVAR,CANTAGALLO,7.239229146,-74.10014043,POINT (-74.10014043 7.239229146),ECOPETROL S.A.,MAGDALENA MEDIO-YARIGUI-CANTAGALLO,YARIGUÍ-CANTAGALLO,15744.91,15911.12,17082.52,17009.06,16533.52,15457.61,14811.46,12992.27,15520.35,15660.02,16495.83,13690.97
BOLIVAR,CICUCO,9.235268598,-74.68840962,POINT (-74.68840962 9.235268598),HOCOL S.A.,CICUCO BOQUETE,CICUCO,345.13,337.53,369.19,327.74,340.28,333.36,304.94,310.84,299.94,296.87,318.41,461.83
BOLIVAR,TALAIGUA NUEVO,9.269516705,-74.58695233,POINT (-74.58695233 9.269516705),HOCOL S.A.,CICUCO BOQUETE,BOQUETE,61.47,99.14,70.78,53.45,74.53,72.78,73.38,66.4,48.42,38.28,79.06,72.97
BOLIVAR,TALAIGUA NUEVO,9.269516705,-74.58695233,POINT (-74.58695233 9.269516705),HOCOL S.A.,CICUCO BOQUETE,CICUCO,186.97,199.13,223.04,223.53,233.66,235.47,246.04,231.5,202.18,203.33,226.64,216.47
BOYACA,CORRALES,5.82454582,-72.84544845,POINT (-72.84544845 5.82454582),UNION TEMPORAL OMEGA ENERGY,BUENAVISTA,CORRALES,191.97,181,199.94,188.83,179.77,115.23,140.26,112.65,95.83,95.58,93.7,108.45
BOYACA,PUERTO BOYACA,5.953466654,-74.4528581,POINT (-74.4528581 5.953466654),MANSAROVAR ENERGY COLOMBIA LTD,NARE,ABARCO,2957.72,2842.31,2823.12,2976.47,2774.35,2553.43,2658.67,2733.8,2552.36,2494.27,2526.36,2576.47
BOYACA,PUERTO BOYACA,5.953466654,-74.4528581,POINT (-74.4528581 5.953466654),ECOPETROL S.A.,PALAGUA,CAIPAL,597.45,596.64,539.32,538.24,588.62,564.45,572.32,545.69,573.5,566.05,532.11,540.8
BOYACA,PUERTO BOYACA,5.953466654,-74.4528581,POINT (-74.4528581 5.953466654),MANSAROVAR ENERGY COLOMBIA LTD,NARE,GIRASOL,2474.1,2469.54,2671.81,2595.32,2687.45,2448.48,2306.84,2529.77,2408.17,2265,2305.89,2531.67
BOYACA,PUERTO BOYACA,5.953466654,-74.4528581,POINT (-74.4528581 5.953466654),MANSAROVAR ENERGY COLOMBIA LTD,NARE,JAZMIN,3442.74,3346.02,3479.1,3270.65,3195.56,3012.57,2699.34,2843.56,2797.29,2855.2,2767.28,2840.57
BOYACA,PUERTO BOYACA,5.953466654,-74.4528581,POINT (-74.4528581 5.953466654),MANSAROVAR ENERGY COLOMBIA LTD,NARE,MORICHE,9714.85,9979.42,9502.44,9416.49,9641,9642.54,9569.6,9001.41,8365.93,8582.1,8681.47,9041.93
BOYACA,PUERTO BOYACA,5.953466654,-74.4528581,POINT (-74.4528581 5.953466654),ECOPETROL S.A.,PALAGUA,PALAGUA,6960.45,6883.85,6780.05,6592.66,6677.71,6615.53,6616.32,6460.7,6301.02,6267.6,6035.34,6134.36
BOYACA,PUERTO BOYACA,5.953466654,-74.4528581,POINT (-74.4528581 5.953466654),TPL COLOMBIA LTD - SUCURSAL COLOMBIA,TURPIAL,TURPIAL,273.38,171.19,142.32,126.04,105.43,168.37,131.26,127.24,128.49,125.47,126.8,128.52
BOYACA,PUERTO BOYACA,5.953466654,-74.4528581,POINT (-74.4528581 5.953466654),MANSAROVAR ENERGY COLOMBIA LTD,NARE,UNDERRIVER,1078.79,1083.33,1038.45,1180.45,1254.32,1111.64,893.87,1018.92,852.86,924.38,1029.69,1016.47
BOYACA,PUERTO BOYACA,5.953466654,-74.4528581,POINT (-74.4528581 5.953466654),MANSAROVAR ENERGY COLOMBIA LTD,GUAGUAQUI - TERAN,VELASQUEZ,2959.99,3215.6,3279.04,3074.56,3053.5,2930,2920.13,2880.33,2844.52,2751.1,2440.78,2399.24
BOYACA,SAN LUIS DE GACENO,4.798203543,-73.13397018,POINT (-73.13397018 4.798203543),NIKOIL ENERGY CORP,CÓNDOR,MEDINA,51.39,42.31,29.71,37.23,16.19,0,0.35,39.94,36,43.35,41.77,43.8
BOYACA,TOPAGA,5.765350303,-72.83672958,POINT (-72.83672958 5.765350303),UNION TEMPORAL OMEGA ENERGY,BUENAVISTA,BOLÍVAR,36.38,36.01,35.68,35.43,34.99,34.48,34.57,34.53,34.45,34.4,34.31,33.73
CASANARE,AGUAZUL,5.126121886,-72.54821017,POINT (-72.54821017 5.126121886),ECOPETROL S.A.,ECOP-SDLA-OP-DIRECTA,CUPIAGUA,5231.83,4843.2,5068.35,4758.29,4784.38,5078.45,4640.94,4660.61,4722.4,4653.53,4651.01,5022.01
CASANARE,AGUAZUL,5.126121886,-72.54821017,POINT (-72.54821017 5.126121886),ECOPETROL S.A.,RECETOR,CUPIAGUA LIRIA,2363.19,2297.43,2213.45,2166.4,2161.47,2246.85,2325.51,2235.83,2229.85,2184.31,2022.94,1946.73
CASANARE,AGUAZUL,5.126121886,-72.54821017,POINT (-72.54821017 5.126121886),ECOPETROL S.A.,ECOP-SDLA-OP-DIRECTA,CUPIAGUA SUR,1372.03,1420.25,1192.59,1430.38,1435.41,1333.76,1452.97,1320.47,1319.48,1527.12,1414.06,1420.48
CASANARE,AGUAZUL,5.126121886,-72.54821017,POINT (-72.54821017 5.126121886),ECOPETROL S.A.,CUSIANA NORTE,CUSIANA NORTE,656.15,601.41,507.9,500.74,535.21,478.17,354.92,426.5,359.26,312.89,347.53,354.26
CASANARE,AGUAZUL,5.126121886,-72.54821017,POINT (-72.54821017 5.126121886),PERENCO COLOMBIA LIMITED,CASANARE,LA GLORIA,334.18,389.05,366.05,292.71,229.23,241.01,237.99,233.79,235.29,239.19,241.27,250.89
CASANARE,AGUAZUL,5.126121886,-72.54821017,POINT (-72.54821017 5.126121886),CEPSA COLOMBIA S.A.,LLA 22,RAMIRIQUI,1235.62,1325.54,1252.75,1126.06,1005.4,928.08,862.28,786.45,838.28,928.53,900.74,865.09
CASANARE,AGUAZUL,5.126121886,-72.54821017,POINT (-72.54821017 5.126121886),PAREX RESOURCES COLOMBIA LTD. SUCURSAL,LLA 26,RUMBA,1666.47,1762.24,1633.7,1327.92,0,0,840.04,1280.12,1318.28,1287.36,1257.05,1228.31
CASANARE,MANI,4.675769488,-72.21280273,POINT (-72.21280273 4.675769488),EMERALD ENERGY PLC SUCURSAL COLOMBIA,CAMPO RICO,CAMPO RICO,365.53,363.59,362.27,363.49,368.96,359.58,291.44,277.97,275.76,275.22,279.18,281.6
CASANARE,MANI,4.675769488,-72.21280273,POINT (-72.21280273 4.675769488),EMERALD ENERGY PLC SUCURSAL COLOMBIA,CAMPO RICO,CENTAURO SUR,96.56,94.19,84.19,83.18,61.4,80.1,45.67,22.06,23.04,23.15,22.66,24.78
CASANARE,MANI,4.675769488,-72.21280273,POINT (-72.21280273 4.675769488),PETROLEOS SUD AMERICANOS SUCURSAL COLOMBIA,ENTRERRIOS,ENTRERRIOS,333.42,337.22,333.9,326.73,314.38,61.43,0,0,0,0,0,0
CASANARE,MANI,4.675769488,-72.21280273,POINT (-72.21280273 4.675769488),COLOMBIA ENERGY DEVELOPMENT CO,ALCARAVÁN,ESTERO,78.11,77.68,77.38,76.74,25.21,77.6,79.23,78.88,78.13,79.15,79.14,79.65
CASANARE,MANI,4.675769488,-72.21280273,POINT (-72.21280273 4.675769488),OMNIA.ENERGY INC. SUCURSAL COLOMBIA,LLA 27,FLAMI,276.83,279.94,226.92,0,0,0,14.23,4.39,0,0,0,0
CASANARE,MANI,4.675769488,-72.21280273,POINT (-72.21280273 4.675769488),PETROLEOS SUD AMERICANOS SUCURSAL COLOMBIA,RIO META,GUARIMENA,147.32,147.16,150.99,149.88,149.97,142.61,150.06,150.1,150.13,146.39,149.94,142.95
CASANARE,MANI,4.675769488,-72.21280273,POINT (-72.21280273 4.675769488),PERENCO COLOMBIA LIMITED,CASANARE,LA GLORIA,268.46,260.07,260.7,260.65,249.84,257.6,266.88,261.64,266.15,264.85,257.25,255.46
CASANARE,MANI,4.675769488,-72.21280273,POINT (-72.21280273 4.675769488),HOCOL S.A.,LA PUNTA,LA PUNTA,668.71,757.62,860.81,816.37,0,0,0,49.87,752.17,717.19,649.27,630.1
CASANARE,MANI,4.675769488,-72.21280273,POINT (-72.21280273 4.675769488),COLOMBIA ENERGY DEVELOPMENT CO,LOS HATOS,LOS HATOS,46.83,46.13,46.76,41.37,17.29,47.76,49.05,45.61,43.19,40.52,39.49,40.75
CASANARE,MANI,4.675769488,-72.21280273,POINT (-72.21280273 4.675769488),CEPSA COLOMBIA S.A.,PUNTERO,MANATUS,116.27,117.56,98.84,0,0,0,0,0,0,0,0,0
CASANARE,MANI,4.675769488,-72.21280273,POINT (-72.21280273 4.675769488),Frontera Energy Colombia Corp Sucursal Colombia,CASIMENA,MANTIS,289.02,282.93,282.44,226.59,0,0,223.83,400.56,405.64,432.95,419.91,472.23
CASANARE,MANI,4.675769488,-72.21280273,POINT (-72.21280273 4.675769488),CEPSA COLOMBIA S.A.,PUNTERO,ONCA,238.04,234.31,228.48,0,0,0,0,0,0,0,0,0
CASANARE,MANI,4.675769488,-72.21280273,POINT (-72.21280273 4.675769488),Frontera Energy Colombia Corp Sucursal Colombia,CASIMENA,PISINGO,533.26,530.57,529.21,451.68,0,0,480.07,545.67,555.33,545.3,536.1,532.36
CASANARE,MANI,4.675769488,-72.21280273,POINT (-72.21280273 4.675769488),HOCOL S.A.,UPIA,SANTIAGO,546.31,542.65,565.57,536.08,0,0,0,0,0,0,0,0
CASANARE,MANI,4.675769488,-72.21280273,POINT (-72.21280273 4.675769488),Frontera Energy Colombia Corp Sucursal Colombia,CASIMENA,YENAC,0,0,0,0,0,0,76.93,188.52,201.69,228.07,151.76,177.59
CASANARE,MONTERREY,4.841308642,-72.8473434,POINT (-72.8473434 4.841308642),PERENCO COLOMBIA LIMITED,BALAY,BALAY,7.81,0,0,0,0,0,0,0,0,0,0,0
CASANARE,MONTERREY,4.841308642,-72.8473434,POINT (-72.8473434 4.841308642),Frontera Energy Colombia Corp Sucursal Colombia,CANAGUARO,Canaguay,224.39,261.84,273.09,243.82,0,0,157.66,278.89,289.69,263.1,288.46,632.7
CASANARE,NUNCHIA,5.529181235,-72.09251937,POINT (-72.09251937 5.529181235),EQUION ENERGÍA LIMITED,NISCOTA,HURÓN,0,20.03,0,0,0,0,0,0,0,0,0,0
CASANARE,OROCUE,4.915139133,-71.59873966,POINT (-71.59873966 4.915139133),OIRU CORPORATION,NASHIRA,ALEPE,168.99,156.77,156.69,156.6,162.75,166.36,164.42,164.43,156.59,165.56,173.49,181.2
CASANARE,OROCUE,4.915139133,-71.59873966,POINT (-71.59873966 4.915139133),OIRU CORPORATION,NASHIRA,ALVA SUR,33.1,33.67,34.25,32.75,30.9,29,26.41,25.03,25.75,25.34,26.47,26.26
CASANARE,OROCUE,4.915139133,-71.59873966,POINT (-71.59873966 4.915139133),Frontera Energy Colombia Corp Sucursal Colombia,CACHICAMO,ANDARRIOS,53.2,50.64,51.18,49.97,46.89,47.67,47.81,41.66,40.92,15.01,0,0
CASANARE,OROCUE,4.915139133,-71.59873966,POINT (-71.59873966 4.915139133),Frontera Energy Colombia Corp Sucursal Colombia,CRAVOVIEJO,BASTIDAS,340.83,419.41,413.14,406.73,444.34,449.09,437.7,246.46,162.23,178.13,186.06,193.41
CASANARE,OROCUE,4.915139133,-71.59873966,POINT (-71.59873966 4.915139133),COLOMBIA ENERGY DEVELOPMENT CO,ALCARAVÁN,CANACABARE,874.84,834.92,709.59,694.6,334.04,493.79,657.15,565.58,411.75,347.1,342.82,390.74
CASANARE,OROCUE,4.915139133,-71.59873966,POINT (-71.59873966 4.915139133),PERENCO COLOMBIA LIMITED,GARCERO,CANDALAY,30.63,32.86,169.29,130.98,23.2,114.37,78.44,79.86,75.5,0,0,0
CASANARE,OROCUE,4.915139133,-71.59873966,POINT (-71.59873966 4.915139133),Frontera Energy Colombia Corp Sucursal Colombia,CRAVOVIEJO,CARRIZALES,371.7,296.33,249.22,227.24,264.05,214.84,162.95,136.31,121.76,127.3,137.96,163.75
CASANARE,OROCUE,4.915139133,-71.59873966,POINT (-71.59873966 4.915139133),Frontera Energy Colombia Corp Sucursal Colombia,MAPACHE,CASTAÑA,154.18,143.02,120.93,83.19,0,0,0,0,0,0,0,0
CASANARE,OROCUE,4.915139133,-71.59873966,POINT (-71.59873966 4.915139133),Frontera Energy Colombia Corp Sucursal Colombia,CACHICAMO,CIRIGÜELO,140.72,112.05,107.84,117.06,107.77,100.13,124.96,115.55,107.16,99.65,96.41,109.64
CASANARE,OROCUE,4.915139133,-71.59873966,POINT (-71.59873966 4.915139133),INVEPETROL LIMITED COLOMBIA,CASANARE ESTE,CURITO,111.93,133.03,128.59,121.66,88.86,124.93,124.77,138.67,135.16,138.97,128.73,114.32
CASANARE,OROCUE,4.915139133,-71.59873966,POINT (-71.59873966 4.915139133),CARRAO ENERGY S.A. SUCURSAL COLOMBIA,LLA 23,DANES,234.9,201.76,0,0,0,0,0,0,0,0,0,0
CASANARE,OROCUE,4.915139133,-71.59873966,POINT (-71.59873966 4.915139133),Frontera Energy Colombia Corp Sucursal Colombia,CACHICAMO,GRETA OTO,140.21,136.97,135.74,133.92,123.82,130.1,131.94,122.48,131.12,129.25,125.9,124.23
CASANARE,OROCUE,4.915139133,-71.59873966,POINT (-71.59873966 4.915139133),Frontera Energy Colombia Corp Sucursal Colombia,CACHICAMO,GUACHARACA,546.6,502.49,459.43,394.55,356.12,348.84,339,323.76,321.14,298.21,261.02,209.88
CASANARE,OROCUE,4.915139133,-71.59873966,POINT (-71.59873966 4.915139133),PERENCO COLOMBIA LIMITED,ESTERO,GUANAPALO,74.11,44.32,25.92,12.65,86.88,0,0,0,0,104.15,117.14,125.69
CASANARE,OROCUE,4.915139133,-71.59873966,POINT (-71.59873966 4.915139133),PERENCO COLOMBIA LIMITED,OROCUÉ,GUARILAQUE,823.31,804.32,816.96,795.28,782.68,788.24,698.49,783.85,891.18,871.09,843.43,773.69
CASANARE,OROCUE,4.915139133,-71.59873966,POINT (-71.59873966 4.915139133),PERENCO COLOMBIA LIMITED,GARCERO,GUASAR,229.52,231.42,231.32,239.4,90.62,66.44,55.86,94.35,165.64,174.4,176.75,170.13
CASANARE,OROCUE,4.915139133,-71.59873966,POINT (-71.59873966 4.915139133),Frontera Energy Colombia Corp Sucursal Colombia,CACHICAMO,HOATZIN,85.59,84.23,83.72,82.29,66.23,79.91,75.37,66.52,60.73,52,51.57,61.82
CASANARE,OROCUE,4.915139133,-71.59873966,POINT (-71.59873966 4.915139133),Frontera Energy Colombia Corp Sucursal Colombia,CACHICAMO,HOATZIN NORTE,169.36,170.86,170.96,163.73,161.54,157.24,152.74,143.64,144.74,132.99,132.14,139.03
CASANARE,OROCUE,4.915139133,-71.59873966,POINT (-71.59873966 4.915139133),PERENCO COLOMBIA LIMITED,GARCERO,JORCAN,43.28,52.38,56.58,56.49,56.11,64.48,61.67,60.29,63.53,62.42,65.37,61.52
CASANARE,OROCUE,4.915139133,-71.59873966,POINT (-71.59873966 4.915139133),PERENCO COLOMBIA LIMITED,GARCERO,JORDÁN,484.13,472.39,392.74,230.08,210.47,231.53,218.01,217.61,233.56,221.75,209.92,199.32
CASANARE,OROCUE,4.915139133,-71.59873966,POINT (-71.59873966 4.915139133),VETRA EXPLORACION Y PRODUCCION COLOMBIA S.A.S.,LA PUNTA,JUAPE,100.26,86.34,80.16,75.77,0,0,0,0,0,0,0,0
CASANARE,OROCUE,4.915139133,-71.59873966,POINT (-71.59873966 4.915139133),CARRAO ENERGY S.A. SUCURSAL COLOMBIA,LLA 23,LABRADOR,381.78,390.4,384.15,157.32,314.08,304.69,26.58,2.11,1.54,2.31,0,0
CASANARE,OROCUE,4.915139133,-71.59873966,POINT (-71.59873966 4.915139133),COLOMBIA ENERGY DEVELOPMENT CO,LLA 23,LABRADOR,0,0,0,0,0,0,0,0,0,0,0,2.94
CASANARE,OROCUE,4.915139133,-71.59873966,POINT (-71.59873966 4.915139133),Frontera Energy Colombia Corp Sucursal Colombia,CRAVOVIEJO,MATEMARRANO,61.64,18.91,0,0,0,0,0,0,0,0,0,28.66
CASANARE,OROCUE,4.915139133,-71.59873966,POINT (-71.59873966 4.915139133),LAS QUINCHAS RESOURCE CORP SURCURSAL COLOMBIA,MORICHE,MAURITÍA ESTE,89.16,89.42,60.98,0,0,0,0,0,0,0,0,0
CASANARE,OROCUE,4.915139133,-71.59873966,POINT (-71.59873966 4.915139133),LAS QUINCHAS RESOURCE CORP SURCURSAL COLOMBIA,MORICHE,MAURITÍA NORTE,1079.52,1083.02,1039.25,978.81,808.16,902.52,844.33,863.46,526.34,727.92,835.8,808.97
CASANARE,OROCUE,4.915139133,-71.59873966,POINT (-71.59873966 4.915139133),OIRU CORPORATION,NASHIRA,NASHIRA NORTE,580.75,586.3,589.5,559.18,581.68,597.17,573.02,591.98,595.42,579.83,600.76,600.33
CASANARE,OROCUE,4.915139133,-71.59873966,POINT (-71.59873966 4.915139133),PERENCO COLOMBIA LIMITED,OROPENDOLA,OROPÉNDOLA,220.22,249.27,245.81,235.4,222.65,237.94,236.07,243.66,247.38,144.88,244.77,257.36
CASANARE,OROCUE,4.915139133,-71.59873966,POINT (-71.59873966 4.915139133),PERENCO COLOMBIA LIMITED,GARCERO,PARAVARE,131.97,125.5,75.76,117.41,122.69,132.01,122.53,132.67,143.67,158.83,157.41,156.95
CASANARE,OROCUE,4.915139133,-71.59873966,POINT (-71.59873966 4.915139133),PERENCO COLOMBIA LIMITED,GARCERO,PIRITO,63.77,62.28,39.59,60.76,51.96,23.32,22.34,24.77,16.43,0,0,0
CASANARE,OROCUE,4.915139133,-71.59873966,POINT (-71.59873966 4.915139133),CANACOL ENERGY COLOMBIA SAS,RANCHO HERMOSO,RANCHO HERMOSO,777.65,778.07,792.48,745.88,597.56,601.74,616.65,818.57,746.67,687.84,685.15,683.26
CASANARE,OROCUE,4.915139133,-71.59873966,POINT (-71.59873966 4.915139133),PETROLEOS COLOMBIANOS SA,TAPIR,RIO CRAVO ESTE,397.8,384.51,375.1,300.38,0,18.31,13.5,15.06,19.28,6.05,22.95,302.11
CASANARE,OROCUE,4.915139133,-71.59873966,POINT (-71.59873966 4.915139133),Frontera Energy Colombia Corp Sucursal Colombia,CRAVOVIEJO,SAIMIRÍ,140.89,135.36,163.16,195.84,223.46,229.24,224.74,228.53,219.3,214.3,212.12,182.53
CASANARE,OROCUE,4.915139133,-71.59873966,POINT (-71.59873966 4.915139133),HOCOL S.A.,LA PUNTA,SANTO DOMINGO,0,0,0,0,0,0,0,3.58,174.53,205.1,202.25,181.52
CASANARE,OROCUE,4.915139133,-71.59873966,POINT (-71.59873966 4.915139133),VETRA EXPLORACION Y PRODUCCION COLOMBIA S.A.S.,LA PUNTA,SANTO DOMINGO,331.26,341.52,343.39,333,0,0,0,0,0,0,0,0
CASANARE,OROCUE,4.915139133,-71.59873966,POINT (-71.59873966 4.915139133),HOCOL S.A.,LA PUNTA,SANTO DOMINGO NORTE,0,0,0,0,0,0,0,0,0,0,265.55,337.45
CASANARE,OROCUE,4.915139133,-71.59873966,POINT (-71.59873966 4.915139133),PERENCO COLOMBIA LIMITED,GARCERO,SARDINAS,757.19,717.02,739.25,751.89,692.35,777.89,758.03,752.72,776.24,779.92,714.73,586.96
CASANARE,OROCUE,4.915139133,-71.59873966,POINT (-71.59873966 4.915139133),EMERALD ENERGY PLC SUCURSAL COLOMBIA,CAMPO RICO,VIGIA SUR,1902.54,1865.92,1828.55,1802.82,1739.73,1762.21,1774.3,1749.93,1712.07,1719.98,1717.6,1722.19
CASANARE,OROCUE,4.915139133,-71.59873966,POINT (-71.59873966 4.915139133),INTEROIL COLOMBIA EXPLORATION AND PRODUCTION,LLA 47,VIKINGO,134.16,184.69,209.5,188.42,28.32,0,150.86,203.67,205.06,200.92,217.87,223.95
CASANARE,OROCUE,4.915139133,-71.59873966,POINT (-71.59873966 4.915139133),PERENCO COLOMBIA LIMITED,OROPENDOLA,VIREO,151.81,103.41,101.92,114.25,111.69,120.71,114.19,108.25,112.11,98.29,100.76,86.44
CASANARE,OROCUE,4.915139133,-71.59873966,POINT (-71.59873966 4.915139133),Frontera Energy Colombia Corp Sucursal Colombia,CRAVOVIEJO,ZOPILOTE,1244.11,1260.11,1211.95,825.56,714.33,699.26,694.37,611.23,600.34,606.8,830.44,1012.27
CASANARE,PAZ DE ARIPORO,5.779915281,-70.86947037,POINT (-70.86947037 5.779915281),PERENCO COLOMBIA LIMITED,ESTERO,ABEJAS,685.68,715.63,721.75,704.43,698.29,670.02,638.5,646.99,617.45,627.12,675.04,765.09
CASANARE,PAZ DE ARIPORO,5.779915281,-70.86947037,POINT (-70.86947037 5.779915281),TABASCO OIL COMPANY LLC,JAGUEYES 3432-B,ANDALUZ,86.61,80.79,29.13,0,0,0,0,0,0,0,0,0
CASANARE,PAZ DE ARIPORO,5.779915281,-70.86947037,POINT (-70.86947037 5.779915281),Frontera Energy Colombia Corp Sucursal Colombia,ARRENDAJO,AZOR,160.85,154.16,150.25,149.02,142.59,143.66,141.98,135.55,120,112.67,112.93,108.44
CASANARE,PAZ DE ARIPORO,5.779915281,-70.86947037,POINT (-70.86947037 5.779915281),PAREX RESOURCES COLOMBIA LTD. SUCURSAL,LLA 40,BEGONIA,282.71,281.64,226.18,0,0,0,0,0,65.9,246.64,276.99,268.83
CASANARE,PAZ DE ARIPORO,5.779915281,-70.86947037,POINT (-70.86947037 5.779915281),PERENCO COLOMBIA LIMITED,CASANARE,CAÑO GARZA,188.31,147.83,121.61,96.77,83.34,103.85,107.05,104.6,90.88,77.72,62.44,102.88
CASANARE,PAZ DE ARIPORO,5.779915281,-70.86947037,POINT (-70.86947037 5.779915281),PERENCO COLOMBIA LIMITED,CASANARE,CAÑO GARZA ESTE,124.24,127.8,100.27,123.88,131.81,127.37,130.88,116.83,113.71,118.37,120.55,88.84
CASANARE,PAZ DE ARIPORO,5.779915281,-70.86947037,POINT (-70.86947037 5.779915281),PERENCO COLOMBIA LIMITED,CASANARE,CAÑO GARZA NORTE,118.29,112.38,110.94,114.96,118.02,104.85,102,109.18,109.26,117.05,127.86,120.37
CASANARE,PAZ DE ARIPORO,5.779915281,-70.86947037,POINT (-70.86947037 5.779915281),PERENCO COLOMBIA LIMITED,ESTERO,CHAPARRITO,242.3,236.94,239.03,240.27,230.64,224.85,172.33,0,184.83,231.47,214.22,229.02
CASANARE,PAZ DE ARIPORO,5.779915281,-70.86947037,POINT (-70.86947037 5.779915281),PERENCO OIL AND GAS COLOMBIA LIMITED.,LA CUERVA,CUERVA NORESTE,18.59,16.04,10.97,0.64,0.1,11.44,9.52,11.26,5.72,13.19,15.38,14.96
CASANARE,PAZ DE ARIPORO,5.779915281,-70.86947037,POINT (-70.86947037 5.779915281),PERENCO OIL AND GAS COLOMBIA LIMITED.,LA CUERVA,CUERVA OESTE,439.21,400.58,373.84,366.69,334.65,348.6,374.15,327.83,334.79,496.61,532.69,488.08
CASANARE,PAZ DE ARIPORO,5.779915281,-70.86947037,POINT (-70.86947037 5.779915281),PERENCO OIL AND GAS COLOMBIA LIMITED.,LA CUERVA,CUERVA SUR,142.61,140.07,143.71,144.99,145.79,133.67,131.8,140.33,146.52,128.02,182.92,295.91
CASANARE,PAZ DE ARIPORO,5.779915281,-70.86947037,POINT (-70.86947037 5.779915281),NEW GRANADA ENERGY CORPORATION SUCURSAL COLOMBIA,DOROTEA,DOROTEA B,1510,1485.5,1545.44,1571.78,1534.05,1556.5,1484.28,1455.55,1424.58,1407.51,1366.38,1312.68
CASANARE,PAZ DE ARIPORO,5.779915281,-70.86947037,POINT (-70.86947037 5.779915281),NEW GRANADA ENERGY CORPORATION SUCURSAL COLOMBIA,DOROTEA,DOROTEA E,37.44,44.53,54.94,56.39,51.72,49.83,48,46.01,61.04,69.82,83.5,86.33
CASANARE,PAZ DE ARIPORO,5.779915281,-70.86947037,POINT (-70.86947037 5.779915281),NEW GRANADA ENERGY CORPORATION SUCURSAL COLOMBIA,LEONA,LEONA B,114.65,112.25,110.66,108.86,105.37,100.28,97.27,95.43,93.77,94.96,92.71,90.37
CASANARE,PAZ DE ARIPORO,5.779915281,-70.86947037,POINT (-70.86947037 5.779915281),NEW GRANADA ENERGY CORPORATION SUCURSAL COLOMBIA,LEONA,LEONA B NORTE,35.64,31.99,30.04,30.43,35.11,34.25,32.9,32.13,31.72,32.21,31.24,28.12
CASANARE,PAZ DE ARIPORO,5.779915281,-70.86947037,POINT (-70.86947037 5.779915281),NEW GRANADA ENERGY CORPORATION SUCURSAL COLOMBIA,LEONA,LEONA B SUR,10.28,10.48,9.96,9.97,10.87,11.68,11.7,11.44,10.59,10.9,10.29,8.88
CASANARE,PAZ DE ARIPORO,5.779915281,-70.86947037,POINT (-70.86947037 5.779915281),NEW GRANADA ENERGY CORPORATION SUCURSAL COLOMBIA,LEONA,LEONA C,29.87,28.83,28.66,28.47,28.45,28.69,27.32,26.39,25.71,26.2,25.17,19.44
CASANARE,PAZ DE ARIPORO,5.779915281,-70.86947037,POINT (-70.86947037 5.779915281),"SUELOPETROL, C.A. SUCURSAL COLOMBIA",LLA 61,OMI,109.44,106.09,109.41,87.56,0,71.92,123.61,103.07,78.49,73.6,74.9,87.31
CASANARE,PAZ DE ARIPORO,5.779915281,-70.86947037,POINT (-70.86947037 5.779915281),Frontera Energy Colombia Corp Sucursal Colombia,ARRENDAJO,YAGUAZO,1060.52,1021.94,999.18,972.58,944.16,955.84,945.38,927.29,913.6,862.68,828.03,806.5
CASANARE,PAZ DE ARIPORO,5.779915281,-70.86947037,POINT (-70.86947037 5.779915281),PERENCO OIL AND GAS COLOMBIA LIMITED.,YAMU,YAMÚ,42.29,45.14,43.66,5.79,37.1,42.22,35.28,21.75,25.83,47.31,34.72,48.09
CASANARE,PORE,5.663194953,-71.92580806,POINT (-71.92580806 5.663194953),PERENCO OIL AND GAS COLOMBIA LIMITED.,YAMU,CARUPANA,306.18,239.91,205.05,168.48,110.66,184.64,80.13,172.45,197.98,190.15,201.47,172.14
CASANARE,PORE,5.663194953,-71.92580806,POINT (-71.92580806 5.663194953),PAREX RESOURCES COLOMBIA LTD. SUCURSAL,LLA 16,KONA,337.96,293.36,235.9,0,0,0,0,0,0,0,0,0
CASANARE,PORE,5.663194953,-71.92580806,POINT (-71.92580806 5.663194953),PERENCO OIL AND GAS COLOMBIA LIMITED.,YAMU,POTRILLO,52.78,51.87,28.31,0,0,5.02,32.02,41.48,30.7,37.25,25.06,33.62
CASANARE,SAN LUIS DE PALENQUE,5.274955665,-71.81749276,POINT (-71.81749276 5.274955665),PAREX RESOURCES COLOMBIA LTD. SUCURSAL,LLA 30,ADALIA,367.98,354.65,351.93,47.59,0,50.79,368.58,321.7,274.37,292.57,288.16,287.36
CASANARE,SAN LUIS DE PALENQUE,5.274955665,-71.81749276,POINT (-71.81749276 5.274955665),Frontera Energy Colombia Corp Sucursal Colombia,CUBIRO,ARAUCO,47.36,53.17,57.31,49.08,0,0,1.86,47.86,25.19,38,36.23,34.43
CASANARE,SAN LUIS DE PALENQUE,5.274955665,-71.81749276,POINT (-71.81749276 5.274955665),PERENCO COLOMBIA LIMITED,CASANARE,BARQUEREÑA,178.51,137.69,215.85,228.31,256.49,256.87,208.45,241.94,224.77,206.36,231.84,23.61
CASANARE,SAN LUIS DE PALENQUE,5.274955665,-71.81749276,POINT (-71.81749276 5.274955665),PERENCO COLOMBIA LIMITED,COROCORA,CAÑO GANDUL,183.52,180.89,183.52,173.83,187.7,175.73,190.55,196.91,168.21,207.07,197.69,198.57
CASANARE,SAN LUIS DE PALENQUE,5.274955665,-71.81749276,POINT (-71.81749276 5.274955665),Frontera Energy Colombia Corp Sucursal Colombia,CUBIRO,CARETO,151.53,142.95,152.13,147.24,0,0,32.28,127.26,128.39,120.78,120.74,123.46
CASANARE,SAN LUIS DE PALENQUE,5.274955665,-71.81749276,POINT (-71.81749276 5.274955665),INVEPETROL LIMITED COLOMBIA,CASANARE ESTE,CEDRILLO,0,134.15,432.17,393.33,433.25,357.78,282.5,0,255.69,358.78,331.46,305.65
CASANARE,SAN LUIS DE PALENQUE,5.274955665,-71.81749276,POINT (-71.81749276 5.274955665),Frontera Energy Colombia Corp Sucursal Colombia,CUBIRO,CERNÍCALO,0,0,66.7,18.86,0,0,0,0,0,0,0,0
CASANARE,SAN LUIS DE PALENQUE,5.274955665,-71.81749276,POINT (-71.81749276 5.274955665),Frontera Energy Colombia Corp Sucursal Colombia,CUBIRO,COPA,1553.21,1440.85,1549.03,1431.67,59.36,0,1063.41,1387.51,1302.03,1217.7,1171.54,1100.68
CASANARE,SAN LUIS DE PALENQUE,5.274955665,-71.81749276,POINT (-71.81749276 5.274955665),Frontera Energy Colombia Corp Sucursal Colombia,CUBIRO,COPA A NORTE,923.9,883.67,788.46,762.71,11.92,0,657.42,732.64,732.38,697.26,793.85,801.84
CASANARE,SAN LUIS DE PALENQUE,5.274955665,-71.81749276,POINT (-71.81749276 5.274955665),Frontera Energy Colombia Corp Sucursal Colombia,CUBIRO,COPA A SUR,177.04,162.9,239.76,224.16,2.82,0,150.75,203.01,196.6,187.89,163.78,149.94
CASANARE,SAN LUIS DE PALENQUE,5.274955665,-71.81749276,POINT (-71.81749276 5.274955665),Frontera Energy Colombia Corp Sucursal Colombia,CUBIRO,COPA B,150.25,153.32,141.18,140.53,0.67,0,84.14,106.51,116.95,126.38,135.66,139.5
CASANARE,SAN LUIS DE PALENQUE,5.274955665,-71.81749276,POINT (-71.81749276 5.274955665),Frontera Energy Colombia Corp Sucursal Colombia,CUBIRO,COPA C,179.84,163.85,161.71,89.77,0,0,74.78,89.34,41.82,48.65,45.35,42.35
CASANARE,SAN LUIS DE PALENQUE,5.274955665,-71.81749276,POINT (-71.81749276 5.274955665),Frontera Energy Colombia Corp Sucursal Colombia,CUBIRO,COPA D,395.49,415.73,341.24,410.42,0,0,291.31,388.93,383.26,385.66,416.7,374.56
CASANARE,SAN LUIS DE PALENQUE,5.274955665,-71.81749276,POINT (-71.81749276 5.274955665),PERENCO COLOMBIA LIMITED,CASANARE,CRAVO ESTE,481.82,457.28,468.44,457.08,441.95,407.67,439.51,419.52,398.48,394.36,387.97,387.65
CASANARE,SAN LUIS DE PALENQUE,5.274955665,-71.81749276,POINT (-71.81749276 5.274955665),INVEPETROL LIMITED COLOMBIA,CASANARE ESTE,CURITO,99.26,117.97,114.04,107.89,78.8,110.79,110.64,122.97,119.86,123.23,114.16,101.38
CASANARE,SAN LUIS DE PALENQUE,5.274955665,-71.81749276,POINT (-71.81749276 5.274955665),PERENCO COLOMBIA LIMITED,CASANARE,LA FLORA,273.22,263.69,260.91,255.33,263.74,244.13,277.84,260.91,267.67,259.07,251.5,270.54
CASANARE,SAN LUIS DE PALENQUE,5.274955665,-71.81749276,POINT (-71.81749276 5.274955665),PAREX RESOURCES COLOMBIA LTD. SUCURSAL,LOS OCARROS,LAS MARACAS,351.18,365.3,445.6,46.76,0,0,0,0,84.96,418.07,434.06,431.7
CASANARE,SAN LUIS DE PALENQUE,5.274955665,-71.81749276,POINT (-71.81749276 5.274955665),CARRAO ENERGY S.A. SUCURSAL COLOMBIA,LLA 23,LEONO,124.32,122.4,102.33,9.15,0,0,0,0,0,0,0,0
CASANARE,SAN LUIS DE PALENQUE,5.274955665,-71.81749276,POINT (-71.81749276 5.274955665),CARRAO ENERGY S.A. SUCURSAL COLOMBIA,LLA 23,PANTRO,11.01,8.05,8.08,10.15,7.48,9.31,6.15,6.68,7.77,4.54,2.4,0
CASANARE,SAN LUIS DE PALENQUE,5.274955665,-71.81749276,POINT (-71.81749276 5.274955665),COLOMBIA ENERGY DEVELOPMENT CO,LLA 23,PANTRO,0,0,0,0,0,0,0,0,0,0,0,7.42
CASANARE,SAN LUIS DE PALENQUE,5.274955665,-71.81749276,POINT (-71.81749276 5.274955665),Frontera Energy Colombia Corp Sucursal Colombia,CUBIRO,PETIRROJO SUR,71.52,65.87,61.43,14.7,0,0,0,0,0,0,0,0
CASANARE,SAN LUIS DE PALENQUE,5.274955665,-71.81749276,POINT (-71.81749276 5.274955665),PERENCO COLOMBIA LIMITED,COROCORA,REMACHE NORTE,303.28,301.78,320.35,296.98,245.08,312.59,309.92,319.55,309.8,333.6,327.1,330.19
CASANARE,SAN LUIS DE PALENQUE,5.274955665,-71.81749276,POINT (-71.81749276 5.274955665),PERENCO COLOMBIA LIMITED,COROCORA,REMACHE SUR,192.12,185.07,190.12,191.73,203.02,200.09,221.35,199.59,206.7,208.16,191.57,201.93
CASANARE,SAN LUIS DE PALENQUE,5.274955665,-71.81749276,POINT (-71.81749276 5.274955665),Frontera Energy Colombia Corp Sucursal Colombia,CUBIRO,TIJERETO,53.13,67.02,60.53,12.78,0,0,0,0,0,0,0,0
CASANARE,TAURAMENA,4.697463691,-72.62922436,POINT (-72.62922436 4.697463691),VERANO ENERGY (BARBADOS) LIMITED,LLA 32,AZOGUE,1979.27,1817.27,1421.23,1208.8,31.47,0,0,720.78,725.12,703.49,850.25,802.88
CASANARE,TAURAMENA,4.697463691,-72.62922436,POINT (-72.62922436 4.697463691),VERANO ENERGY (BARBADOS) LIMITED,LLA 32,CALONA,0,0,340.01,139.21,0,62.04,185.7,125.95,13.74,0,227.13,88.44
CASANARE,TAURAMENA,4.697463691,-72.62922436,POINT (-72.62922436 4.697463691),Frontera Energy Colombia Corp Sucursal Colombia,CANAGUARO,Canaguay,333.67,296.9,208.44,0,0,0,0,0,0,0,0,0
CASANARE,TAURAMENA,4.697463691,-72.62922436,POINT (-72.62922436 4.697463691),VERANO ENERGY (BARBADOS) LIMITED,LLA 32,CARMENTEA,124.69,123.5,93.42,326.14,206.8,0,188.31,330.64,340.5,353.28,271.08,200.22
CASANARE,TAURAMENA,4.697463691,-72.62922436,POINT (-72.62922436 4.697463691),GEOPARK COLOMBIA S.A.S.,LLA 34,CHACHALACA,113.34,106.82,47.23,0,0,0,0,0,5.63,0,0,0
CASANARE,TAURAMENA,4.697463691,-72.62922436,POINT (-72.62922436 4.697463691),GEOPARK COLOMBIA S.A.S.,LLA 34,CHIRICOCA,3161,2083.84,998.1,736.34,594.99,510.48,444.18,232.58,552.95,709.39,647.14,595.74
CASANARE,TAURAMENA,4.697463691,-72.62922436,POINT (-72.62922436 4.697463691),ECOPETROL S.A.,RÍO CHITAMENA,CUSIANA,883.11,1187.05,1091.46,1124.94,1089.64,1033.6,1013.18,858.69,877.96,841.65,757.59,759.66
CASANARE,TAURAMENA,4.697463691,-72.62922436,POINT (-72.62922436 4.697463691),ECOPETROL S.A.,TAURAMENA,CUSIANA,703.45,623.66,611.81,645.97,701.67,681.5,769.63,702.18,801.33,796.91,817.23,712.54
CASANARE,TAURAMENA,4.697463691,-72.62922436,POINT (-72.62922436 4.697463691),ECOPETROL S.A.,CUSIANA NORTE,CUSIANA NORTE,0,0,0,0,0,0,92.23,0,0,0,0,0
CASANARE,TAURAMENA,4.697463691,-72.62922436,POINT (-72.62922436 4.697463691),CEPSA COLOMBIA S.A.,GARIBAY,JILGUERO,241.34,233.8,200.22,0,0,0,0,0,0,0,0,0
CASANARE,TAURAMENA,4.697463691,-72.62922436,POINT (-72.62922436 4.697463691),CEPSA COLOMBIA S.A.,TIPLE,JILGUERO SUR,193.74,195.83,162.12,0,0,0,0,0,0,0,0,0
CASANARE,TAURAMENA,4.697463691,-72.62922436,POINT (-72.62922436 4.697463691),VERANO ENERGY (BARBADOS) LIMITED,LLA 32,KANANASKIS,556.14,575.93,480.49,99.43,0,388.28,236.29,109.69,112.08,105.46,203.42,298.98
CASANARE,TAURAMENA,4.697463691,-72.62922436,POINT (-72.62922436 4.697463691),GEOPARK COLOMBIA S.A.S.,LLA 34,MAX,261.23,261.23,170.01,0,0,0,0,0,91.79,258.76,261.09,260.55
CASANARE,TAURAMENA,4.697463691,-72.62922436,POINT (-72.62922436 4.697463691),CEPSA COLOMBIA S.A.,GARIBAY,MELERO,87.72,98.24,88.29,0,0,0,0,0,0,0,0,0
CASANARE,TAURAMENA,4.697463691,-72.62922436,POINT (-72.62922436 4.697463691),GEOPARK COLOMBIA S.A.S.,LLA 34,TARO TARO,399.42,396.04,267.4,0,0,0,124.25,288.22,279.74,178.17,0,0
CASANARE,TAURAMENA,4.697463691,-72.62922436,POINT (-72.62922436 4.697463691),GEOPARK COLOMBIA S.A.S.,LLA 34,TIGANA,34987.24,36756.21,35999.17,33587.72,28047.2,32174.75,31397.15,31559.5,30117.54,28019.94,27583.03,29235.58
CASANARE,TAURAMENA,4.697463691,-72.62922436,POINT (-72.62922436 4.697463691),GEOPARK COLOMBIA S.A.S.,LLA 34,TILO,355.12,381.57,234.14,0,0,0,7.88,333.38,341.01,340.82,337.31,337.97
CASANARE,YOPAL,5.242744761,-72.25802857,POINT (-72.25802857 5.242744761),EQUION ENERGÍA LIMITED,PIEDEMONTE,PAUTO SUR,23898.49,23463.95,0,0,0,0,0,0,0,0,0,0
CASANARE,TAURAMENA,4.697463691,-72.62922436,POINT (-72.62922436 4.697463691),GEOPARK COLOMBIA S.A.S.,LLA 34,TUA,4318.55,4205.95,3819.69,3868.82,268.86,1879.47,3110.47,3216.57,3040.73,3005.79,3015.73,3143.31
CASANARE,TRINIDAD,5.354527091,-71.25479519,POINT (-71.25479519 5.354527091),LEWIS ENERGY COLOMBIA INC,GUACHIRIA SUR,AZAFRÁN,516.34,477.86,346.47,0.95,0,0,0,0,0,0,0,0
CASANARE,TRINIDAD,5.354527091,-71.25479519,POINT (-71.25479519 5.354527091),PERENCO COLOMBIA LIMITED,COROCORA,COREN,1258.06,1284.35,1200.15,1236.2,1215.02,1141.41,1139,1090.3,1076.04,1032.4,930.21,877.63
CASANARE,TRINIDAD,5.354527091,-71.25479519,POINT (-71.25479519 5.354527091),PERENCO COLOMBIA LIMITED,COROCORA,COROCORA,722.98,692.25,661.1,698.45,718.79,680.17,671.4,617.51,619.6,645.89,617.17,613.42
CASANARE,TRINIDAD,5.354527091,-71.25479519,POINT (-71.25479519 5.354527091),PERENCO COLOMBIA LIMITED,COROCORA,CORSUR,78.28,73.91,163.93,236.22,205.59,218.01,228.33,195.9,176.42,204.89,200.5,199.42
CASANARE,TRINIDAD,5.354527091,-71.25479519,POINT (-71.25479519 5.354527091),LEWIS ENERGY COLOMBIA INC,GUACHIRÍA,LOS ACEITES,81.79,77.98,57.26,0,0,0,0,0,0,0,0,0
CASANARE,TRINIDAD,5.354527091,-71.25479519,POINT (-71.25479519 5.354527091),PERENCO COLOMBIA LIMITED,GARCERO,PALMARITO,179.9,148.1,156.58,167.72,122.41,144.41,157.73,149.94,146.78,109.88,123.42,139.01
CASANARE,TRINIDAD,5.354527091,-71.25479519,POINT (-71.25479519 5.354527091),Frontera Energy Colombia Corp Sucursal Colombia,CUBIRO,PETIRROJO,41.15,39.54,40.63,8.71,0,0,0,0,0,0,0,0
CASANARE,TRINIDAD,5.354527091,-71.25479519,POINT (-71.25479519 5.354527091),LEWIS ENERGY COLOMBIA INC,GUACHIRÍA,PRIMAVERA,40.12,40.37,32.08,0,0,0,0,0,0,0,0,0
CASANARE,TRINIDAD,5.354527091,-71.25479519,POINT (-71.25479519 5.354527091),PERENCO COLOMBIA LIMITED,GARCERO,SIRENAS,24.37,29.84,3.73,0,0,0.97,0.99,0,0,0,0,0
CASANARE,TRINIDAD,5.354527091,-71.25479519,POINT (-71.25479519 5.354527091),CEPSA COLOMBIA S.A.,MERECURE,TAMARINIZA,0,0,221.4,0,0,0,0,0,0,0,0,0
CASANARE,TRINIDAD,5.354527091,-71.25479519,POINT (-71.25479519 5.354527091),PERENCO COLOMBIA LIMITED,ESTERO,TOROS,35.21,35.79,36.03,34.49,33.83,36.85,33.09,30.53,34.41,30.82,24.28,30.54
CASANARE,TRINIDAD,5.354527091,-71.25479519,POINT (-71.25479519 5.354527091),PERENCO COLOMBIA LIMITED,YALEA,TRINIDAD,521.16,539.35,522.8,484.64,492.9,549.05,504.37,520.69,513.35,510.22,531.06,564.75
CASANARE,TRINIDAD,5.354527091,-71.25479519,POINT (-71.25479519 5.354527091),LEWIS ENERGY COLOMBIA INC,GUACHIRIA SUR,TULIPÁN,128.43,123.36,74.75,3.79,0,0,0,0,0,0,0,0
CASANARE,VILLA NUEVA,4.528307719,-72.82314281,POINT (-72.82314281 4.528307719),PAREX RESOURCES COLOMBIA LTD. SUCURSAL,CABRESTERO,AKIRA,1920.33,2547.39,2118.26,1853.75,1094.9,1363.79,1585.11,1573.61,1809.76,1724.27,1577.59,1544.12
CASANARE,VILLA NUEVA,4.528307719,-72.82314281,POINT (-72.82314281 4.528307719),PAREX RESOURCES COLOMBIA LTD. SUCURSAL,CABRESTERO,BACANO,3403.38,3123.5,2614.48,2781.1,1433.44,2263.14,2844.62,3075.42,2978.34,4426.62,4772.6,4434.27
CASANARE,VILLA NUEVA,4.528307719,-72.82314281,POINT (-72.82314281 4.528307719),Frontera Energy Colombia Corp Sucursal Colombia,CORCEL,CARUTO,0,227.9,220.26,217.27,218.69,213.41,209.45,210.1,206.23,198.99,198.03,193.63
CASANARE,VILLA NUEVA,4.528307719,-72.82314281,POINT (-72.82314281 4.528307719),Frontera Energy Colombia Corp Sucursal Colombia,CORCEL,CARUTO,237.72,0,0,0,0,0,0,0,0,0,0,0
CASANARE,VILLA NUEVA,4.528307719,-72.82314281,POINT (-72.82314281 4.528307719),GEOPARK COLOMBIA S.A.S.,LLA 34,CURUCUCÚ,225.94,218.95,135.63,0,0,0,0,0,64.18,197.57,196.46,182.15
CASANARE,VILLA NUEVA,4.528307719,-72.82314281,POINT (-72.82314281 4.528307719),GEOPARK COLOMBIA S.A.S.,LLA 34,GUACO,381.67,350.26,194.79,0,0,0,302.84,326.98,272.37,244.87,219.6,183.29
CASANARE,VILLA NUEVA,4.528307719,-72.82314281,POINT (-72.82314281 4.528307719),GEOPARK COLOMBIA S.A.S.,LLA 34,JACAMAR,33.85,30.83,18.9,0,0,0,0,0,0,0,0,0
CASANARE,VILLA NUEVA,4.528307719,-72.82314281,POINT (-72.82314281 4.528307719),GEOPARK COLOMBIA S.A.S.,LLA 34,JACANA,26365.64,27510.23,29643.37,26851.45,23547.94,22050.82,23870.71,24764.39,25432.18,24556.76,24133.06,23855.03
CASANARE,YOPAL,5.242744761,-72.25802857,POINT (-72.25802857 5.242744761),COLOMBIA ENERGY DEVELOPMENT CO,RIO VERDE,BORAL,12.43,5.64,0,20.75,0,52.67,491.48,590.63,642.41,679.61,689.14,673.85
CASANARE,YOPAL,5.242744761,-72.25802857,POINT (-72.25802857 5.242744761),ECOPETROL S.A.,PIEDEMONTE,FLOREÑA,0,0,3556.04,3618.4,3648.48,3608.28,3082.56,3345.41,3209.51,3207.68,3273.31,3289.83
CASANARE,YOPAL,5.242744761,-72.25802857,POINT (-72.25802857 5.242744761),EQUION ENERGÍA LIMITED,PIEDEMONTE,FLOREÑA,3671.18,3838.84,0,0,0,0,0,0,0,0,0,0
CASANARE,YOPAL,5.242744761,-72.25802857,POINT (-72.25802857 5.242744761),ECOPETROL S.A.,PIEDEMONTE,FLOREÑA MIRADOR,0,0,2682.14,2646.92,2338.73,2279.57,2123.39,2357.09,2408.5,2400.26,2394.11,2420.85
CASANARE,YOPAL,5.242744761,-72.25802857,POINT (-72.25802857 5.242744761),EQUION ENERGÍA LIMITED,PIEDEMONTE,FLOREÑA MIRADOR,2579.08,2854.52,0,0,0,0,0,0,0,0,0,0
CASANARE,YOPAL,5.242744761,-72.25802857,POINT (-72.25802857 5.242744761),PERENCO COLOMBIA LIMITED,CASANARE,LA GLORIA NORTE,424.41,471.54,415.21,371.42,364.97,380.04,431.31,460.52,437.55,449.7,422.57,431.79
CASANARE,YOPAL,5.242744761,-72.25802857,POINT (-72.25802857 5.242744761),EMERALD ENERGY PLC SUCURSAL COLOMBIA,CAMPO RICO,LOS POTROS,118.48,4.34,0,0,0,0,0,0,0,0,0,0
CASANARE,YOPAL,5.242744761,-72.25802857,POINT (-72.25802857 5.242744761),COLOMBIA ENERGY DEVELOPMENT CO,RIO VERDE,MARSUPIAL,0.32,0,0,0,0,0,0,0,0,0,0,0
CASANARE,YOPAL,5.242744761,-72.25802857,POINT (-72.25802857 5.242744761),PERENCO COLOMBIA LIMITED,CASANARE,MORICHAL,191.5,188.47,183.48,176.18,171.97,176.04,166.09,161.35,159.74,159.72,158.98,154.22
CASANARE,YOPAL,5.242744761,-72.25802857,POINT (-72.25802857 5.242744761),ECOPETROL S.A.,PIEDEMONTE,PAUTO SUR,0,0,22484.37,22674.37,22589.31,21146.41,19500.17,21889.26,21314.81,20987.22,20844.21,20470.48
CASANARE,YOPAL,5.242744761,-72.25802857,POINT (-72.25802857 5.242744761),ECOPETROL S.A.,RECETOR,PAUTO SUR RECETOR,568.85,529.98,516.48,495.66,498.84,364.06,206.65,521.26,508.16,515.07,497.59,461.75
CASANARE,YOPAL,5.242744761,-72.25802857,POINT (-72.25802857 5.242744761),CANACOL ENERGY COLOMBIA SAS,RANCHO HERMOSO,RANCHO HERMOSO,194.72,195.31,195.48,191.76,189.45,147,138.91,368.15,403.63,384.63,352.62,272.19
CASANARE,YOPAL,5.242744761,-72.25802857,POINT (-72.25802857 5.242744761),COLOMBIA ENERGY DEVELOPMENT CO,RIO VERDE,TILODIRÁN,1450.3,1410.94,1117.27,933.16,489.3,719.43,796.82,1022.25,1042.68,1015.63,995.81,969.64
CASANARE,YOPAL,5.242744761,-72.25802857,POINT (-72.25802857 5.242744761),PERENCO COLOMBIA LIMITED,CASANARE,TOCARIA,193.43,189.92,160.94,163.55,164.81,166.03,155.36,158.65,145.83,170.52,166.89,171.22
CASANARE,YOPAL,5.242744761,-72.25802857,POINT (-72.25802857 5.242744761),EMERALD ENERGY PLC SUCURSAL COLOMBIA,CAMPO RICO,VIGIA,411.95,414.67,433.64,409.7,311.36,398.3,407.13,401.1,384.9,385.7,319.26,316.2
CASANARE,YOPAL,5.242744761,-72.25802857,POINT (-72.25802857 5.242744761),ECOPETROL S.A.,RECETOR,VOLCANERA,9.79,8.75,7,0,0,0,0,0,0,0,6,0
CAUCA,PIAMONTE,1.054128816,-76.4443271,POINT (-76.4443271 1.054128816),GRAN TIERRA ENERGY COLOMBIA LTD,GUAYUYACO,GUAYUYACO,394.6,383.5,400.66,0,0,0,0,0,0,0,0,0
CAUCA,PIAMONTE,1.054128816,-76.4443271,POINT (-76.4443271 1.054128816),GRAN TIERRA ENERGY COLOMBIA LTD,SANTANA,MARY,129.71,129.61,108.3,0,0,0,0,0,0,0,0,0
CAUCA,PIAMONTE,1.054128816,-76.4443271,POINT (-76.4443271 1.054128816),GRAN TIERRA ENERGY COLOMBIA LTD,SANTANA,MIRAFLOR,236.61,211.52,42.95,0,0,0,0,0,0,0,0,0
CESAR,AGUACHICA,8.248735219,-73.6227405,POINT (-73.6227405 8.248735219),CARRAO ENERGY S.A. SUCURSAL COLOMBIA,VMM 2,MONO ARAÑA,414.89,369.49,310.38,0,0,0,0,263.27,521.25,488.91,463.98,457.77
CESAR,AGUACHICA,8.248735219,-73.6227405,POINT (-73.6227405 8.248735219),CARRAO ENERGY S.A. SUCURSAL COLOMBIA,SANTA ISABEL,OSO PARDO,125.91,121.7,60.57,0,0,0,0,0,0,0,0,0
CESAR,RIO DE ORO,8.201070245,-73.48750127,POINT (-73.48750127 8.201070245),GRAN TIERRA ENERGY COLOMBIA LTD,MIDAS,CHUIRA,194.01,202.56,211.77,211.06,138.43,171.67,174.87,175.66,173.31,174.39,172.04,172.3
CESAR,RIO DE ORO,8.201070245,-73.48750127,POINT (-73.48750127 8.201070245),GRAN TIERRA ENERGY COLOMBIA LTD,TISQUIRAMA,LOS ANGELES,589.79,595.19,286.95,0,0,0,0,0,229.16,770.85,712.18,658.78
CESAR,RIO DE ORO,8.201070245,-73.48750127,POINT (-73.48750127 8.201070245),PAREX RESOURCES COLOMBIA LTD. SUCURSAL,FORTUNA,PIMIENTO,1.25,4.39,0,0,0,0,0,0,0,0,0,0
CESAR,RIO DE ORO,8.201070245,-73.48750127,POINT (-73.48750127 8.201070245),GRAN TIERRA ENERGY COLOMBIA LTD,TISQUIRAMA,QUERUBÍN,85.61,72.19,42.94,0,0,0,0,0,53.13,104.41,100.88,101.28
CESAR,RIO DE ORO,8.201070245,-73.48750127,POINT (-73.48750127 8.201070245),PAREX RESOURCES COLOMBIA LTD. SUCURSAL,FORTUNA,TOTUMAL,20.27,18.67,0,0,7.49,0,0,0,10.92,0,0,596.11
CESAR,RIO DE ORO,8.201070245,-73.48750127,POINT (-73.48750127 8.201070245),GRAN TIERRA ENERGY COLOMBIA LTD,TISQUIRAMA,TRONOS,7.65,7.58,3.92,0,0,0,0,0,0,0,0,1.67
CESAR,SAN ALBERTO,7.769815987,-73.47218888,POINT (-73.47218888 7.769815987),GRAN TIERRA ENERGY COLOMBIA LTD,TISQUIRAMA,SANTA LUCÍA,224.45,222.49,107.83,0,0,0,0,0,0,0,0,0
CESAR,SAN MARTÍN,7.937788454,-73.54436312,POINT (-73.54436312 7.937788454),GRAN TIERRA ENERGY COLOMBIA LTD,MIDAS,ACORDIONERO,14708.88,14737.43,13152.72,11488.17,10597.85,10243.33,10308.6,9598.19,9365.43,9320.32,9582.05,10657.81
CESAR,SAN MARTÍN,7.937788454,-73.54436312,POINT (-73.54436312 7.937788454),ECOPETROL S.A.,TISQUIRAMA-C,CARONTE,30.7,25.59,11.68,0,0,0,0,0,0,0,0,0
CESAR,SAN MARTÍN,7.937788454,-73.54436312,POINT (-73.54436312 7.937788454),ECOPETROL S.A.,TISQUIRAMA-C,SAN ROQUE,1247.93,1234.43,1452.84,1301.44,1173.51,1301.44,1396.98,1360.41,1317.96,1334.12,1277.06,1301.84
CESAR,SAN MARTÍN,7.937788454,-73.54436312,POINT (-73.54436312 7.937788454),ECOPETROL S.A.,TISQUIRAMA-C,TISQUIRAMA,1915.85,1860.62,1865.23,1795.17,1753.53,1653.81,1663.76,1537.78,1513.94,1446.17,1394.61,1524.72
CESAR,SAN MARTÍN,7.937788454,-73.54436312,POINT (-73.54436312 7.937788454),GRAN TIERRA ENERGY COLOMBIA LTD,MIDAS,ZOE,3.27,2.61,0,0,4.19,0,2.77,0,3.38,3.04,2.1,3.06
CORDOBA,PUEBLO NUEVO,8.481339568,-75.40516154,POINT (-75.40516154 8.481339568),HOCOL S.A.,VIM 8,ARRECIFE,0,0,0,0,0,0,0,0,0,0.16,0.07,0.07
CORDOBA,PUEBLO NUEVO,8.481339568,-75.40516154,POINT (-75.40516154 8.481339568),CANACOL ENERGY COLOMBIA SAS,ESPERANZA,NELSON,0,0,0,0,0,0,0,0,0,0,0.31,0.31
CORDOBA,PUEBLO NUEVO,8.481339568,-75.40516154,POINT (-75.40516154 8.481339568),GEOPRODUCTION OIL AND GAS COMPANY OF COLOMBIA,ESPERANZA,NELSON,0.27,0.25,0.24,0.24,0.32,0.3,0.32,0.33,0.32,0.32,0,0
CUNDINAMARCA,GUADUAS,5.173554764,-74.64014651,POINT (-74.64014651 5.173554764),Frontera Energy Colombia Corp Sucursal Colombia,DINDAL,GUADUAS,126.77,125.31,124.55,124.13,111.19,105.03,106.35,109.19,107.74,106.77,110.87,112.55
CUNDINAMARCA,PULI,4.691336253,-74.68074404,POINT (-74.68074404 4.691336253),HOCOL S.A.,PULI,PULI,53.38,52.94,53.48,53.54,0,0,0,0,0,0,0,0
HUILA,AIPE,3.243441923,-75.27670655,POINT (-75.27670655 3.243441923),ECOPETROL S.A.,PIJAO-POTRERILLO,ARRAYÁN,1318.95,1308.16,1309.07,1310.59,1168.24,1066.88,1003.91,931.64,473.35,493.32,658.77,648.87
HUILA,AIPE,3.243441923,-75.27670655,POINT (-75.27670655 3.243441923),ECOPETROL S.A.,PALERMO,BALCÓN,663.68,614,623.14,541.41,605.55,684.27,616.22,647.91,649.11,647.58,648.26,645.21
HUILA,AIPE,3.243441923,-75.27670655,POINT (-75.27670655 3.243441923),ECOPETROL S.A.,PIJAO-POTRERILLO,BRISAS,206.32,251.16,265.62,282.9,291.56,282.89,269.03,271.76,271.35,273.19,259.32,257.53
HUILA,AIPE,3.243441923,-75.27670655,POINT (-75.27670655 3.243441923),ECOPETROL S.A.,PIJAO-POTRERILLO,DINA CRETÁCEOS,1241.26,1122.01,1015.46,1013.47,923.14,922.62,876.66,840.03,874.68,958.23,958.52,934.16
HUILA,AIPE,3.243441923,-75.27670655,POINT (-75.27670655 3.243441923),ECOPETROL S.A.,PIJAO-POTRERILLO,DINA NORTE,445.74,448.75,447.37,463.92,444.61,449.35,428.19,415.48,376.06,354.38,324.93,334.46
HUILA,AIPE,3.243441923,-75.27670655,POINT (-75.27670655 3.243441923),ECOPETROL S.A.,PIJAO-POTRERILLO,DINA TERCIARIOS,2685.04,3016.51,3039.62,2986.33,2918.22,2939.34,2891.13,2937.54,2763.57,2780.63,2841.03,2759.21
HUILA,AIPE,3.243441923,-75.27670655,POINT (-75.27670655 3.243441923),ECOPETROL S.A.,PIJAO-POTRERILLO,TEMPRANILLO,185.06,94.96,37.97,147.15,158.91,169.78,167.38,162.61,162.78,154.3,161.46,161.11
HUILA,AIPE,3.243441923,-75.27670655,POINT (-75.27670655 3.243441923),ECOPETROL S.A.,PIJAO-POTRERILLO,TEMPRANILLO NORTE,102.45,144.91,157.52,153.27,171.6,160.79,161.82,160.89,166.41,167.82,166.12,164.8
HUILA,AIPE,3.243441923,-75.27670655,POINT (-75.27670655 3.243441923),ECOPETROL S.A.,PIJAO-POTRERILLO,TENAY,180.67,173.24,116.53,146.25,160.09,166.35,166.32,161.13,148.69,74.3,95.98,101.64
HUILA,BARAYA,3.135423634,-74.95797796,POINT (-74.95797796 3.135423634),HOCOL S.A.,HUILA,ANDALUCIA,84.75,87.24,85.8,85.93,85.13,75.04,61.09,70.05,59.57,32.38,0,0
HUILA,GARZON,2.172441496,-75.57131243,POINT (-75.57131243 2.172441496),EMERALD ENERGY PLC SUCURSAL COLOMBIA,MATAMBO,GIGANTE,1319.45,1311.01,1302.21,960.41,1245.18,422.17,1237.44,1236.35,1230.22,1208.82,1059.49,1227.89
HUILA,GIGANTE,2.371781539,-75.51699754,POINT (-75.51699754 2.371781539),EMERALD ENERGY PLC SUCURSAL COLOMBIA,MATAMBO,GIGANTE,0,0,0,0,0,772.52,0,0,0,0,0,0
HUILA,NEIVA,2.993360046,-75.27236232,POINT (-75.27236232 2.993360046),ECOPETROL S.A.,PIJAO-POTRERILLO,CEBÚ,197.85,135.46,147.38,20.16,0,0,62.65,147,67.23,140.99,176.01,164.78
HUILA,NEIVA,2.993360046,-75.27236232,POINT (-75.27236232 2.993360046),ECOPETROL S.A.,CAGUAN,ESPINO,16.26,19.82,13.91,14.15,14.32,14.94,14.36,15.24,15.23,16.67,14.39,16.14
HUILA,NEIVA,2.993360046,-75.27236232,POINT (-75.27236232 2.993360046),ECOPETROL S.A.,CAMPOS TELLO Y LA JAGUA,LA JAGUA,55.8,54.08,52.86,49.74,49,54.78,49.38,48.99,48.55,49.26,48.57,48.35
HUILA,NEIVA,2.993360046,-75.27236232,POINT (-75.27236232 2.993360046),ECOPETROL S.A.,PIJAO-POTRERILLO,PALOGRANDE,927.16,944.07,991.78,977.83,852.85,924.78,1017.11,1056.48,1096.59,1040.99,1036.42,893.37
HUILA,NEIVA,2.993360046,-75.27236232,POINT (-75.27236232 2.993360046),ECOPETROL S.A.,PIJAO-POTRERILLO,PALOGRANDE HONDA,677.4,904.43,894.31,772.6,720.04,696.53,608.46,468.25,666.95,654.15,684.46,755.28
HUILA,NEIVA,2.993360046,-75.27236232,POINT (-75.27236232 2.993360046),ECOPETROL S.A.,PIJAO-POTRERILLO,PIJAO POTRERILLO,100.84,90.88,77.62,11.69,0,0,54.33,40.87,53.62,49.52,87.86,96.46
HUILA,NEIVA,2.993360046,-75.27236232,POINT (-75.27236232 2.993360046),ECOPETROL S.A.,CAGUAN,RIO CEIBAS,785.02,917.27,922.82,865.87,845.63,840.6,861.71,856.76,846.29,830.1,742.19,724.6
HUILA,NEIVA,2.993360046,-75.27236232,POINT (-75.27236232 2.993360046),ECOPETROL S.A.,PALERMO,SAN FRANCISCO,2255.06,2738.67,2463.13,2331,2235.58,2180.42,2142.19,2154.64,2129.2,2255.74,2201.69,2438.63
HUILA,NEIVA,2.993360046,-75.27236232,POINT (-75.27236232 2.993360046),ECOPETROL S.A.,CAMPOS TELLO Y LA JAGUA,TELLO,4102.44,4135.99,4181.4,4205.34,4154.63,3919.13,3618.13,3491.61,3487.86,3530.95,3558.7,3663.64
HUILA,PAICOL,2.40689827,-75.72803027,POINT (-75.72803027 2.40689827),HOCOL S.A.,RIO PAEZZ,LA CAÑADA NORTE,1298.91,1731.71,1707.3,1645.67,1632.37,1609.67,1540.58,1477.95,1632.28,1607.39,1702.37,1758.95
HUILA,PALERMO,2.914491967,-75.44066118,POINT (-75.44066118 2.914491967),ECOPETROL S.A.,PALERMO,PALERMO,117.16,119.01,127.69,126.82,127.77,127.78,124.09,129.76,131.31,129.54,131.74,135.43
HUILA,PALERMO,2.914491967,-75.44066118,POINT (-75.44066118 2.914491967),ECOPETROL S.A.,PALERMO,SAN FRANCISCO,1555.24,1496.02,1386.31,1466.36,1452.7,1398.54,1405.67,1460.18,1418.65,1436.63,1395.63,1423.6
HUILA,PALERMO,2.914491967,-75.44066118,POINT (-75.44066118 2.914491967),ECOPETROL S.A.,SANTA CLARA,SANTA CLARA,412.13,404.65,404.56,341.48,330.04,331.86,334.47,348.65,350.01,292.8,253.59,263.88
HUILA,TESALIA,2.526855132,-75.68259642,POINT (-75.68259642 2.526855132),HOCOL S.A.,RIO PAEZ,LA HOCHA,926.93,987.9,984.98,933.07,941.73,980.35,949.62,940.33,975.5,1059.1,1077.82,1040.62
HUILA,VILLAVIEJA,3.287057875,-75.13838292,POINT (-75.13838292 3.287057875),ECOPETROL S.A.,PIJAO-POTRERILLO,LOMA LARGA,313.43,358.8,366.52,249.78,202.29,240.77,255.09,215.52,298.13,135.9,188.56,177.88
HUILA,YAGUARA,2.646563339,-75.51592645,POINT (-75.51592645 2.646563339),ECOPETROL S.A.,HOBO,YAGUARA,1721.63,1621.79,1693.41,1604.97,1625.44,1569.6,1494.84,1497.06,1469.17,1464.84,1462.95,1499.93
MAGDALENA,ARIGUANI,9.834264955,-74.08460085,POINT (-74.08460085 9.834264955),PETROLEOS SUD AMERICANOS SUCURSAL COLOMBIA,EL DIFÍCIL,EL DIFÍCIL,132.99,92.14,99.67,116.74,111.63,109.04,111.03,113.36,83.55,64.98,59.1,58.26
MAGDALENA,PLATO,9.76945611,-74.60181576,POINT (-74.60181576 9.76945611),PAREX RESOURCES COLOMBIA LTD. SUCURSAL,VIM 1,LA BELLEZA,1054.1,664.23,0,0,0,0,0,0,0,0,0,0
MAGDALENA,SANTA ANA,9.503097215,-74.44419381,POINT (-74.44419381 9.503097215),Frontera Energy Colombia Corp Sucursal Colombia,GUAMA,CAPURE,1.6,2.24,1.82,1.01,0,0,0,0,0,0,0,0
MAGDALENA,SANTA ANA,9.503097215,-74.44419381,POINT (-74.44419381 9.503097215),Frontera Energy Colombia Corp Sucursal Colombia,GUAMA,COTORRA,0.79,0.69,0.33,0.33,0,0,0,0,0,0,0,0
MAGDALENA,SANTA ANA,9.503097215,-74.44419381,POINT (-74.44419381 9.503097215),Frontera Energy Colombia Corp Sucursal Colombia,GUAMA,MANAMO,0.14,0.63,2.43,0.95,0,0,0,0,0,0,0,0
MAGDALENA,SANTA ANA,9.503097215,-74.44419381,POINT (-74.44419381 9.503097215),Frontera Energy Colombia Corp Sucursal Colombia,GUAMA,PEDERNALITO,2.76,1.88,1.94,1.09,0,0,0.15,0,0,0,0,0
META,ACACIAS,3.943383008,-73.57135162,POINT (-73.57135162 3.943383008),ECOPETROL S.A.,CPO 9,AKACIAS,20511.55,19681.47,20234.43,17046.57,2880.89,0,0,0,0,2340.14,10901.89,14223.74
META,ACACIAS,3.943383008,-73.57135162,POINT (-73.57135162 3.943383008),ECOPETROL S.A.,CUBARRAL,CASTILLA,176.07,168.84,137.1,163.74,156.6,140.2,137.63,158.5,142.98,132.53,144.33,80.62
META,ACACIAS,3.943383008,-73.57135162,POINT (-73.57135162 3.943383008),ECOPETROL S.A.,CUBARRAL,CASTILLA NORTE,44857.54,45269.98,46596.22,46091.02,44095.5,43501.21,42690.63,41934.92,42208.63,40885.75,41090.83,38312.62
META,ACACIAS,3.943383008,-73.57135162,POINT (-73.57135162 3.943383008),ECOPETROL S.A.,CUBARRAL,CHICHIMENE,50433.11,48330.41,50832.16,43320.92,42592.89,46004.63,50247.18,49553.77,49387.71,50795.05,49086.81,47558.26
META,ACACIAS,3.943383008,-73.57135162,POINT (-73.57135162 3.943383008),ECOPETROL S.A.,CUBARRAL,CHICHIMENE SW,388.42,712.31,306.24,88.16,0,0,0,210.39,391.11,849.55,711.71,693.35
META,BARRANCA DE UPIA,4.519076127,-72.99548981,POINT (-72.99548981 4.519076127),Frontera Energy Colombia Corp Sucursal Colombia,CORCEL,CORCEL A,0,189.39,186.97,181.97,155.43,151.78,134.83,119.34,118.72,119.25,122.85,121.75
META,BARRANCA DE UPIA,4.519076127,-72.99548981,POINT (-72.99548981 4.519076127),Frontera Energy Colombia Corp Sucursal Colombia,CORCEL,CORCEL A,201.99,0,0,0,0,0,0,0,0,0,0,0
META,BARRANCA DE UPIA,4.519076127,-72.99548981,POINT (-72.99548981 4.519076127),Frontera Energy Colombia Corp Sucursal Colombia,CORCEL,CORCEL C,0,210.35,205.54,141.9,77.64,11.26,7.22,0,0,0,0,0
META,BARRANCA DE UPIA,4.519076127,-72.99548981,POINT (-72.99548981 4.519076127),Frontera Energy Colombia Corp Sucursal Colombia,CORCEL,CORCEL C,210.19,0,0,0,0,0,0,0,0,0,0,0
META,BARRANCA DE UPIA,4.519076127,-72.99548981,POINT (-72.99548981 4.519076127),Frontera Energy Colombia Corp Sucursal Colombia,CORCEL,ESPADARTE,0,59.37,57.92,9.35,0,0,0,0,0,0,0,0
META,BARRANCA DE UPIA,4.519076127,-72.99548981,POINT (-72.99548981 4.519076127),Frontera Energy Colombia Corp Sucursal Colombia,CORCEL,ESPADARTE,60.34,0,0,0,0,0,0,0,0,0,0,0
META,CABUYARO,4.315244759,-72.95268896,POINT (-72.95268896 4.315244759),Frontera Energy Colombia Corp Sucursal Colombia,GUATIQUIA,CANDELILLA,0,2229.05,2147.9,2234.4,2197.01,1722.92,1588.15,1435.04,1404.53,1371,1294.67,1254.15
META,CABUYARO,4.315244759,-72.95268896,POINT (-72.95268896 4.315244759),Frontera Energy Colombia Corp Sucursal Colombia,GUATIQUIA,CANDELILLA,2500.3,0,0,0,0,0,0,0,0,0,0,0
META,CABUYARO,4.315244759,-72.95268896,POINT (-72.95268896 4.315244759),Frontera Energy Colombia Corp Sucursal Colombia,GUATIQUIA,CEIBO,0,6876.84,6140.48,5947.89,7141.78,7009.9,6423.44,7095.91,7224.98,6828.5,6846.55,6615.84
META,CABUYARO,4.315244759,-72.95268896,POINT (-72.95268896 4.315244759),Frontera Energy Colombia Corp Sucursal Colombia,GUATIQUIA,CEIBO,7831.41,0,0,0,0,0,0,0,0,0,0,0
META,CABUYARO,4.315244759,-72.95268896,POINT (-72.95268896 4.315244759),Frontera Energy Colombia Corp Sucursal Colombia,CORCEL,COBRA,0,170.33,172.14,177.13,187.23,124.74,172.96,183.89,180.95,151.35,173.07,172.08
META,CABUYARO,4.315244759,-72.95268896,POINT (-72.95268896 4.315244759),Frontera Energy Colombia Corp Sucursal Colombia,CORCEL,COBRA,171.18,0,0,0,0,0,0,0,0,0,0,0
META,CABUYARO,4.315244759,-72.95268896,POINT (-72.95268896 4.315244759),Frontera Energy Colombia Corp Sucursal Colombia,GUATIQUIA,Coralillo,0,2197.96,2009.38,1947.18,1960.25,1980.43,1920.22,1854.21,1797.68,1788.75,1723.61,1710.67
META,CABUYARO,4.315244759,-72.95268896,POINT (-72.95268896 4.315244759),Frontera Energy Colombia Corp Sucursal Colombia,GUATIQUIA,Coralillo,2195.65,0,0,0,0,0,0,0,0,0,0,0
META,CABUYARO,4.315244759,-72.95268896,POINT (-72.95268896 4.315244759),Frontera Energy Colombia Corp Sucursal Colombia,CORCEL,CORCEL D,0,92.95,91.47,14.91,45.9,84.87,82.11,82,81.72,82.62,87.15,86.91
META,CABUYARO,4.315244759,-72.95268896,POINT (-72.95268896 4.315244759),Frontera Energy Colombia Corp Sucursal Colombia,CORCEL,CORCEL D,93.27,0,0,0,0,0,0,0,0,0,0,0
META,CABUYARO,4.315244759,-72.95268896,POINT (-72.95268896 4.315244759),Frontera Energy Colombia Corp Sucursal Colombia,CORCEL,CORCEL E,0,237.12,234.98,235.44,212.53,223.3,246.69,247.68,246.58,242.27,227.97,218.89
META,CABUYARO,4.315244759,-72.95268896,POINT (-72.95268896 4.315244759),Frontera Energy Colombia Corp Sucursal Colombia,CORCEL,CORCEL E,236.78,0,0,0,0,0,0,0,0,0,0,0
META,CABUYARO,4.315244759,-72.95268896,POINT (-72.95268896 4.315244759),ONGC VIDESH LIMITED SUCURSAL COLOMBIANA,CPO 5,INDICO,4948.88,4886.43,5127.88,5097.69,4839.31,5202.18,4849.41,5229.97,5170.56,5190.7,9149.54,11237.76
META,CABUYARO,4.315244759,-72.95268896,POINT (-72.95268896 4.315244759),ONGC VIDESH LIMITED SUCURSAL COLOMBIANA,CPO 5,MARIPOSA,3118.89,2701.42,2688.65,2580.96,2392.89,1586.12,1601.9,1570.56,1522.07,1532.11,1936.5,1904.7
META,CABUYARO,4.315244759,-72.95268896,POINT (-72.95268896 4.315244759),Frontera Energy Colombia Corp Sucursal Colombia,GUATIQUIA,YATAY,0,0,0,0,0,0,0,0,82.91,264.35,166.66,106.82
META,CABUYARO,4.315244759,-72.95268896,POINT (-72.95268896 4.315244759),Frontera Energy Colombia Corp Sucursal Colombia,GUATIQUIA,YATAY,75.38,0,0,0,0,0,0,0,0,0,0,0
META,CASTILLA NUEVA,3.805154089,-73.53886668,POINT (-73.53886668 3.805154089),ECOPETROL S.A.,CUBARRAL,CASTILLA,69186.93,67870.54,67288.8,66575.22,66017.87,66866.57,66553.54,65469.99,65367,65133.08,64414.23,59183.42
META,CASTILLA NUEVA,3.805154089,-73.53886668,POINT (-73.53886668 3.805154089),ECOPETROL S.A.,CUBARRAL,CASTILLA ESTE,130.7,111.5,111.35,100.37,130.08,166.72,192.05,138.47,127.28,144.61,129.63,169.88
META,CASTILLA NUEVA,3.805154089,-73.53886668,POINT (-73.53886668 3.805154089),ECOPETROL S.A.,CUBARRAL,CASTILLA NORTE,2747.22,2918.36,3140.33,3261.69,3290.53,3422.07,3323.5,2865.05,2757.62,2688.94,2916.98,2696.5
META,CASTILLA NUEVA,3.805154089,-73.53886668,POINT (-73.53886668 3.805154089),ECOPETROL S.A.,CUBARRAL,CHICHIMENE SW,0,0,0,16273.45,0,0,0,0,0,0,0,0
META,GUAMAL,3.947775585,-73.95983864,POINT (-73.95983864 3.947775585),ECOPETROL S.A.,CPO 9,AKACIAS,2413.85,2420.62,2405.15,29.64,0,0,0,0,0,0,0,0
META,GUAMAL,3.947775585,-73.95983864,POINT (-73.95983864 3.947775585),ECOPETROL S.A.,CUBARRAL,CHICHIMENE,920.71,872.46,808,839.96,877.95,917.8,787.01,685.2,663.57,511.19,520.08,501.39
META,GUAMAL,3.947775585,-73.95983864,POINT (-73.95983864 3.947775585),ECOPETROL S.A.,CUBARRAL,CHICHIMENE SW,21176.18,20423.96,20358.75,0,16912.37,19344.97,18264.49,20188.19,19408.52,20026.92,20368.37,21257.3
META,LA MACARENA,2.161863917,-74.09488076,POINT (-74.09488076 2.161863917),EMERALD ENERGY PLC SUCURSAL COLOMBIA,OMBU,CAPELLA,1985.28,1775.5,0,0,0,0,0,0,0,0,0,0
META,PUERTO GAITAN,4.005034467,-71.63157429,POINT (-71.63157429 4.005034467),TECPETROL COLOMBIA SAS,CPO 7,ATARRAYA,234.81,232.83,153.32,0,0,0,0,0,0,0,0,0
META,PUERTO GAITAN,4.005034467,-71.63157429,POINT (-71.63157429 4.005034467),NEW GRANADA ENERGY CORPORATION SUCURSAL COLOMBIA,CABIONA,CABIONA,566.86,565,562.05,560.28,562.7,552.8,549.94,543.71,533.39,534.99,529.26,521.35
META,PUERTO GAITAN,4.005034467,-71.63157429,POINT (-71.63157429 4.005034467),Frontera Energy Colombia Corp Sucursal Colombia,QUIFA,CAJUA,2084.77,2355.75,2406.1,1602.88,0,0,77.17,1395.6,2051.04,2226.47,2251.49,2511.22
META,PUERTO GAITAN,4.005034467,-71.63157429,POINT (-71.63157429 4.005034467),ECOPETROL S.A.,CAÑO SUR,CAÑO SUR ESTE,5926.54,5757.85,5557.09,5498.88,5208.27,5036.23,4825.95,4666.05,4701.38,4719.01,4513.34,4301.2
META,PUERTO GAITAN,4.005034467,-71.63157429,POINT (-71.63157429 4.005034467),CEPSA COLOMBIA S.A.,CARACARA,CARACARA SUR A,2291.58,2179.83,2328.46,2380.9,2367.01,2313.5,2168.99,2255.66,2346.28,2523.72,2446.11,2470.26
META,PUERTO GAITAN,4.005034467,-71.63157429,POINT (-71.63157429 4.005034467),CEPSA COLOMBIA S.A.,CARACARA,CARACARA SUR B Y C,1860.67,1850.9,1824.68,1739.18,1675.31,1567.07,1565.6,1544.11,1410.01,1277.03,1361.9,1433.53
META,PUERTO GAITAN,4.005034467,-71.63157429,POINT (-71.63157429 4.005034467),Frontera Energy Colombia Corp Sucursal Colombia,CPE-6,COPLERO,10.86,0,0,0,0,0,0,0,0,0,0,0
META,PUERTO GAITAN,4.005034467,-71.63157429,POINT (-71.63157429 4.005034467),CEPSA COLOMBIA S.A.,CARACARA,ELIZITA,954.03,939.97,915.07,869.83,823.48,873.77,902.71,874.35,858.26,838.58,819.73,803.15
META,PUERTO GAITAN,4.005034467,-71.63157429,POINT (-71.63157429 4.005034467),HOCOL S.A.,GUARROJO,GUARROJO,918.62,1008.11,991.94,954.66,1006.25,1009.23,925.69,850.39,842.4,919.45,1289.11,1282.93
META,PUERTO GAITAN,4.005034467,-71.63157429,POINT (-71.63157429 4.005034467),Frontera Energy Colombia Corp Sucursal Colombia,CPE-6,HAMACA,3267.18,3707.71,3624.47,2825.61,0,0,1079.36,2709.36,2913.55,2684.12,3050.29,3069.75
META,PUERTO GAITAN,4.005034467,-71.63157429,POINT (-71.63157429 4.005034467),TECPETROL COLOMBIA SAS,CPO 13,La Pluma,224.46,226.42,77.32,0,0,0,0,0,0,0,0,0
META,PUERTO GAITAN,4.005034467,-71.63157429,POINT (-71.63157429 4.005034467),HOCOL S.A.,GUARROJO,OCELOTE,9907.08,9516.82,9752.96,9440.94,9174.44,8968.85,8849.27,8589.16,8623.94,8786.84,7531.82,8721.13
META,PUERTO GAITAN,4.005034467,-71.63157429,POINT (-71.63157429 4.005034467),CEPSA COLOMBIA S.A.,CARACARA,PEGUITA,1645.99,1503.33,1633.6,1607.79,1632.34,1583.17,1659.8,1583.85,1454.37,1501.11,1510.65,1434.38
META,PUERTO GAITAN,4.005034467,-71.63157429,POINT (-71.63157429 4.005034467),CEPSA COLOMBIA S.A.,CARACARA,PEGUITA II,575.26,605.46,524.49,610.85,564.32,520.23,540.86,667.31,656.94,607.87,638.23,662.05
META,PUERTO GAITAN,4.005034467,-71.63157429,POINT (-71.63157429 4.005034467),CEPSA COLOMBIA S.A.,CARACARA,PEGUITA III,1060.88,1099.82,1029.85,932.09,923.73,972.71,960.31,958.56,1034.13,865.35,852.37,839.27
META,PUERTO GAITAN,4.005034467,-71.63157429,POINT (-71.63157429 4.005034467),CEPSA COLOMBIA S.A.,CARACARA,PEGUITA SW,803.66,724.61,730.17,719.78,748.82,691.49,597.79,581.13,576.03,656.28,664.94,627.39
META,PUERTO GAITAN,4.005034467,-71.63157429,POINT (-71.63157429 4.005034467),TECPETROL COLOMBIA SAS,CPO 13,PENDARE,2836.18,3438.34,3609.84,3553.57,621.12,0,0,55.48,2720.88,3453.42,3205.64,3020.1
META,PUERTO GAITAN,4.005034467,-71.63157429,POINT (-71.63157429 4.005034467),TECPETROL COLOMBIA SAS,CPO 13,Pendare Norte,409.74,390.24,382.1,284.09,0,0,0,0,0,0,0,0
META,PUERTO GAITAN,4.005034467,-71.63157429,POINT (-71.63157429 4.005034467),HOCOL S.A.,GUARROJO,PINTADO,1569.73,1487.28,1420.79,1490.68,1384.53,1396.79,1366,1295.7,1304.66,1317.92,1297.74,1627.2
META,PUERTO GAITAN,4.005034467,-71.63157429,POINT (-71.63157429 4.005034467),Frontera Energy Colombia Corp Sucursal Colombia,QUIFA,QUIFA,44865.72,44129.15,42606.43,39419.34,33877.93,33967.21,33640.95,32276.94,30241.7,28553.57,28391.84,29032.67
META,PUERTO GAITAN,4.005034467,-71.63157429,POINT (-71.63157429 4.005034467),CEPSA COLOMBIA S.A.,CARACARA,RANCHO QUEMADO,116.13,111.89,105.98,105.52,106.88,107.92,106.97,102.96,102.74,101.7,102.46,104.14
META,PUERTO GAITAN,4.005034467,-71.63157429,POINT (-71.63157429 4.005034467),ECOPETROL S.A.,RUBIALES,RUBIALES,116724.04,115914.44,105539.25,99942.11,101736.48,101487.11,107016.33,108641.31,105099.97,104910.49,104696.41,103726.06
META,PUERTO GAITAN,4.005034467,-71.63157429,POINT (-71.63157429 4.005034467),Frontera Energy Colombia Corp Sucursal Colombia,SABANERO,SABANERO,1209.78,1230.17,1119.11,966.48,0,0,19.4,331.3,433.52,0,0,0
META,PUERTO GAITAN,4.005034467,-71.63157429,POINT (-71.63157429 4.005034467),CEPSA COLOMBIA S.A.,CARACARA,TORO SENTADO,247.35,247.07,255,251.19,249.4,248.14,238.93,231.6,243.75,234.76,226.31,236.72
META,PUERTO GAITAN,4.005034467,-71.63157429,POINT (-71.63157429 4.005034467),CEPSA COLOMBIA S.A.,CARACARA,TORO SENTADO NORTE,303.17,305.26,297.08,295.28,304.81,299.92,302.2,301.79,299.66,300.78,305.46,300.62
META,PUERTO GAITAN,4.005034467,-71.63157429,POINT (-71.63157429 4.005034467),CEPSA COLOMBIA S.A.,CARACARA,TORO SENTADO WEST,86.31,85.68,88.3,86.7,80.36,80.75,79.51,80.37,78.11,83.95,85.68,80.19
META,PUERTO GAITAN,4.005034467,-71.63157429,POINT (-71.63157429 4.005034467),CEPSA COLOMBIA S.A.,CARACARA,UNUMA,81.69,84.13,75.9,69.16,73.24,73.08,79.24,79.81,84.82,81.92,36.38,25.26
SANTANDER,RIONEGRO,7.474226085,-73.37246417,POINT (-73.37246417 7.474226085),GRAN TIERRA ENERGY COLOMBIA LTD,LA PALOMA,COLÓN,153.31,175.06,83.56,0,0,0,1.32,19.01,200.57,190.77,174.82,168.71
META,PUERTO LOPEZ,4.014298921,-72.64570499,POINT (-72.64570499 4.014298921),Iberoamericana de Hidrocarburos CQ Exploración y Producción S.A.S.,VALDIVIA ALMAGRO,ALMAGRO,655.82,638.15,613.94,609.13,595.3,586.47,554.21,546.28,523.61,510.44,482.4,478.15
META,PUERTO LOPEZ,4.014298921,-72.64570499,POINT (-72.64570499 4.014298921),HUPECOL OPERATING CO LLC,LLA 58,LLANOS-58-4,867.51,838.25,412.68,0,0,0,0,0,0,0,0,0
META,PUERTO LOPEZ,4.014298921,-72.64570499,POINT (-72.64570499 4.014298921),Iberoamericana de Hidrocarburos CQ Exploración y Producción S.A.S.,VALDIVIA ALMAGRO,VALDIVIA ALMAGRO,280.3,278.48,278.68,271.67,270.95,267.64,265.96,266.45,264.89,281.49,292.7,286.27
META,VILLAVICENCIO,4.09166877,-73.49291595,POINT (-73.49291595 4.09166877),ECOPETROL S.A.,APIAY,APIAY,2989.08,2985.54,3443.18,2815.49,2682.95,2642.88,2547.1,2954.91,2754.69,2529.59,2502.66,2233.1
META,VILLAVICENCIO,4.09166877,-73.49291595,POINT (-73.49291595 4.09166877),ECOPETROL S.A.,APIAY,APIAY ESTE,308.77,385.48,344.81,394.28,392.39,364.15,379.02,376.91,332.06,360.74,316.35,305.51
META,VILLAVICENCIO,4.09166877,-73.49291595,POINT (-73.49291595 4.09166877),ECOPETROL S.A.,APIAY,AUSTRAL,221.13,205.66,117.24,126.89,255.66,337.83,338.35,278.98,175.72,61.99,170.27,123.69
META,VILLAVICENCIO,4.09166877,-73.49291595,POINT (-73.49291595 4.09166877),ECOPETROL S.A.,APIAY,GAVAN,1329.01,1269.61,1108.38,1180.06,1280.81,1051.27,1244.93,1080.04,1085.87,948.28,729.71,965.71
META,VILLAVICENCIO,4.09166877,-73.49291595,POINT (-73.49291595 4.09166877),ECOPETROL S.A.,APIAY,GUATIQUIA,1957.03,2107.86,1986.36,2109.79,2415.4,2384.32,2130.52,1992.57,2139.2,1964.38,2119.69,2025.5
META,VILLAVICENCIO,4.09166877,-73.49291595,POINT (-73.49291595 4.09166877),ECOPETROL S.A.,APIAY,LA REFORMA,0,0,0,10.04,52.88,166.95,0,7.07,0,0,0,0
META,VILLAVICENCIO,4.09166877,-73.49291595,POINT (-73.49291595 4.09166877),ECOPETROL S.A.,APIAY,LIBERTAD NORTE,164.65,134.35,127.9,145.27,149.37,128.14,190.53,179.32,193.11,169.42,170.98,143.01
META,VILLAVICENCIO,4.09166877,-73.49291595,POINT (-73.49291595 4.09166877),ECOPETROL S.A.,APIAY,POMPEYA,22.36,21.73,22.14,35.07,43.09,39.35,52.99,66.13,50.63,27.32,43.13,12.48
META,VILLAVICENCIO,4.09166877,-73.49291595,POINT (-73.49291595 4.09166877),ECOPETROL S.A.,APIAY,SAURIO,70.69,58.46,0,0,0,0,0,0,0,0,0,0
META,VILLAVICENCIO,4.09166877,-73.49291595,POINT (-73.49291595 4.09166877),ECOPETROL S.A.,APIAY,SURIA,5845.84,6194.86,6510.66,6005.96,5365.7,4636.67,4445.65,4316.92,5137.95,5037.29,4381.52,4825.54
META,VILLAVICENCIO,4.09166877,-73.49291595,POINT (-73.49291595 4.09166877),ECOPETROL S.A.,APIAY,SURIA SUR,1214.17,1290.12,1328.31,1202.12,1142.73,988.27,1017.25,1120.61,1157.59,1196.43,1516.89,1432.03
META,VILLAVICENCIO,4.09166877,-73.49291595,POINT (-73.49291595 4.09166877),ECOPETROL S.A.,APIAY,TANANE,429.95,438.19,367.42,299.71,355.59,317.1,287.01,259.27,261.11,215.16,198.24,63.8
NARIÑO,IPIALES,0.497708465,-77.24047625,POINT (-77.24047625 0.497708465),ECOPETROL S.A.,AREA OCCIDENTAL,SUCUMBIOS,257.89,246.23,191.78,0,0,0,0,0.43,0.01,0,3.49,3.16
NORTE DE SANTANDER,CUCUTA,8.112041811,-72.48862641,POINT (-72.48862641 8.112041811),Iberoamericana de Hidrocarburos CQ Exploración y Producción S.A.S.,RIO ZULIA,RIO ZULIA,636.72,638.59,571.27,582.71,568.04,569.05,534.52,515.28,476.35,477.45,456.95,480.62
NORTE DE SANTANDER,SARDINATA,8.215080767,-72.79580961,POINT (-72.79580961 8.215080767),WATTLE PETROLEUM COMPANY S.A.S,CARBONERA,CERRO GORDO,0.33,0,0.15,0,0,0,0,0,0,0,0,0
NORTE DE SANTANDER,TIBU,8.713507237,-72.79925855,POINT (-72.79925855 8.713507237),ECOPETROL S.A.,TIBU,SARDINATA,92.11,97.21,112.22,81.58,95.08,85.77,11.48,71.92,99.96,93.82,94.82,98.04
NORTE DE SANTANDER,TIBU,8.713507237,-72.79925855,POINT (-72.79925855 8.713507237),ECOPETROL S.A.,TIBU,TIBÚ,1696.72,1977.41,2185.34,2274.41,2120.31,1938.99,1874.91,1791.25,1894.45,1808.93,1576.74,1785.25
PUTUMAYO,MOCOA,1.26070915,-76.66584349,POINT (-76.66584349 1.26070915),GRAN TIERRA ENERGY COLOMBIA LTD,CHAZA,MOQUETA,2944.55,2707.65,2776.38,2790.23,2754.57,1848.25,479.11,2990.25,2704.08,2552.99,2543.06,2493.26
PUTUMAYO,MOCOA,1.26070915,-76.66584349,POINT (-76.66584349 1.26070915),GRAN TIERRA ENERGY COLOMBIA LTD,SANTANA,TOROYACO,213.26,206.77,178.74,0.67,0,0,0,0,0,0,0,0
PUTUMAYO,ORITO,0.673756323,-76.94313923,POINT (-76.94313923 0.673756323),ECOPETROL S.A.,AREA OCCIDENTAL,CARIBE,1133.57,1128.39,1123.5,1108.11,1103.39,1097.41,1100.57,1072.21,1047.69,1161.8,1227.62,1156.46
PUTUMAYO,ORITO,0.673756323,-76.94313923,POINT (-76.94313923 0.673756323),ECOPETROL S.A.,AREA OCCIDENTAL,CHURUYACO,151.42,199.85,141.79,3.41,0,3.72,0,0,78.68,200.29,198.51,178.43
PUTUMAYO,ORITO,0.673756323,-76.94313923,POINT (-76.94313923 0.673756323),GRAN TIERRA ENERGY COLOMBIA LTD,NANCY-BURDINE-MAXINE,NANCY,145,144.31,77.62,0,0,0,0,0,0,0,0,17.15
PUTUMAYO,ORITO,0.673756323,-76.94313923,POINT (-76.94313923 0.673756323),ECOPETROL S.A.,ORITO,ORITO,1998.92,1989.64,2059.53,1949.03,1891.83,1888.33,1687.84,1647.55,1703.46,1745.03,1941.66,1981.94
PUTUMAYO,ORITO,0.673756323,-76.94313923,POINT (-76.94313923 0.673756323),ECOPETROL S.A.,AREA OCCIDENTAL,QURIYANA,0,0,0,0,0,0,0,0,0,13.7,0,54.19
PUTUMAYO,ORITO,0.673756323,-76.94313923,POINT (-76.94313923 0.673756323),ECOPETROL S.A.,AREA OCCIDENTAL,SAN ANTONIO,126.79,79.44,59.97,0,0,0,0,0,0,0,0,0
PUTUMAYO,ORITO,0.673756323,-76.94313923,POINT (-76.94313923 0.673756323),ECOPETROL S.A.,AREA OCCIDENTAL,SUCIO,0,2.71,70.24,43.69,56.75,81.79,68.47,107.42,119.81,118.57,117.21,111.21
PUTUMAYO,PUERTO ASIS,0.433884539,-76.52158203,POINT (-76.52158203 0.433884539),GRAN TIERRA ENERGY COLOMBIA LTD,SURORIENTE,COHEMBI,0,0,0,0,0,0,0,289.21,4445.98,5332.44,4645.02,5928.95
PUTUMAYO,PUERTO ASIS,0.433884539,-76.52158203,POINT (-76.52158203 0.433884539),VETRA EXPLORACION Y PRODUCCION COLOMBIA S.A.S.,SURORIENTE,COHEMBI,5985.1,3456.87,0,35.98,0,0,0,0,0,0,0,0
SANTANDER,RIONEGRO,7.474226085,-73.37246417,POINT (-73.37246417 7.474226085),GRAN TIERRA ENERGY COLOMBIA LTD,LA PALOMA,GAITERO,0,0,0,0,0,0,0,0,0,0,0,3.44
PUTUMAYO,PUERTO ASIS,0.433884539,-76.52158203,POINT (-76.52158203 0.433884539),GRAN TIERRA ENERGY COLOMBIA LTD,PUT-7,CUMPLIDOR,550.69,479.53,182.53,4.36,0,0,0,218.5,676.66,581.94,328.67,304.93
PUTUMAYO,PUERTO ASIS,0.433884539,-76.52158203,POINT (-76.52158203 0.433884539),AMERISUR EXPLORACION COLOMBIA LTD,PLATANILLO,PLATANILLO,3521.6,3494.76,3369.29,2083.64,2595.67,2755.69,2613.63,774.89,2233.33,2300.2,2609.24,2592.41
PUTUMAYO,PUERTO ASIS,0.433884539,-76.52158203,POINT (-76.52158203 0.433884539),GRAN TIERRA ENERGY COLOMBIA LTD,SURORIENTE,QUILLACINGA,0,0,0,0,0,0,0,0,0,46.48,216.2,256.71
PUTUMAYO,PUERTO ASIS,0.433884539,-76.52158203,POINT (-76.52158203 0.433884539),VETRA EXPLORACION Y PRODUCCION COLOMBIA S.A.S.,SURORIENTE,QUILLACINGA,811.86,389.7,0,21.82,0,0,0,0,0,0,0,0
PUTUMAYO,PUERTO ASIS,0.433884539,-76.52158203,POINT (-76.52158203 0.433884539),VETRA EXPLORACION Y PRODUCCION COLOMBIA S.A.S.,SURORIENTE,QUINDE,298.1,229.94,174.01,3.47,0,0,0,0,0,0,0,0
PUTUMAYO,PUERTO CAICEDO,0.70416861,-76.49864415,POINT (-76.49864415 0.70416861),ECOPETROL S.A.,NORORIENTE,MANSOYA,199.92,197.01,77.98,214.02,198.92,200.53,192.91,189.28,193.65,198.31,194.34,188.05
PUTUMAYO,PUERTO CAICEDO,0.70416861,-76.49864415,POINT (-76.49864415 0.70416861),ECOPETROL S.A.,NORORIENTE,YURILLA,157.28,177.98,29.82,0,0,0,0,147.01,145.73,132.02,75.91,110.81
PUTUMAYO,SAN MIGUEL,0.272449048,-76.84510459,POINT (-76.84510459 0.272449048),ECOPETROL S.A.,AEA SUR,ACAE SAN MIGUEL,1569.34,1550.65,1574.29,1408.1,1398.58,1449.72,1481.78,1538.16,1451.35,1508.91,1552.7,1335.08
PUTUMAYO,SAN MIGUEL,0.272449048,-76.84510459,POINT (-76.84510459 0.272449048),ECOPETROL S.A.,AEA SUR,LORO,349.61,350.72,326.23,330.8,330.07,324.67,298.32,85.12,257.06,257.05,269.38,260.15
PUTUMAYO,VALLE DEL GUAMUEZ,0.42012589,-76.77067026,POINT (-76.77067026 0.42012589),ECOPETROL S.A.,AEA SUR,HORMIGA,26.33,25.18,19.34,0,3.5,0,11.67,41.3,30.69,29.67,23.33,15.76
PUTUMAYO,VALLE DEL GUAMUEZ,0.42012589,-76.77067026,POINT (-76.77067026 0.42012589),ECOPETROL S.A.,AEA SUR,LORO,282.03,327.27,176.3,51.08,47.27,173.93,204.19,209.74,230.73,261.73,283.76,315.64
PUTUMAYO,VILLAGARZON,0.911149515,-76.74495447,POINT (-76.74495447 0.911149515),EMERALD ENERGY PLC SUCURSAL COLOMBIA,MARANTA,AGAPANTO,141.41,142.69,43.32,0,0,0,0,152.94,164.04,153.24,115.53,146.53
PUTUMAYO,VILLAGARZON,0.911149515,-76.74495447,POINT (-76.74495447 0.911149515),GRAN TIERRA ENERGY COLOMBIA LTD,CHAZA,COSTAYACO,7006.3,6830.56,6478.52,6276.43,6030.36,5669.22,5292.51,4960.07,4492.4,4374.43,4370.67,4297.81
PUTUMAYO,VILLAGARZON,0.911149515,-76.74495447,POINT (-76.74495447 0.911149515),GRAN TIERRA ENERGY COLOMBIA LTD,GUAYUYACO,JUANAMBU,455.28,458.91,445.46,0,0,0,0,180.72,270.81,316.51,301.23,286.89
PUTUMAYO,VILLAGARZON,0.911149515,-76.74495447,POINT (-76.74495447 0.911149515),EMERALD ENERGY PLC SUCURSAL COLOMBIA,MARANTA,MIRTO,396.86,374.14,185.4,0,0,0,0,247.72,298.69,263.49,284.65,264.12
PUTUMAYO,VILLAGARZON,0.911149515,-76.74495447,POINT (-76.74495447 0.911149515),GRAN TIERRA ENERGY COLOMBIA LTD,PUT 1,VONU,365.54,347.91,316.44,266.5,241.66,62.81,0,0,0,0,0,0
SANTANDER,BARRANCABERMEJA,7.054074558,-73.78211646,POINT (-73.78211646 7.054074558),ECOPETROL S.A.,LA CIRA INFANTAS,INFANTAS,12368.3,12391.68,11795.06,11151.81,10276.28,9726.1,9106.51,9313.61,9514.71,9366.75,9522.08,9162.3
SANTANDER,BARRANCABERMEJA,7.054074558,-73.78211646,POINT (-73.78211646 7.054074558),ECOPETROL S.A.,LA CIRA INFANTAS,LA CIRA,29780.27,29098.41,28792.27,27507.21,25145.34,22935.78,21383.46,21356.9,21841.34,21450.07,21928.33,21955.06
SANTANDER,BARRANCABERMEJA,7.054074558,-73.78211646,POINT (-73.78211646 7.054074558),ECOPETROL S.A.,MAGDALENA MEDIO-YARIGUI-CANTAGALLO,LLANITO UNIFICADO,5259.8,5086.75,5076.68,4490.96,4372.54,3800.34,4033.28,4352.64,5141.6,5730.78,5553.04,5443.2
SANTANDER,CIMITARRA,6.40972961,-74.17030427,POINT (-74.17030427 6.40972961),LAS QUINCHAS RESOURCE CORP SURCURSAL COLOMBIA,LAS QUINCHAS,ACACIA ESTE,5.51,5.65,5.68,0.56,0,0,0,0,0,0,0,0
SANTANDER,CIMITARRA,6.40972961,-74.17030427,POINT (-74.17030427 6.40972961),COMPAÑIA OPERADORA PETROCOLOMBIA S.A.S - COPP,OPÓN,ANGIE,93.04,80.55,76.33,79.5,76.04,71.4,67.79,66.02,60.26,0,0,0
SANTANDER,CIMITARRA,6.40972961,-74.17030427,POINT (-74.17030427 6.40972961),HADES E&P COLOMBIA S.A.S,OPÓN,ANGIE,0,0,0,0,0,0,0,0,0,59.15,59.76,59.05
SANTANDER,CIMITARRA,6.40972961,-74.17030427,POINT (-74.17030427 6.40972961),COMPAÑIA OPERADORA PETROCOLOMBIA S.A.S - COPP,OPÓN,LILIA,0,0,0.24,0,0,0,0,0,0,0,0,0
SANTANDER,CIMITARRA,6.40972961,-74.17030427,POINT (-74.17030427 6.40972961),COMPAÑIA OPERADORA PETROCOLOMBIA S.A.S - COPP,OPÓN,OPÓN,13.96,14.36,13.11,13.15,13.14,14.21,13.94,12.75,13.32,0,0,0
SANTANDER,CIMITARRA,6.40972961,-74.17030427,POINT (-74.17030427 6.40972961),HADES E&P COLOMBIA S.A.S,OPÓN,OPÓN,0,0,0,0,0,0,0,0,0,12.7,12.22,1.69
SANTANDER,PUERTO WILCHES,7.398198257,-73.8354696,POINT (-73.8354696 7.398198257),ECOPETROL S.A.,MAGDALENA MEDIO-YARIGUI-CANTAGALLO,FLAMENCOS,0,0,0,0,0,0,0,0,0,0,0,1.17
SANTANDER,PUERTO WILCHES,7.398198257,-73.8354696,POINT (-73.8354696 7.398198257),ECOPETROL S.A.,MAGDALENA MEDIO-YARIGUI-GARZAS,GARZAS,169.22,199.78,197.77,204.81,186.44,165.49,196.02,130.17,141.35,200.16,340.29,277.87
SANTANDER,PUERTO WILCHES,7.398198257,-73.8354696,POINT (-73.8354696 7.398198257),ECOPETROL S.A.,MAGDALENA MEDIO-YARIGUI-CANTAGALLO,YARIGUÍ-CANTAGALLO,3509.86,3461.62,4118.46,3615.81,3302.68,3109.76,2919.9,2389.75,3115.42,3299.33,3759.2,3403.48
SANTANDER,RIONEGRO,7.474226085,-73.37246417,POINT (-73.37246417 7.474226085),ECOPETROL S.A.,PROVINCIA P NORTE,BONANZA,1648.94,1633.7,1609.42,1554.92,1599.32,1553.53,1466.93,1437.16,1482.63,1412.74,1386.07,1373.05
SANTANDER,RIONEGRO,7.474226085,-73.37246417,POINT (-73.37246417 7.474226085),PAREX RESOURCES COLOMBIA LTD. SUCURSAL,BORANDA,BORANDA,442.9,424.07,408.79,388.18,0,0,70.51,383.42,351.68,337.59,327.08,370.2
SANTANDER,RIONEGRO,7.474226085,-73.37246417,POINT (-73.37246417 7.474226085),GRAN TIERRA ENERGY COLOMBIA LTD,LA PALOMA,JUGLAR,249.71,240.62,115.45,0,0,0,0,5.91,172.89,250.64,243.73,250.98
SANTANDER,SABANA DE TORRES,7.4065422,-73.57131807,POINT (-73.57131807 7.4065422),PETROSANTANDER (COLOMBIA) INC.,CARARE LAS MONAS,AGUAS CLARAS,0,0,0,0,0,0,0,0,1.51,1.29,0.81,0
SANTANDER,SABANA DE TORRES,7.4065422,-73.57131807,POINT (-73.57131807 7.4065422),ECOPETROL S.A.,PLAYON,AULLADOR,286.54,318.72,304.31,269.03,252.54,275.9,298.37,296.43,296.24,268.85,292.44,298.93
SANTANDER,SABANA DE TORRES,7.4065422,-73.57131807,POINT (-73.57131807 7.4065422),PETROSANTANDER (COLOMBIA) INC.,CARARE LAS MONAS,CORAZÓN,30.88,29.22,29.2,29.26,28.56,28.78,29.55,24.35,27.48,28.48,30.1,29.52
SANTANDER,SABANA DE TORRES,7.4065422,-73.57131807,POINT (-73.57131807 7.4065422),PETROSANTANDER (COLOMBIA) INC.,CARARE LAS MONAS,CORAZÓN WEST,170.33,172.38,171.04,170.07,172.89,170.56,169.46,87.67,73.93,82.94,112.53,78.03
SANTANDER,SABANA DE TORRES,7.4065422,-73.57131807,POINT (-73.57131807 7.4065422),ECOPETROL S.A.,MAGDALENA MEDIO-CRISTALINA,CRISTALINA,0,0,0,0,0,0,0,0,0,0,70.43,158.43
SANTANDER,SABANA DE TORRES,7.4065422,-73.57131807,POINT (-73.57131807 7.4065422),PETROSANTANDER (COLOMBIA) INC.,CARARE LAS MONAS,PAYOA,500.29,498.61,479.15,435.12,447.4,425.27,430.34,438.48,450.56,462.79,452.35,438.46
SANTANDER,SABANA DE TORRES,7.4065422,-73.57131807,POINT (-73.57131807 7.4065422),PETROSANTANDER (COLOMBIA) INC.,CARARE LAS MONAS,PAYOA WEST,6.16,5.22,0.39,0,0,0,0,0,6.83,9.63,8.94,8.64
SANTANDER,SABANA DE TORRES,7.4065422,-73.57131807,POINT (-73.57131807 7.4065422),ECOPETROL S.A.,PROVINCIA P SUR,PROVINCIA,2200.62,2023.66,2184.12,2084.35,2178.29,2103.86,2127.25,2145.98,2052.54,1880.21,1873.41,1791.43
SANTANDER,SABANA DE TORRES,7.4065422,-73.57131807,POINT (-73.57131807 7.4065422),PETROSANTANDER (COLOMBIA) INC.,CARARE LAS MONAS,SALINA,1049.14,1080.87,1052.6,1047.53,1019.99,996.16,970.48,987.81,986.37,991.07,1021.15,1013.84
SANTANDER,SAN VICENTE DE CHUCURI,6.894292346,-73.53900334,POINT (-73.53900334 6.894292346),ECOPETROL S.A.,MAGDALENA MEDIO,COLORADO,0,0,14.91,0,0,0,0,10.24,0,0,0,0
SANTANDER,SAN VICENTE DE CHUCURI,6.894292346,-73.53900334,POINT (-73.53900334 6.894292346),ECOPETROL S.A.,MAGDALENA MEDIO,COLORADO,0,0,0,0,0,0,0,0,0,0,0,2.44
SANTANDER,SAN VICENTE DE CHUCURI,6.894292346,-73.53900334,POINT (-73.53900334 6.894292346),ECOPETROL S.A.,LISAMA NUTRIA,LISAMA,0,0,0,0,0,0,0,0,0,768.27,747.06,730.24
SANTANDER,SAN VICENTE DE CHUCURI,6.894292346,-73.53900334,POINT (-73.53900334 6.894292346),ECOPETROL S.A.,LISAMA NUTRIA,LISAMA,825.18,913.39,878.01,850.83,801.49,852.52,872.09,892.93,834.85,0,0,0
SANTANDER,SAN VICENTE DE CHUCURI,6.894292346,-73.53900334,POINT (-73.53900334 6.894292346),ECOPETROL S.A.,LISAMA NUTRIA,NUTRIA,0,0,0,0,0,0,0,0,0,914.4,903.43,857.89
SANTANDER,SAN VICENTE DE CHUCURI,6.894292346,-73.53900334,POINT (-73.53900334 6.894292346),ECOPETROL S.A.,LISAMA NUTRIA,NUTRIA,1238.66,1075.88,1108.06,1012.73,1005.34,1025.5,984.66,964.99,931.9,0,0,0
SANTANDER,SAN VICENTE DE CHUCURI,6.894292346,-73.53900334,POINT (-73.53900334 6.894292346),ECOPETROL S.A.,LISAMA NUTRIA,TESORO,0,0,0,0,0,0,0,0,0,202.22,185.09,173.11
SANTANDER,SAN VICENTE DE CHUCURI,6.894292346,-73.53900334,POINT (-73.53900334 6.894292346),ECOPETROL S.A.,LISAMA NUTRIA,TESORO,114.06,110,196.62,146.08,143.24,144.41,144.77,124.74,158.54,0,0,0
SANTANDER,SIMACOTA,6.494231551,-73.45910992,POINT (-73.45910992 6.494231551),PAREX RESOURCES COLOMBIA LTD. SUCURSAL,AGUAS BLANCAS,AGUAS BLANCAS,215.88,216.69,226.53,492.17,0,0,96.12,179.84,174.87,235.41,324.62,334.05
SUCRE,OVEJAS,9.549655271,-75.18855916,POINT (-75.18855916 9.549655271),HOCOL S.A.,SAMAN,BONGA,5.52,5.35,5.1,5.73,4.95,4.88,4.18,5.2,5.29,5.35,5.21,5.19
SUCRE,OVEJAS,9.549655271,-75.18855916,POINT (-75.18855916 9.549655271),HOCOL S.A.,SAMAN,MAMEY,24.67,24.38,22.26,21.58,23.35,23.95,20.55,23.33,25.66,25.57,25.75,25.66
SUCRE,SAN PEDRO,9.396835638,-75.03741815,POINT (-75.03741815 9.396835638),Frontera Energy Colombia Corp Sucursal Colombia,LA CRECIENTE,LA CRECIENTE,1.72,1.39,1.51,0.94,1.18,1.16,1.27,1.13,1.03,0.89,0.95,0.19
TOLIMA,ALVARADO,4.582625784,-74.98630686,POINT (-74.98630686 4.582625784),HOCOL S.A.,ARMERO,TOTARE,72.13,73.19,73,70.43,29.06,0,0,0,0,0,0,0
TOLIMA,CHAPARRAL,3.743693084,-75.58986634,POINT (-75.58986634 3.743693084),HOCOL S.A.,TOLIMA,OLINI,67.94,57.09,55.95,56.45,57,52.99,39.37,36.64,43.61,48.97,48.78,52.17
TOLIMA,CHAPARRAL,3.743693084,-75.58986634,POINT (-75.58986634 3.743693084),HOCOL S.A.,TOLIMA,RÍO SALDAÑA,857.97,816.66,1282.97,1287.09,1214.32,1185.98,1167.73,1133.84,1098.41,1100.84,1032.43,1018.42
TOLIMA,ESPINAL,4.166476969,-74.89352941,POINT (-74.89352941 4.166476969),Frontera Energy Colombia Corp Sucursal Colombia,ABANICO,ABANICO,0,0,0,472.8,436.48,461.2,497.81,478.22,405.57,398.07,397.8,393.66
TOLIMA,ESPINAL,4.166476969,-74.89352941,POINT (-74.89352941 4.166476969),Frontera Energy Colombia Corp Sucursal Colombia,ABANICO,ABANICO,507.72,482.58,486.56,0,0,0,0,0,0,0,0,0
TOLIMA,GUAMO,4.076501341,-74.97657287,POINT (-74.97657287 4.076501341),LAS QUINCHAS RESOURCE CORP SURCURSAL COLOMBIA,GUASIMO,LISA,0.03,0,0,0,0,0,0,0,0,0,0,0
TOLIMA,MELGAR,4.193215498,-74.60517497,POINT (-74.60517497 4.193215498),PERENCO OIL AND GAS COLOMBIA LIMITED.,BOQUERÓN,EL NIÑO,0,0,0,0,0,0,0,0,0,0,0,24.61
TOLIMA,MELGAR,4.193215498,-74.60517497,POINT (-74.60517497 4.193215498),PERENCO OIL AND GAS COLOMBIA LIMITED.,BOQUERÓN,GUANDO,5224.41,5067.82,5070.07,4902.29,4805.49,4687.14,4648.78,4683.06,4652.86,4634.62,4522.84,4614.29
TOLIMA,MELGAR,4.193215498,-74.60517497,POINT (-74.60517497 4.193215498),PERENCO OIL AND GAS COLOMBIA LIMITED.,BOQUERÓN,GUANDO SW,2027.15,3081.76,3415.05,3239.48,3072.06,2932.23,2706.94,2741.05,2635.39,2546.21,2497.11,2500
TOLIMA,ORTEGA,3.937793962,-75.27824314,POINT (-75.27824314 3.937793962),HOCOL S.A.,ORTEGA,ORTEGA,197.18,197.76,190.37,191.97,194.32,194.69,187.4,187.99,190.85,187.14,183.5,182.02
TOLIMA,ORTEGA,3.937793962,-75.27824314,POINT (-75.27824314 3.937793962),HOCOL S.A.,ORTEGA,PACANDE,231.19,216.87,224.74,214.26,175.7,37.3,40.56,40.49,39.26,43.22,43.73,170.8
TOLIMA,ORTEGA,3.937793962,-75.27824314,POINT (-75.27824314 3.937793962),HOCOL S.A.,ORTEGA,TOLDADO,259.71,282.3,312.79,319.39,353.9,435.58,365.26,364.62,391.57,0,0,0
TOLIMA,ORTEGA,3.937793962,-75.27824314,POINT (-75.27824314 3.937793962),HOCOL S.A.,TOLDADO,TOLDADO,0,0,0,0,0,0,0,0,0,402.42,354.74,322.09
TOLIMA,ORTEGA,3.937793962,-75.27824314,POINT (-75.27824314 3.937793962),HOCOL S.A.,TOY,TOY,150.35,144.58,139.18,118.99,59.75,0,0,0,0,0,0,0
TOLIMA,PIEDRAS,4.433764446,-74.99879938,POINT (-74.99879938 4.433764446),INTEROIL COLOMBIA EXPLORATION AND PRODUCTION,AMBROSÍA,AMBROSÍA,28.84,29.42,29.35,29.29,29.12,31.07,29.88,29.18,29.04,29.96,29.29,29.34
TOLIMA,PIEDRAS,4.433764446,-74.99879938,POINT (-74.99879938 4.433764446),INTEROIL COLOMBIA EXPLORATION AND PRODUCTION,MANÁ,MANÁ,423.94,445.75,423.19,41.49,35.03,196.47,205.54,371.44,417.88,407.62,393.31,387.48
TOLIMA,PIEDRAS,4.433764446,-74.99879938,POINT (-74.99879938 4.433764446),INTEROIL COLOMBIA EXPLORATION AND PRODUCTION,RÍO OPIA,RÍO OPIA,25.91,24.79,26.86,2.68,0,28.36,26.06,28.9,23.76,24.91,24.1,24.73
TOLIMA,PIEDRAS,4.433764446,-74.99879938,POINT (-74.99879938 4.433764446),HOCOL S.A.,PULI,TOQUI TOQUI,356.76,374.42,463.51,404.32,365.96,358.03,348.97,362.87,454.39,458.7,463.87,447.37
TOLIMA,PRADO,3.729166649,-74.87247706,POINT (-74.87247706 3.729166649),HOCOL S.A.,ESPINAL,MATACHÍN SUR,114.72,136.6,172.58,189.52,195.27,198.65,182.8,175.61,169.16,153.08,151.01,149.97
TOLIMA,PURIFICACIÓN,3.854281614,-74.87451155,POINT (-74.87451155 3.854281614),HOCOL S.A.,CHENCHE,CHENCHE,50.84,50.48,49.64,49.05,48.73,48.54,46.38,47.71,47.38,46.85,46.54,45.89
TOLIMA,PURIFICACIÓN,3.854281614,-74.87451155,POINT (-74.87451155 3.854281614),HOCOL S.A.,ESPINAL,MATACHÍN NORTE,1215.96,1239.39,1261.9,1317.66,1339.26,1285.89,1298.55,1238.69,1218.94,1257.85,1191.1,1234.9
TOLIMA,PURIFICACIÓN,3.854281614,-74.87451155,POINT (-74.87451155 3.854281614),HOCOL S.A.,ESPINAL,MATACHÍN SUR,80.3,105.55,120.17,124.08,118.16,115.42,116.88,114.25,114.73,108.33,104.18,103.09
TOLIMA,PURIFICACIÓN,3.854281614,-74.87451155,POINT (-74.87451155 3.854281614),HOCOL S.A.,ESPINAL,PURIFICACIÓN,52.02,50.97,51.14,51.94,21.91,0,0,0,0,0,0,0
TOLIMA,SAN LUIS,4.057271684,-75.16320806,POINT (-75.16320806 4.057271684),HOCOL S.A.,ORTEGA,PACANDE,52.59,64.71,42.88,62.84,59.1,21.03,0,0,0,65.92,67.56,71.86
