Departamento,Municipio,Latitud,Longitud,Geolocalizacion,Operadora,Contrato,Campo,Enero,Febrero,Marzo,Abril,Mayo,Junio,Julio,Agosto,Septiembre,Octubre,Noviembre,Diciembre
ANTIOQUIA,PUERTO NARE,6.126539139,-74.70317722,POINT (-74.70317722 6.126539139),ECOPETROL S.A.,OPERACION-DIRECTA ECOPETROL,AREA TECA-COCORNA,1291,1232,1147,1183,1265,1202,1276,1327,1404,1219,1334,1374
ANTIOQUIA,PUERTO NARE,6.126539139,-74.70317722,POINT (-74.70317722 6.126539139),MANSAROVAR ENERGY COLOMBIA LTD,NARE,NARE SUR,219,296,253,269,199,201,217,232,232,220,221,207
ANTIOQUIA,PUERTO NARE,6.126539139,-74.70317722,POINT (-74.70317722 6.126539139),MANSAROVAR ENERGY COLOMBIA LTD,NARE,UNDERRIVER,800,880,849,803,893,834,716,764,841,718,703,705
ANTIOQUIA,PUERTO TRIUNFO,5.954830151,-74.6861918,POINT (-74.6861918 5.954830151),ECOPETROL S.A.,OPERACION-DIRECTA ECOPETROL,AREA TECA-COCORNA,289,274,285,303,313,291,283,287,167,278,276,226
ANTIOQUIA,YONDO,6.925159318,-74.15824041,POINT (-74.15824041 6.925159318),ECOPETROL S.A.,MAGDALENA MEDIO,CASABE,11363,10968,10281,10223,10178,11257,10669,10729,11066,10799,10509,10602
ANTIOQUIA,YONDO,6.925159318,-74.15824041,POINT (-74.15824041 6.925159318),ECOPETROL S.A.,MAGDALENA MEDIO,CASABE SUR,2134,2017,2125,2116,1976,2110,2117,2058,2009,2063,2014,1942
ANTIOQUIA,YONDO,6.925159318,-74.15824041,POINT (-74.15824041 6.925159318),ECOPETROL S.A.,MAGDALENA MEDIO,PEÑAS BLANCAS,1008,976,1071,1108,1060,1067,1187,1189,1075,1042,1146,1096
ANTIOQUIA,SONSÓN,5.826388779,-74.83637623,POINT (-74.83637623 5.826388779),INGENIERIA CONSTRUCCIONES Y EQUIPOS CONEQUIPOS ING S.A.S.,VMM 12,WOLF,0,0,0,0,0,0,0,0,0,0,0,0
ARAUCA,ARAUCA,6.796280825,-70.50921153,POINT (-70.50921153 6.796280825),OCCIDENTAL DE COLOMBIA LLC,CHIPIRÓN,CHIPIRÓN,8583,8856,8665,8558,8225,8053,8151,8141,7974,7692,7855,7919
ARAUCA,ARAUCA,6.796280825,-70.50921153,POINT (-70.50921153 6.796280825),OCCIDENTAL DE COLOMBIA LLC,CHIPIRÓN,GALEMBO,218,263,229,201,175,173,165,121,96,105,106,134
ARAUCA,ARAUCA,6.796280825,-70.50921153,POINT (-70.50921153 6.796280825),OCCIDENTAL DE COLOMBIA LLC,CHIPIRÓN,MACANA,362,400,354,341,340,342,325,244,231,241,243,259
ARAUCA,ARAUCA,6.796280825,-70.50921153,POINT (-70.50921153 6.796280825),OCCIDENTAL DE COLOMBIA LLC,CHIPIRÓN,MATANEGRA OESTE,0,0,0,0,0,0,0,16,38,36,40,40
ARAUCA,ARAUCA,6.796280825,-70.50921153,POINT (-70.50921153 6.796280825),OCCIDENTAL DE COLOMBIA LLC,CRAVO NORTE,CAÑO LIMÓN,21124,20791,20803,21055,20473,21320,21792,21436,21163,21003,21053,20978
ARAUCA,ARAUCA,6.796280825,-70.50921153,POINT (-70.50921153 6.796280825),OCCIDENTAL DE COLOMBIA LLC,CRAVO NORTE,CAÑO YARUMAL,3769,3549,3646,3676,3457,3394,3491,3538,3311,3308,3341,3411
ARAUCA,ARAUCA,6.796280825,-70.50921153,POINT (-70.50921153 6.796280825),OCCIDENTAL DE COLOMBIA LLC,CRAVO NORTE,TONINA,16,22,22,24,22,22,22,23,22,24,19,27
ARAUCA,ARAUQUITA,6.799338394,-71.29827429,POINT (-71.29827429 6.799338394),OCCIDENTAL DE COLOMBIA LLC,CHIPIRÓN,ARAGUATO,242,249,231,237,189,187,165,143,103,34,209,193
ARAUCA,ARAUQUITA,6.799338394,-71.29827429,POINT (-71.29827429 6.799338394),OCCIDENTAL DE COLOMBIA LLC,CHIPIRÓN,BAYONERO,660,568,494,470,441,430,381,342,285,323,346,384
ARAUCA,ARAUQUITA,6.799338394,-71.29827429,POINT (-71.29827429 6.799338394),OCCIDENTAL DE COLOMBIA LLC,CHIPIRÓN,CHIPIRÓN,179,175,169,165,156,156,153,155,134,138,138,138
ARAUCA,ARAUQUITA,6.799338394,-71.29827429,POINT (-71.29827429 6.799338394),OCCIDENTAL DE COLOMBIA LLC,CHIPIRÓN,JIBA UNIFICADO,110,93,106,92,106,103,100,95,90,92,89,81
ARAUCA,ARAUQUITA,6.799338394,-71.29827429,POINT (-71.29827429 6.799338394),OCCIDENTAL DE COLOMBIA LLC,COSECHA,CANAGUEY,1277,1184,1150,1116,656,690,924,957,798,1042,1117,1260
ARAUCA,ARAUQUITA,6.799338394,-71.29827429,POINT (-71.29827429 6.799338394),OCCIDENTAL DE COLOMBIA LLC,COSECHA,FINN,0,0,0,0,0,0,0,0,0,0,0,1566
ARAUCA,ARAUQUITA,6.799338394,-71.29827429,POINT (-71.29827429 6.799338394),OCCIDENTAL DE COLOMBIA LLC,COSECHA,GOLONDRINA,0,205,558,369,217,171,174,133,111,80,67,66
ARAUCA,ARAUQUITA,6.799338394,-71.29827429,POINT (-71.29827429 6.799338394),OCCIDENTAL DE COLOMBIA LLC,COSECHA,MORROCOY,219,240,179,194,186,185,188,193,181,186,163,148
ARAUCA,ARAUQUITA,6.799338394,-71.29827429,POINT (-71.29827429 6.799338394),OCCIDENTAL DE COLOMBIA LLC,COSECHA,REX,402,315,294,280,239,222,207,187,176,176,138,124
ARAUCA,ARAUQUITA,6.799338394,-71.29827429,POINT (-71.29827429 6.799338394),OCCIDENTAL DE COLOMBIA LLC,COSECHA,REX NE,14,1321,2315,2434,2504,2779,2772,2870,3322,2998,2821,2708
ARAUCA,ARAUQUITA,6.799338394,-71.29827429,POINT (-71.29827429 6.799338394),OCCIDENTAL DE COLOMBIA LLC,COSECHA,TERECAY,1337,1360,1092,1111,996,1087,1073,991,772,658,600,791
ARAUCA,ARAUQUITA,6.799338394,-71.29827429,POINT (-71.29827429 6.799338394),OCCIDENTAL DE COLOMBIA LLC,CRAVO NORTE,CAÑO LIMÓN,67,64,64,65,61,64,46,40,35,37,37,38
ARAUCA,ARAUQUITA,6.799338394,-71.29827429,POINT (-71.29827429 6.799338394),OCCIDENTAL DE COLOMBIA LLC,CRAVO NORTE,REDONDO,1444,1268,1095,1068,1018,1087,1309,1385,1143,1134,1031,992
ARAUCA,ARAUQUITA,6.799338394,-71.29827429,POINT (-71.29827429 6.799338394),OCCIDENTAL DE COLOMBIA LLC,CRAVO NORTE,REDONDO ESTE,0,0,0,0,0,0,0,0,0,0,0,17
ARAUCA,ARAUQUITA,6.799338394,-71.29827429,POINT (-71.29827429 6.799338394),OCCIDENTAL DE COLOMBIA LLC,RONDÓN,CAÑO RONDÓN,2899,2909,2709,2568,2477,2384,2166,2279,2675,3036,3031,3176
ARAUCA,ARAUQUITA,6.799338394,-71.29827429,POINT (-71.29827429 6.799338394),OCCIDENTAL DE COLOMBIA LLC,RONDÓN,CARICARE,3139,3077,2919,3247,3043,2816,3827,4091,3958,4035,3882,4130
ARAUCA,SARAVENA,6.906941714,-71.85070757,POINT (-71.85070757 6.906941714),ECOPETROL S.A.,ARAUCA,ARAUCA,7,9,11,13,12,13,16,15,18,19,20,7
ARAUCA,TAME,6.390650479,-71.79178647,POINT (-71.79178647 6.390650479),PAREX RESOURCES COLOMBIA LTD. SUCURSAL,CAPACHOS,ANDINA,0,0,0,0,0,0,0,0,399,818,885,311
ARAUCA,TAME,6.390650479,-71.79178647,POINT (-71.79178647 6.390650479),PAREX RESOURCES COLOMBIA LTD. SUCURSAL,CAPACHOS,CAPACHOS,502,0,881,1089,1077,1064,1045,1028,1013,1101,983,554
ATLANTICO,SABANALARGA,10.62250777,-74.95510542,POINT (-74.95510542 10.62250777),LEWIS ENERGY COLOMBIA INC,SSJN-1,BULLERENGUE,161,207,206,210,208,207,203,206,207,201,230,420
ATLANTICO,SABANALARGA,10.62250777,-74.95510542,POINT (-74.95510542 10.62250777),LEWIS ENERGY COLOMBIA INC,SSJN-1,POLLERA,0,0,0,0,0,0,0,0,0,0,0,0
BOLIVAR,CANTAGALLO,7.239229146,-74.10014043,POINT (-74.10014043 7.239229146),ECOPETROL S.A.,MAGDALENA MEDIO,YARIGUÍ-CANTAGALLO,8901,9041,9521,9773,9195,6553,9760,9707,10291,10126,11147,11700
BOLIVAR,CICUCO,9.235268598,-74.68840962,POINT (-74.68840962 9.235268598),ECOPETROL S.A.,CICUCO BOQUETE,CICUCO,347,387,429,418,419,425,0,0,0,0,0,0
BOLIVAR,CICUCO,9.235268598,-74.68840962,POINT (-74.68840962 9.235268598),HOCOL S.A.,CICUCO BOQUETE,CICUCO,0,0,0,0,0,0,420,431,441,448,449,417
BOLIVAR,MOMPOS,9.142512064,-74.54519906,POINT (-74.54519906 9.142512064),HOCOL S.A.,CICUCO BOQUETE,BOQUETE,0,0,0,0,0,0,30,0,0,0,0,0
BOLIVAR,TALAIGUA NUEVO,9.269516705,-74.58695233,POINT (-74.58695233 9.269516705),ECOPETROL S.A.,CICUCO BOQUETE,BOQUETE,18,14,12,32,48,60,0,0,0,0,0,0
BOLIVAR,TALAIGUA NUEVO,9.269516705,-74.58695233,POINT (-74.58695233 9.269516705),ECOPETROL S.A.,CICUCO BOQUETE,CICUCO,249,214,222,234,227,226,0,0,0,0,0,0
BOLIVAR,TALAIGUA NUEVO,9.269516705,-74.58695233,POINT (-74.58695233 9.269516705),HOCOL S.A.,CICUCO BOQUETE,BOQUETE,0,0,0,0,0,0,0,55,101,106,77,18
BOLIVAR,TALAIGUA NUEVO,9.269516705,-74.58695233,POINT (-74.58695233 9.269516705),HOCOL S.A.,CICUCO BOQUETE,CICUCO,0,0,0,0,0,0,239,235,231,225,221,218
BOYACA,CORRALES,5.82454582,-72.84544845,POINT (-72.84544845 5.82454582),UNION TEMPORAL OMEGA ENERGY,BUENAVISTA,BOLÍVAR,0,0,0,0,0,43,0,0,0,0,0,0
BOYACA,CORRALES,5.82454582,-72.84544845,POINT (-72.84544845 5.82454582),UNION TEMPORAL OMEGA ENERGY,BUENAVISTA,CORRALES,319,181,259,336,363,388,387,379,354,368,333,341
BOYACA,PUERTO BOYACA,5.953466654,-74.4528581,POINT (-74.4528581 5.953466654),COMTROL COLOMBIA S.A.,EL REMANSO,REMANSO,1,1,0,0,0,0,1,1,0,0,0,0
BOYACA,PUERTO BOYACA,5.953466654,-74.4528581,POINT (-74.4528581 5.953466654),ECOPETROL S.A.,PALAGUA,CAIPAL,754,775,774,772,776,749,753,748,732,720,742,764
BOYACA,PUERTO BOYACA,5.953466654,-74.4528581,POINT (-74.4528581 5.953466654),ECOPETROL S.A.,PALAGUA,PALAGUA,5874,5951,5983,6034,6178,6278,6373,6384,6246,6271,6324,6507
BOYACA,PUERTO BOYACA,5.953466654,-74.4528581,POINT (-74.4528581 5.953466654),MANSAROVAR ENERGY COLOMBIA LTD,GUAGUAQUI - TERAN,VELASQUEZ,3333,3405,3289,3400,3300,3253,3091,3086,3116,3022,3079,3028
BOYACA,PUERTO BOYACA,5.953466654,-74.4528581,POINT (-74.4528581 5.953466654),MANSAROVAR ENERGY COLOMBIA LTD,NARE,ABARCO,3408,3670,3629,4212,3746,3424,3672,3932,3587,3616,3458,3522
BOYACA,PUERTO BOYACA,5.953466654,-74.4528581,POINT (-74.4528581 5.953466654),MANSAROVAR ENERGY COLOMBIA LTD,NARE,GIRASOL,3423,3246,3236,3236,3156,3268,3205,2928,2837,2831,3132,2990
BOYACA,PUERTO BOYACA,5.953466654,-74.4528581,POINT (-74.4528581 5.953466654),MANSAROVAR ENERGY COLOMBIA LTD,NARE,JAZMIN,4837,4678,4362,4318,4260,4273,4209,3977,3921,3835,3932,3918
BOYACA,PUERTO BOYACA,5.953466654,-74.4528581,POINT (-74.4528581 5.953466654),MANSAROVAR ENERGY COLOMBIA LTD,NARE,MORICHE,12043,11493,11868,12173,11205,10619,10533,10657,10552,10724,10438,11062
BOYACA,PUERTO BOYACA,5.953466654,-74.4528581,POINT (-74.4528581 5.953466654),MANSAROVAR ENERGY COLOMBIA LTD,NARE,UNDERRIVER,1473,1554,1483,1561,1376,1424,1411,1040,1053,1106,1304,1138
BOYACA,SAN LUIS DE GACENO,4.798203543,-73.13397018,POINT (-73.13397018 4.798203543),NIKOIL ENERGY CORP,CÓNDOR,MEDINA,0,94,87,89,62,82,76,73,70,72,73,59
BOYACA,TOPAGA,5.765350303,-72.83672958,POINT (-72.83672958 5.765350303),UNION TEMPORAL OMEGA ENERGY,BUENAVISTA,BOLÍVAR,45,44,44,45,44,0,43,42,40,39,40,42
CAQUETA,SAN VICENTE DEL CAGUAN,1.308465061,-74.19746971,POINT (-74.19746971 1.308465061),EMERALD ENERGY PLC SUCURSAL COLOMBIA,DURILLO,DURILLO,0,0,0,0,1,0,0,0,0,0,0,0
CASANARE,AGUAZUL,5.126121886,-72.54821017,POINT (-72.54821017 5.126121886),CEPSA COLOMBIA S.A.,LLA 22,RAMIRIQUI,2312,2259,2211,2179,2198,2102,2111,2042,2098,2049,2039,1955
CASANARE,AGUAZUL,5.126121886,-72.54821017,POINT (-72.54821017 5.126121886),ECOPETROL S.A.,CUSIANA NORTE,CUSIANA NORTE,1502,1354,1276,1396,1374,1251,1126,1116,1063,977,948,1081
CASANARE,AGUAZUL,5.126121886,-72.54821017,POINT (-72.54821017 5.126121886),ECOPETROL S.A.,ECOP-SDLA-OP-DIRECTA,CUPIAGUA,2525,6718,6618,6647,6928,6763,6407,6205,6204,5665,5620,5871
CASANARE,AGUAZUL,5.126121886,-72.54821017,POINT (-72.54821017 5.126121886),ECOPETROL S.A.,ECOP-SDLA-OP-DIRECTA,CUPIAGUA SUR,2240,2187,2273,2167,2049,2124,2125,2007,2024,1919,1870,1690
CASANARE,AGUAZUL,5.126121886,-72.54821017,POINT (-72.54821017 5.126121886),ECOPETROL S.A.,RECETOR,CUPIAGUA LIRIA,1180,3268,3404,3415,3514,3500,3662,3667,3553,3335,3325,3448
CASANARE,AGUAZUL,5.126121886,-72.54821017,POINT (-72.54821017 5.126121886),PAREX RESOURCES COLOMBIA LTD. SUCURSAL,LLA 26,RUMBA,1807,2641,2334,2362,2144,1935,1879,1751,1423,1610,755,665
CASANARE,AGUAZUL,5.126121886,-72.54821017,POINT (-72.54821017 5.126121886),PERENCO COLOMBIA LIMITED,CASANARE,LA GLORIA,640,610,745,627,485,476,486,528,600,540,418,415
CASANARE,MANI,4.675769488,-72.21280273,POINT (-72.21280273 4.675769488),CEPSA COLOMBIA S.A.,PUNTERO,MANATUS,157,154,111,0,0,0,0,0,0,0,0,27
CASANARE,MANI,4.675769488,-72.21280273,POINT (-72.21280273 4.675769488),CEPSA COLOMBIA S.A.,PUNTERO,ONCA,403,410,399,102,0,0,0,0,0,0,0,277
CASANARE,MANI,4.675769488,-72.21280273,POINT (-72.21280273 4.675769488),DCX S.A.S.,MORICHITO,MORICHITO,46,44,18,0,0,0,0,0,0,0,0,0
CASANARE,MANI,4.675769488,-72.21280273,POINT (-72.21280273 4.675769488),ECOPETROL S.A.,LA PUNTA - CDND/I,LA PUNTA,480,473,467,454,423,418,0,0,0,0,0,0
CASANARE,MANI,4.675769488,-72.21280273,POINT (-72.21280273 4.675769488),ECOPETROL S.A.,UPIA,SANTIAGO,779,748,722,713,713,680,0,0,0,0,0,0
CASANARE,MANI,4.675769488,-72.21280273,POINT (-72.21280273 4.675769488),EMERALD ENERGY PLC SUCURSAL COLOMBIA,CAMPO RICO,CAMPO RICO,339,338,329,330,336,331,332,353,416,411,414,409
CASANARE,MANI,4.675769488,-72.21280273,POINT (-72.21280273 4.675769488),EMERALD ENERGY PLC SUCURSAL COLOMBIA,CAMPO RICO,CENTAURO SUR,139,146,147,146,145,138,142,137,107,101,99,95
CASANARE,MANI,4.675769488,-72.21280273,POINT (-72.21280273 4.675769488),Frontera Energy Colombia Corp Sucursal Colombia,CASIMENA,MANTIS,922,856,836,817,807,776,0,416,405,393,387,362
CASANARE,MANI,4.675769488,-72.21280273,POINT (-72.21280273 4.675769488),Frontera Energy Colombia Corp Sucursal Colombia,CASIMENA,PISINGO,953,913,901,878,861,835,404,655,612,822,1039,817
CASANARE,MANI,4.675769488,-72.21280273,POINT (-72.21280273 4.675769488),Frontera Energy Colombia Corp Sucursal Colombia,CASIMENA,YENAC,541,467,452,446,446,432,0,0,0,0,0,0
CASANARE,MANI,4.675769488,-72.21280273,POINT (-72.21280273 4.675769488),HOCOL S.A.,LA PUNTA - CDND/I,LA PUNTA,0,0,0,0,0,0,412,397,388,376,368,357
CASANARE,MANI,4.675769488,-72.21280273,POINT (-72.21280273 4.675769488),HOCOL S.A.,UPIA,SANTIAGO,0,0,0,0,0,0,691,690,660,538,532,704
CASANARE,MANI,4.675769488,-72.21280273,POINT (-72.21280273 4.675769488),OMNIA.ENERGY INC. SUCURSAL COLOMBIA EN REORGANIZACIÓN  (ANTES SANTA MARIA PETROLEUM INC),LLA 27,FLAMI,0,0,0,0,0,0,12,115,66,439,366,394
CASANARE,MANI,4.675769488,-72.21280273,POINT (-72.21280273 4.675769488),PERENCO COLOMBIA LIMITED,CASANARE,LA GLORIA,305,299,273,264,266,274,270,136,12,25,240,266
CASANARE,MANI,4.675769488,-72.21280273,POINT (-72.21280273 4.675769488),PETROLEOS SUD AMERICANOS SUCURSAL COLOMBIA,ENTRERRIOS,ENTRERRIOS,696,684,663,644,596,510,577,572,554,525,531,522
CASANARE,MANI,4.675769488,-72.21280273,POINT (-72.21280273 4.675769488),PETROLEOS SUD AMERICANOS SUCURSAL COLOMBIA,RIO META,GUARIMENA,0,0,0,0,0,0,0,228,288,240,253,177
CASANARE,MANI,4.675769488,-72.21280273,POINT (-72.21280273 4.675769488),COLOMBIA ENERGY DEVELOPMENT CO,ALCARAVÁN,ESTERO,81,82,83,83,84,84,84,83,82,82,82,82
CASANARE,MANI,4.675769488,-72.21280273,POINT (-72.21280273 4.675769488),COLOMBIA ENERGY DEVELOPMENT CO,LOS HATOS,LOS HATOS,48,49,49,49,50,50,48,46,46,46,46,48
CASANARE,MONTERREY,4.841308642,-72.8473434,POINT (-72.8473434 4.841308642),Frontera Energy Colombia Corp Sucursal Colombia,CANAGUARO,Canaguay,0,0,0,0,0,0,0,0,107,326,255,393
CASANARE,MUNICIPIO NN CASANARE,4.841308642,-72.8473434,POINT (-72.8473434 4.841308642),EQUION ENERGÍA LIMITED,NISCOTA,HURÓN,2291,2368,2419,2089,1827,1647,736,789,1401,1131,333,1063
CASANARE,MUNICIPIO NN CASANARE,4.841308642,-72.8473434,POINT (-72.8473434 4.841308642),Frontera Energy Colombia Corp Sucursal Colombia,CRAVOVIEJO,SAIMIRÍ,114,68,13,59,45,52,49,55,43,33,28,16
CASANARE,MUNICIPIO NN CASANARE,4.841308642,-72.8473434,POINT (-72.8473434 4.841308642),NEW GRANADA ENERGY CORPORATION SUCURSAL COLOMBIA,DOROTEA,DOROTEA E,84,80,85,84,85,84,85,85,85,92,90,84
CASANARE,NUNCHIA,5.529181235,-72.09251937,POINT (-72.09251937 5.529181235),PERENCO COLOMBIA LIMITED,CASANARE,TIERRA BLANCA,1,1,2,7,0,0,0,0,0,0,0,0
CASANARE,NUNCHIA,5.529181235,-72.09251937,POINT (-72.09251937 5.529181235),PERENCO COLOMBIA LIMITED,CASANARE,TOCARIA,0,0,0,0,0,0,0,0,277,0,0,0
CASANARE,OROCUE,4.915139133,-71.59873966,POINT (-71.59873966 4.915139133),CANACOL ENERGY COLOMBIA SAS,RANCHO HERMOSO ACUERDO PART CASANARE,RANCHO HERMOSO,1379,1364,1380,1339,1177,1302,1339,1091,1157,1156,1117,1101
CASANARE,OROCUE,4.915139133,-71.59873966,POINT (-71.59873966 4.915139133),CARRAO ENERGY S.A. SUCURSAL COLOMIBA,LLA 23,DANES,0,0,0,0,0,0,0,0,0,0,13,724
CASANARE,OROCUE,4.915139133,-71.59873966,POINT (-71.59873966 4.915139133),CARRAO ENERGY S.A. SUCURSAL COLOMIBA,LLA 23,LABRADOR,0,0,0,0,0,0,0,0,0,630,624,608
CASANARE,OROCUE,4.915139133,-71.59873966,POINT (-71.59873966 4.915139133),EMERALD ENERGY PLC SUCURSAL COLOMBIA,CAMPO RICO,VIGIA SUR,858,849,805,812,800,791,776,1066,796,824,1123,1616
CASANARE,OROCUE,4.915139133,-71.59873966,POINT (-71.59873966 4.915139133),Frontera Energy Colombia Corp Sucursal Colombia,CACHICAMO,ANDARRIOS,153,168,165,157,155,141,142,131,123,120,129,148
CASANARE,OROCUE,4.915139133,-71.59873966,POINT (-71.59873966 4.915139133),Frontera Energy Colombia Corp Sucursal Colombia,CACHICAMO,CIRIGÜELO,192,188,159,182,153,155,160,158,166,185,246,284
CASANARE,OROCUE,4.915139133,-71.59873966,POINT (-71.59873966 4.915139133),Frontera Energy Colombia Corp Sucursal Colombia,CACHICAMO,GRETA OTO,176,175,173,175,171,169,166,158,157,155,155,152
CASANARE,OROCUE,4.915139133,-71.59873966,POINT (-71.59873966 4.915139133),Frontera Energy Colombia Corp Sucursal Colombia,CACHICAMO,GUACHARACA,186,177,173,175,173,161,144,134,130,135,529,536
CASANARE,OROCUE,4.915139133,-71.59873966,POINT (-71.59873966 4.915139133),Frontera Energy Colombia Corp Sucursal Colombia,CACHICAMO,HOATZIN,75,78,82,76,79,80,83,71,65,67,71,73
CASANARE,OROCUE,4.915139133,-71.59873966,POINT (-71.59873966 4.915139133),Frontera Energy Colombia Corp Sucursal Colombia,CACHICAMO,HOATZIN NORTE,261,247,245,213,223,225,227,240,241,251,211,198
CASANARE,TAURAMENA,4.697463691,-72.62922436,POINT (-72.62922436 4.697463691),GEOPARK COLOMBIA S.A.S.,LLA 34,TUA,4494,5078,5081,5047,4948,4624,4779,4958,4827,4279,4342,4693
CASANARE,OROCUE,4.915139133,-71.59873966,POINT (-71.59873966 4.915139133),Frontera Energy Colombia Corp Sucursal Colombia,CASANARE ESTE,CURITO,283,172,216,266,262,254,217,191,164,152,150,151
CASANARE,OROCUE,4.915139133,-71.59873966,POINT (-71.59873966 4.915139133),Frontera Energy Colombia Corp Sucursal Colombia,CRAVOVIEJO,BASTIDAS,116,120,117,76,63,55,44,78,90,80,78,70
CASANARE,OROCUE,4.915139133,-71.59873966,POINT (-71.59873966 4.915139133),Frontera Energy Colombia Corp Sucursal Colombia,CRAVOVIEJO,CARRIZALES,679,712,685,685,689,693,697,664,558,452,455,421
CASANARE,OROCUE,4.915139133,-71.59873966,POINT (-71.59873966 4.915139133),Frontera Energy Colombia Corp Sucursal Colombia,CRAVOVIEJO,MATEMARRANO,126,119,89,45,56,68,69,67,64,56,52,43
CASANARE,OROCUE,4.915139133,-71.59873966,POINT (-71.59873966 4.915139133),Frontera Energy Colombia Corp Sucursal Colombia,CRAVOVIEJO,SAIMIRÍ,126,140,208,230,247,250,242,231,229,221,207,195
CASANARE,OROCUE,4.915139133,-71.59873966,POINT (-71.59873966 4.915139133),Frontera Energy Colombia Corp Sucursal Colombia,CRAVOVIEJO,ZOPILOTE,1387,1348,1339,1459,1445,1406,1357,1327,1351,1291,1245,1318
CASANARE,OROCUE,4.915139133,-71.59873966,POINT (-71.59873966 4.915139133),Frontera Energy Colombia Corp Sucursal Colombia,MAPACHE,TUCUSO,266,223,212,193,167,174,162,152,146,151,129,132
CASANARE,OROCUE,4.915139133,-71.59873966,POINT (-71.59873966 4.915139133),LAS QUINCHAS RESOURCE CORP SURCURSAL COLOMBIA,MORICHE,MAURITÍA ESTE,0,0,0,0,0,0,0,0,0,0,1,4
CASANARE,OROCUE,4.915139133,-71.59873966,POINT (-71.59873966 4.915139133),LAS QUINCHAS RESOURCE CORP SURCURSAL COLOMBIA,MORICHE,MAURITÍA NORTE,1689,662,1379,1728,1560,1471,681,935,1369,1552,1524,1406
CASANARE,OROCUE,4.915139133,-71.59873966,POINT (-71.59873966 4.915139133),OIRU CORPORATION,NASHIRA,ALEPE,0,0,0,0,0,0,0,227,227,227,235,220
CASANARE,OROCUE,4.915139133,-71.59873966,POINT (-71.59873966 4.915139133),OIRU CORPORATION,NASHIRA,NASHIRA NORTE,0,0,0,0,0,0,0,772,767,754,740,701
CASANARE,OROCUE,4.915139133,-71.59873966,POINT (-71.59873966 4.915139133),PERENCO COLOMBIA LIMITED,ESTERO,GUANAPALO,135,132,122,128,125,109,125,124,123,104,97,73
CASANARE,OROCUE,4.915139133,-71.59873966,POINT (-71.59873966 4.915139133),PERENCO COLOMBIA LIMITED,GARCERO,CANDALAY,0,0,0,16,11,19,22,20,21,21,25,22
CASANARE,OROCUE,4.915139133,-71.59873966,POINT (-71.59873966 4.915139133),PERENCO COLOMBIA LIMITED,GARCERO,GUASAR,262,273,272,264,276,283,317,300,312,261,258,240
CASANARE,OROCUE,4.915139133,-71.59873966,POINT (-71.59873966 4.915139133),PERENCO COLOMBIA LIMITED,GARCERO,JORCAN,0,34,40,43,37,38,48,42,38,37,39,46
CASANARE,OROCUE,4.915139133,-71.59873966,POINT (-71.59873966 4.915139133),PERENCO COLOMBIA LIMITED,GARCERO,JORDÁN,565,564,589,581,603,533,590,570,552,527,513,510
CASANARE,OROCUE,4.915139133,-71.59873966,POINT (-71.59873966 4.915139133),PERENCO COLOMBIA LIMITED,GARCERO,PARAVARE,200,186,185,164,165,162,153,145,141,135,148,163
CASANARE,OROCUE,4.915139133,-71.59873966,POINT (-71.59873966 4.915139133),PERENCO COLOMBIA LIMITED,GARCERO,PIRITO,48,42,60,55,46,63,76,75,60,64,64,59
CASANARE,OROCUE,4.915139133,-71.59873966,POINT (-71.59873966 4.915139133),PERENCO COLOMBIA LIMITED,GARCERO,SARDINAS,1095,1005,940,917,968,899,939,939,927,937,924,906
CASANARE,OROCUE,4.915139133,-71.59873966,POINT (-71.59873966 4.915139133),PERENCO COLOMBIA LIMITED,OROCUÉ,GUARILAQUE,1388,1408,1359,1338,1276,1070,980,1042,1114,1117,1100,1060
CASANARE,OROCUE,4.915139133,-71.59873966,POINT (-71.59873966 4.915139133),PERENCO COLOMBIA LIMITED,OROPENDOLA,OROPÉNDOLA,141,138,133,138,135,137,132,127,136,134,129,129
CASANARE,OROCUE,4.915139133,-71.59873966,POINT (-71.59873966 4.915139133),PERENCO COLOMBIA LIMITED,OROPENDOLA,VIREO,98,105,99,156,145,141,167,130,160,162,148,139
CASANARE,OROCUE,4.915139133,-71.59873966,POINT (-71.59873966 4.915139133),SOGOMI ENERGY S.A.,NASHIRA,ALEPE,158,129,142,157,204,214,176,0,0,0,0,0
CASANARE,OROCUE,4.915139133,-71.59873966,POINT (-71.59873966 4.915139133),SOGOMI ENERGY S.A.,NASHIRA,ALVA SUR,0,35,13,0,0,0,0,0,0,0,0,0
CASANARE,OROCUE,4.915139133,-71.59873966,POINT (-71.59873966 4.915139133),SOGOMI ENERGY S.A.,NASHIRA,NASHIRA NORTE,781,742,774,797,817,729,598,0,0,0,0,0
CASANARE,OROCUE,4.915139133,-71.59873966,POINT (-71.59873966 4.915139133),COLOMBIA ENERGY DEVELOPMENT CO,ALCARAVÁN,CANACABARE,524,485,466,536,596,480,452,430,453,477,455,415
CASANARE,OROCUE,4.915139133,-71.59873966,POINT (-71.59873966 4.915139133),INTEROIL COLOMBIA EXPLORATION AND PRODUCTION,ALTAIR,ALTAIR,41,44,36,0,0,0,0,0,0,0,0,0
CASANARE,OROCUE,4.915139133,-71.59873966,POINT (-71.59873966 4.915139133),INTEROIL COLOMBIA EXPLORATION AND PRODUCTION,LLA 47,VIKINGO,539,464,446,499,616,615,92,0,40,226,256,50
CASANARE,OROCUE,4.915139133,-71.59873966,POINT (-71.59873966 4.915139133),VETRA EXPLORACION Y PRODUCCION COLOMBIA S.A.S.,CDNDI LA PUNTA,JUAPE,204,3,0,0,0,0,49,122,106,101,97,90
CASANARE,OROCUE,4.915139133,-71.59873966,POINT (-71.59873966 4.915139133),VETRA EXPLORACION Y PRODUCCION COLOMBIA S.A.S.,CDNDI LA PUNTA,SANTO DOMINGO,459,434,412,376,339,252,175,114,116,118,124,122
CASANARE,OROCUE,4.915139133,-71.59873966,POINT (-71.59873966 4.915139133),VETRA EXPLORACION Y PRODUCCION COLOMBIA S.A.S.,CDNDI LA PUNTA,SANTO DOMINGO NORTE,547,576,626,661,638,579,600,570,557,529,505,483
CASANARE,OROCUE,4.915139133,-71.59873966,POINT (-71.59873966 4.915139133),CNE OIL & GAS S.A.S.,LLA 23,LABRADOR,722,704,709,702,707,675,661,647,641,0,0,0
CASANARE,PAZ DE ARIPORO,5.779915281,-70.86947037,POINT (-70.86947037 5.779915281),Frontera Energy Colombia Corp Sucursal Colombia,ARRENDAJO,AZOR,325,325,303,280,279,264,222,185,174,175,170,162
CASANARE,PAZ DE ARIPORO,5.779915281,-70.86947037,POINT (-70.86947037 5.779915281),Frontera Energy Colombia Corp Sucursal Colombia,ARRENDAJO,YAGUAZO,1286,1185,1091,923,889,886,911,922,868,896,860,852
CASANARE,PAZ DE ARIPORO,5.779915281,-70.86947037,POINT (-70.86947037 5.779915281),GEOPARK COLOMBIA S.A.S.,LA CUERVA,CUERVA ESTE,0,0,0,0,0,0,0,0,0,0,0,1
CASANARE,PAZ DE ARIPORO,5.779915281,-70.86947037,POINT (-70.86947037 5.779915281),GEOPARK COLOMBIA S.A.S.,LA CUERVA,CUERVA NORESTE,43,42,41,42,43,34,29,25,29,30,30,29
CASANARE,PAZ DE ARIPORO,5.779915281,-70.86947037,POINT (-70.86947037 5.779915281),GEOPARK COLOMBIA S.A.S.,LA CUERVA,CUERVA OESTE,381,381,375,426,557,519,499,437,388,383,381,361
CASANARE,PAZ DE ARIPORO,5.779915281,-70.86947037,POINT (-70.86947037 5.779915281),GEOPARK COLOMBIA S.A.S.,LA CUERVA,CUERVA SUR,138,135,134,100,180,164,149,149,149,152,150,154
CASANARE,PAZ DE ARIPORO,5.779915281,-70.86947037,POINT (-70.86947037 5.779915281),GEOPARK COLOMBIA S.A.S.,YAMU,YAMÚ,0,0,4,32,41,57,66,60,61,58,52,55
CASANARE,PAZ DE ARIPORO,5.779915281,-70.86947037,POINT (-70.86947037 5.779915281),NEW GRANADA ENERGY CORPORATION SUCURSAL COLOMBIA,DOROTEA,DOROTEA B,1756,1602,1572,1815,1892,1883,1850,1810,1684,1628,1580,1540
CASANARE,PAZ DE ARIPORO,5.779915281,-70.86947037,POINT (-70.86947037 5.779915281),NEW GRANADA ENERGY CORPORATION SUCURSAL COLOMBIA,LEONA,LEONA B,52,52,50,97,111,98,97,107,131,144,155,162
CASANARE,PAZ DE ARIPORO,5.779915281,-70.86947037,POINT (-70.86947037 5.779915281),NEW GRANADA ENERGY CORPORATION SUCURSAL COLOMBIA,LEONA,LEONA B NORTE,0,0,0,1,28,33,31,29,28,38,38,37
CASANARE,PAZ DE ARIPORO,5.779915281,-70.86947037,POINT (-70.86947037 5.779915281),NEW GRANADA ENERGY CORPORATION SUCURSAL COLOMBIA,LEONA,LEONA B SUR,78,75,75,76,69,66,70,73,71,71,66,60
CASANARE,PAZ DE ARIPORO,5.779915281,-70.86947037,POINT (-70.86947037 5.779915281),NEW GRANADA ENERGY CORPORATION SUCURSAL COLOMBIA,LEONA,LEONA C,31,30,25,25,25,24,24,25,28,28,26,27
CASANARE,PAZ DE ARIPORO,5.779915281,-70.86947037,POINT (-70.86947037 5.779915281),PAREX RESOURCES COLOMBIA LTD. SUCURSAL,LLA 40,BEGONIA,502,493,482,467,450,437,439,429,411,400,393,387
CASANARE,PAZ DE ARIPORO,5.779915281,-70.86947037,POINT (-70.86947037 5.779915281),PERENCO COLOMBIA LIMITED,CASANARE,CAÑO GARZA,156,151,162,160,150,126,63,0,179,188,157,163
CASANARE,PAZ DE ARIPORO,5.779915281,-70.86947037,POINT (-70.86947037 5.779915281),PERENCO COLOMBIA LIMITED,CASANARE,CAÑO GARZA ESTE,251,236,221,218,211,208,208,199,172,138,131,124
CASANARE,PAZ DE ARIPORO,5.779915281,-70.86947037,POINT (-70.86947037 5.779915281),PERENCO COLOMBIA LIMITED,CASANARE,CAÑO GARZA NORTE,189,162,0,1,75,41,65,178,237,232,233,232
CASANARE,PAZ DE ARIPORO,5.779915281,-70.86947037,POINT (-70.86947037 5.779915281),PERENCO COLOMBIA LIMITED,ESTERO,ABEJAS,178,189,189,189,196,190,191,189,200,199,187,157
CASANARE,PAZ DE ARIPORO,5.779915281,-70.86947037,POINT (-70.86947037 5.779915281),PERENCO COLOMBIA LIMITED,ESTERO,CHAPARRITO,355,328,305,319,233,281,253,228,278,283,266,273
CASANARE,PAZ DE ARIPORO,5.779915281,-70.86947037,POINT (-70.86947037 5.779915281),TABASCO OIL COMPANY LLC,JAGUEYES 3432-B,ANDALUZ,247,228,192,175,124,91,155,232,212,181,153,141
CASANARE,PENDIENTE CERTIFICADO IGAC,5.663194953,-71.92580806,POINT (-71.92580806 5.663194953),GEOPARK COLOMBIA S.A.S.,LLA 34,CHACHALACA,0,0,142,187,140,165,133,0,0,0,0,0
CASANARE,PENDIENTE CERTIFICADO IGAC,5.663194953,-71.92580806,POINT (-71.92580806 5.663194953),GEOPARK COLOMBIA S.A.S.,LLA 34,CHIRICOCA,953,946,944,946,948,951,1048,1434,1278,1169,1234,1228
CASANARE,PORE,5.663194953,-71.92580806,POINT (-71.92580806 5.663194953),GEOPARK COLOMBIA S.A.S.,YAMU,CARUPANA,286,288,293,291,285,282,282,244,234,243,205,164
CASANARE,PORE,5.663194953,-71.92580806,POINT (-71.92580806 5.663194953),GEOPARK COLOMBIA S.A.S.,YAMU,POTRILLO,87,87,87,86,81,77,77,74,73,68,72,74
CASANARE,PORE,5.663194953,-71.92580806,POINT (-71.92580806 5.663194953),PAREX RESOURCES COLOMBIA LTD. SUCURSAL,LLA 16,KONA,0,0,0,23,45,0,0,0,0,0,214,77
CASANARE,SAN LUIS DE PALENQUE,5.274955665,-71.81749276,POINT (-71.81749276 5.274955665),CARRAO ENERGY S.A. SUCURSAL COLOMIBA,LLA 23,LEONO,0,0,0,0,0,0,0,0,0,169,161,149
CASANARE,SAN LUIS DE PALENQUE,5.274955665,-71.81749276,POINT (-71.81749276 5.274955665),CARRAO ENERGY S.A. SUCURSAL COLOMIBA,LLA 23,PANTRO,0,0,0,0,0,0,0,0,0,3,2,2
CASANARE,SAN LUIS DE PALENQUE,5.274955665,-71.81749276,POINT (-71.81749276 5.274955665),CARRAO ENERGY S.A. SUCURSAL COLOMIBA,LLA 23,TIGRO,0,0,0,0,0,0,0,0,0,15,15,15
CASANARE,SAN LUIS DE PALENQUE,5.274955665,-71.81749276,POINT (-71.81749276 5.274955665),Frontera Energy Colombia Corp Sucursal Colombia,CASANARE ESTE,CURITO,222,135,170,209,232,225,193,169,145,135,133,134
CASANARE,SAN LUIS DE PALENQUE,5.274955665,-71.81749276,POINT (-71.81749276 5.274955665),Frontera Energy Colombia Corp Sucursal Colombia,CUBIRO,ARAUCO,73,74,64,56,58,59,63,62,57,54,56,62
CASANARE,SAN LUIS DE PALENQUE,5.274955665,-71.81749276,POINT (-71.81749276 5.274955665),Frontera Energy Colombia Corp Sucursal Colombia,CUBIRO,CARETO,230,206,182,184,185,190,199,203,194,180,188,196
CASANARE,SAN LUIS DE PALENQUE,5.274955665,-71.81749276,POINT (-71.81749276 5.274955665),Frontera Energy Colombia Corp Sucursal Colombia,CUBIRO,CERNÍCALO,0,0,0,0,0,8,29,0,0,0,0,0
CASANARE,SAN LUIS DE PALENQUE,5.274955665,-71.81749276,POINT (-71.81749276 5.274955665),Frontera Energy Colombia Corp Sucursal Colombia,CUBIRO,COPA,1943,32,432,2627,2198,2013,1885,1891,1992,2040,2011,2100
CASANARE,SAN LUIS DE PALENQUE,5.274955665,-71.81749276,POINT (-71.81749276 5.274955665),Frontera Energy Colombia Corp Sucursal Colombia,CUBIRO,COPA A NORTE,678,6,104,752,647,606,608,581,553,536,499,510
CASANARE,SAN LUIS DE PALENQUE,5.274955665,-71.81749276,POINT (-71.81749276 5.274955665),Frontera Energy Colombia Corp Sucursal Colombia,CUBIRO,COPA A SUR,85,12,6,91,93,87,84,81,77,75,73,71
CASANARE,SAN LUIS DE PALENQUE,5.274955665,-71.81749276,POINT (-71.81749276 5.274955665),Frontera Energy Colombia Corp Sucursal Colombia,CUBIRO,COPA B,185,0,19,216,213,181,206,242,223,228,214,209
CASANARE,SAN LUIS DE PALENQUE,5.274955665,-71.81749276,POINT (-71.81749276 5.274955665),Frontera Energy Colombia Corp Sucursal Colombia,CUBIRO,COPA C,50,2,7,228,214,196,203,185,183,164,161,159
CASANARE,SAN LUIS DE PALENQUE,5.274955665,-71.81749276,POINT (-71.81749276 5.274955665),Frontera Energy Colombia Corp Sucursal Colombia,CUBIRO,COPA D,556,31,68,601,561,569,515,475,477,485,487,464
CASANARE,SAN LUIS DE PALENQUE,5.274955665,-71.81749276,POINT (-71.81749276 5.274955665),Frontera Energy Colombia Corp Sucursal Colombia,CUBIRO,PETIRROJO SUR,27,25,27,28,29,28,29,30,31,30,30,27
CASANARE,SAN LUIS DE PALENQUE,5.274955665,-71.81749276,POINT (-71.81749276 5.274955665),Frontera Energy Colombia Corp Sucursal Colombia,CUBIRO,TIJERETO,54,14,5,55,51,48,25,0,0,0,0,0
CASANARE,SAN LUIS DE PALENQUE,5.274955665,-71.81749276,POINT (-71.81749276 5.274955665),PAREX RESOURCES COLOMBIA LTD. SUCURSAL,LLA 30,ADALIA,525,520,506,495,488,473,462,464,461,456,446,439
CASANARE,SAN LUIS DE PALENQUE,5.274955665,-71.81749276,POINT (-71.81749276 5.274955665),PAREX RESOURCES COLOMBIA LTD. SUCURSAL,LOS OCARROS,LAS MARACAS,828,843,739,651,520,443,374,359,534,483,463,434
CASANARE,SAN LUIS DE PALENQUE,5.274955665,-71.81749276,POINT (-71.81749276 5.274955665),PERENCO COLOMBIA LIMITED,CASANARE,BARQUEREÑA,216,210,205,208,204,197,205,202,202,198,208,207
CASANARE,SAN LUIS DE PALENQUE,5.274955665,-71.81749276,POINT (-71.81749276 5.274955665),PERENCO COLOMBIA LIMITED,CASANARE,CRAVO ESTE,209,133,109,53,84,87,88,94,43,309,553,545
CASANARE,SAN LUIS DE PALENQUE,5.274955665,-71.81749276,POINT (-71.81749276 5.274955665),PERENCO COLOMBIA LIMITED,CASANARE,LA FLORA,389,389,387,367,374,353,354,358,355,335,356,353
CASANARE,SAN LUIS DE PALENQUE,5.274955665,-71.81749276,POINT (-71.81749276 5.274955665),PERENCO COLOMBIA LIMITED,COROCORA,CAÑO GANDUL,209,204,203,182,182,174,175,178,174,170,168,181
CASANARE,SAN LUIS DE PALENQUE,5.274955665,-71.81749276,POINT (-71.81749276 5.274955665),PERENCO COLOMBIA LIMITED,COROCORA,REMACHE NORTE,466,475,509,491,488,368,319,359,349,333,258,245
CASANARE,SAN LUIS DE PALENQUE,5.274955665,-71.81749276,POINT (-71.81749276 5.274955665),PERENCO COLOMBIA LIMITED,COROCORA,REMACHE SUR,304,283,233,244,274,263,219,215,214,200,204,198
CASANARE,SAN LUIS DE PALENQUE,5.274955665,-71.81749276,POINT (-71.81749276 5.274955665),CNE OIL & GAS S.A.S.,LLA 23,LEONO,230,220,177,202,203,200,178,189,174,0,0,0
CASANARE,SAN LUIS DE PALENQUE,5.274955665,-71.81749276,POINT (-71.81749276 5.274955665),CNE OIL & GAS S.A.S.,LLA 23,PANTRO,2,3,2,2,2,2,5,3,1,0,0,0
CASANARE,SAN LUIS DE PALENQUE,5.274955665,-71.81749276,POINT (-71.81749276 5.274955665),CNE OIL & GAS S.A.S.,LLA 23,TIGRO,16,15,15,15,15,15,15,15,15,0,0,0
CASANARE,TAURAMENA,4.697463691,-72.62922436,POINT (-72.62922436 4.697463691),CEPSA COLOMBIA S.A.,GARIBAY,JILGUERO,384,211,188,208,192,194,181,184,212,207,205,209
CASANARE,TAURAMENA,4.697463691,-72.62922436,POINT (-72.62922436 4.697463691),CEPSA COLOMBIA S.A.,GARIBAY,MELERO,156,151,151,145,144,145,143,137,134,125,116,113
CASANARE,TAURAMENA,4.697463691,-72.62922436,POINT (-72.62922436 4.697463691),CEPSA COLOMBIA S.A.,TIPLE,JILGUERO SUR,418,415,387,351,313,288,268,275,490,519,450,388
CASANARE,TAURAMENA,4.697463691,-72.62922436,POINT (-72.62922436 4.697463691),ECOPETROL S.A.,RÍO CHITAMENA,CUSIANA,1530,1794,1836,1963,1782,1592,1517,1427,1350,1407,1464,1358
CASANARE,TAURAMENA,4.697463691,-72.62922436,POINT (-72.62922436 4.697463691),ECOPETROL S.A.,TAURAMENA,CUSIANA,2024,2137,2139,2193,1930,1776,1694,1518,1464,1386,1270,1162
CASANARE,TAURAMENA,4.697463691,-72.62922436,POINT (-72.62922436 4.697463691),Frontera Energy Colombia Corp Sucursal Colombia,CANAGUARO,Canaguay,293,309,296,282,60,262,51,131,362,407,343,314
CASANARE,TAURAMENA,4.697463691,-72.62922436,POINT (-72.62922436 4.697463691),Frontera Energy Colombia Corp Sucursal Colombia,LLA 25,ACORAZADO,0,0,0,0,0,0,0,0,42,0,0,0
CASANARE,TAURAMENA,4.697463691,-72.62922436,POINT (-72.62922436 4.697463691),GEOPARK COLOMBIA S.A.S.,LLA 34,ARUCO,166,0,0,0,0,0,0,0,0,0,0,0
CASANARE,TAURAMENA,4.697463691,-72.62922436,POINT (-72.62922436 4.697463691),GEOPARK COLOMBIA S.A.S.,LLA 34,CHACHALACA,0,0,0,0,0,0,0,115,108,103,104,97
CASANARE,TAURAMENA,4.697463691,-72.62922436,POINT (-72.62922436 4.697463691),GEOPARK COLOMBIA S.A.S.,LLA 34,MAX,493,482,478,469,459,457,459,443,345,373,360,352
CASANARE,TAURAMENA,4.697463691,-72.62922436,POINT (-72.62922436 4.697463691),GEOPARK COLOMBIA S.A.S.,LLA 34,TARO TARO,643,637,611,586,544,544,545,532,678,666,593,556
CASANARE,TAURAMENA,4.697463691,-72.62922436,POINT (-72.62922436 4.697463691),GEOPARK COLOMBIA S.A.S.,LLA 34,TIGANA,6759,7269,5939,7455,7384,5852,5356,6557,6293,6100,6457,6421
CASANARE,TAURAMENA,4.697463691,-72.62922436,POINT (-72.62922436 4.697463691),GEOPARK COLOMBIA S.A.S.,LLA 34,TIGANA NORTE,10796,11753,12362,13585,12820,11646,12652,12845,13000,13358,15106,16416
CASANARE,TAURAMENA,4.697463691,-72.62922436,POINT (-72.62922436 4.697463691),GEOPARK COLOMBIA S.A.S.,LLA 34,TIGANA SUR,6007,4533,4773,4533,6048,6455,5966,6011,6059,5681,5955,5847
CASANARE,TAURAMENA,4.697463691,-72.62922436,POINT (-72.62922436 4.697463691),GEOPARK COLOMBIA S.A.S.,LLA 34,TILO,531,514,499,496,485,477,479,467,462,442,447,429
CASANARE,TAURAMENA,4.697463691,-72.62922436,POINT (-72.62922436 4.697463691),VERANO ENERGY (BARBADOS) LIMITED,LLA 32,CALONA,990,963,400,1182,1265,1100,1360,1437,1425,1491,1569,491
CASANARE,TAURAMENA,4.697463691,-72.62922436,POINT (-72.62922436 4.697463691),VERANO ENERGY (BARBADOS) LIMITED,LLA 32,CARMENTEA,270,259,317,237,225,223,219,208,204,194,190,188
CASANARE,TAURAMENA,4.697463691,-72.62922436,POINT (-72.62922436 4.697463691),VERANO ENERGY (BARBADOS) LIMITED,LLA 32,KANANASKIS,80,94,129,67,68,97,69,67,69,66,68,290
CASANARE,TRINIDAD,5.354527091,-71.25479519,POINT (-71.25479519 5.354527091),Frontera Energy Colombia Corp Sucursal Colombia,CUBIRO,PETIRROJO,181,179,173,162,106,121,118,115,115,118,120,115
CASANARE,TRINIDAD,5.354527091,-71.25479519,POINT (-71.25479519 5.354527091),Frontera Energy Colombia Corp Sucursal Colombia,CUBIRO,YOPO,25,20,25,25,23,25,33,28,22,24,23,24
CASANARE,TRINIDAD,5.354527091,-71.25479519,POINT (-71.25479519 5.354527091),LEWIS ENERGY COLOMBIA INC,GUACHIRÍA,LOS ACEITES,127,121,117,117,102,85,97,112,100,73,78,99
CASANARE,TRINIDAD,5.354527091,-71.25479519,POINT (-71.25479519 5.354527091),LEWIS ENERGY COLOMBIA INC,GUACHIRÍA,PRIMAVERA,0,0,0,0,8,46,50,48,48,50,51,44
CASANARE,TRINIDAD,5.354527091,-71.25479519,POINT (-71.25479519 5.354527091),LEWIS ENERGY COLOMBIA INC,GUACHIRIA SUR,AGAVE,0,0,444,236,128,94,71,63,49,11,0,1
CASANARE,TRINIDAD,5.354527091,-71.25479519,POINT (-71.25479519 5.354527091),LEWIS ENERGY COLOMBIA INC,GUACHIRIA SUR,AZAFRÁN,565,523,509,509,484,479,457,450,460,486,557,668
CASANARE,TRINIDAD,5.354527091,-71.25479519,POINT (-71.25479519 5.354527091),LEWIS ENERGY COLOMBIA INC,GUACHIRIA SUR,TULIPÁN,290,283,270,244,240,238,226,216,208,205,204,193
CASANARE,TRINIDAD,5.354527091,-71.25479519,POINT (-71.25479519 5.354527091),PERENCO COLOMBIA LIMITED,COROCORA,COREN,1253,1192,1594,2173,2289,2273,2365,2374,2009,2014,1912,1889
CASANARE,TRINIDAD,5.354527091,-71.25479519,POINT (-71.25479519 5.354527091),PERENCO COLOMBIA LIMITED,COROCORA,COROCORA,393,337,388,439,868,1694,1325,1222,1155,1099,1043,963
CASANARE,TRINIDAD,5.354527091,-71.25479519,POINT (-71.25479519 5.354527091),PERENCO COLOMBIA LIMITED,COROCORA,CORSUR,105,87,99,95,101,99,97,96,93,87,84,78
CASANARE,TRINIDAD,5.354527091,-71.25479519,POINT (-71.25479519 5.354527091),PERENCO COLOMBIA LIMITED,ESTERO,TOROS,43,44,40,40,36,36,37,35,38,38,36,33
CASANARE,TRINIDAD,5.354527091,-71.25479519,POINT (-71.25479519 5.354527091),PERENCO COLOMBIA LIMITED,GARCERO,PALMARITO,243,232,250,275,272,275,270,261,291,304,300,298
CASANARE,TRINIDAD,5.354527091,-71.25479519,POINT (-71.25479519 5.354527091),PERENCO COLOMBIA LIMITED,GARCERO,SIRENAS,37,38,32,34,39,39,39,34,29,40,39,37
CASANARE,TRINIDAD,5.354527091,-71.25479519,POINT (-71.25479519 5.354527091),PERENCO COLOMBIA LIMITED,YALEA,TRINIDAD,630,682,687,674,692,635,615,593,550,516,531,536
CASANARE,VILLA NUEVA,4.528307719,-72.82314281,POINT (-72.82314281 4.528307719),Frontera Energy Colombia Corp Sucursal Colombia,CORCEL,CARUTO,335,334,345,334,331,339,340,337,321,331,321,314
CASANARE,VILLA NUEVA,4.528307719,-72.82314281,POINT (-72.82314281 4.528307719),GEOPARK COLOMBIA S.A.S.,LLA 34,CURUCUCÚ,681,634,613,559,439,344,398,354,336,318,290,298
CASANARE,VILLA NUEVA,4.528307719,-72.82314281,POINT (-72.82314281 4.528307719),GEOPARK COLOMBIA S.A.S.,LLA 34,JACAMAR,118,98,88,80,73,63,79,71,73,71,51,49
CASANARE,VILLA NUEVA,4.528307719,-72.82314281,POINT (-72.82314281 4.528307719),GEOPARK COLOMBIA S.A.S.,LLA 34,JACANA,20094,19247,19000,18977,18703,18275,19431,22264,22185,22822,23976,23915
CASANARE,VILLA NUEVA,4.528307719,-72.82314281,POINT (-72.82314281 4.528307719),GEOPARK COLOMBIA S.A.S.,LLA 34,TIGANA SUR,3140,5541,5834,5540,7392,7889,7292,7346,7405,6943,7279,7146
CASANARE,VILLA NUEVA,4.528307719,-72.82314281,POINT (-72.82314281 4.528307719),PAREX RESOURCES COLOMBIA LTD. SUCURSAL,CABRESTERO,AKIRA,1501,1333,1251,1268,1217,1314,1692,1757,1919,1826,1712,1004
CASANARE,VILLA NUEVA,4.528307719,-72.82314281,POINT (-72.82314281 4.528307719),PAREX RESOURCES COLOMBIA LTD. SUCURSAL,CABRESTERO,BACANO,2955,2963,2512,3127,3412,2651,3383,3374,4504,6939,6546,5725
CASANARE,YOPAL,5.242744761,-72.25802857,POINT (-72.25802857 5.242744761),CANACOL ENERGY COLOMBIA SAS,RANCHO HERMOSO ACUERDO PART CASANARE,RANCHO HERMOSO,442,437,418,442,425,579,589,514,575,577,555,540
CASANARE,YOPAL,5.242744761,-72.25802857,POINT (-72.25802857 5.242744761),ECOPETROL S.A.,RECETOR,PAUTO SUR RECETOR,236,664,676,687,668,678,667,679,660,644,582,586
CASANARE,YOPAL,5.242744761,-72.25802857,POINT (-72.25802857 5.242744761),ECOPETROL S.A.,RECETOR,VOLCANERA,30,88,86,87,80,81,70,65,75,84,74,79
CASANARE,YOPAL,5.242744761,-72.25802857,POINT (-72.25802857 5.242744761),EMERALD ENERGY PLC SUCURSAL COLOMBIA,CAMPO RICO,VIGIA,370,348,364,405,408,396,389,372,466,569,550,486
CASANARE,YOPAL,5.242744761,-72.25802857,POINT (-72.25802857 5.242744761),EQUION ENERGÍA LIMITED,PIEDEMONTE,FLOREÑA,5748,5897,5426,6312,6057,6321,6209,5949,5785,5582,4902,6019
CASANARE,YOPAL,5.242744761,-72.25802857,POINT (-72.25802857 5.242744761),EQUION ENERGÍA LIMITED,PIEDEMONTE,FLOREÑA MIRADOR,2567,2529,2431,2376,2638,2687,2559,2478,2496,2593,2436,2483
CASANARE,YOPAL,5.242744761,-72.25802857,POINT (-72.25802857 5.242744761),EQUION ENERGÍA LIMITED,PIEDEMONTE,PAUTO SUR,30367,30476,32788,31964,31743,31755,30560,29584,29893,30124,28720,28960
CASANARE,YOPAL,5.242744761,-72.25802857,POINT (-72.25802857 5.242744761),PERENCO COLOMBIA LIMITED,CASANARE,LA GLORIA NORTE,557,519,513,188,666,835,767,613,654,719,662,631
CASANARE,YOPAL,5.242744761,-72.25802857,POINT (-72.25802857 5.242744761),PERENCO COLOMBIA LIMITED,CASANARE,MORICHAL,289,290,287,283,270,268,258,257,250,94,213,226
CASANARE,YOPAL,5.242744761,-72.25802857,POINT (-72.25802857 5.242744761),PERENCO COLOMBIA LIMITED,CASANARE,TOCARIA,383,368,354,338,337,337,316,317,22,310,311,300
CASANARE,YOPAL,5.242744761,-72.25802857,POINT (-72.25802857 5.242744761),COLOMBIA ENERGY DEVELOPMENT CO,RIO VERDE,BORAL,267,256,251,239,244,235,228,220,208,232,227,220
CASANARE,YOPAL,5.242744761,-72.25802857,POINT (-72.25802857 5.242744761),COLOMBIA ENERGY DEVELOPMENT CO,RIO VERDE,MARSUPIAL,70,51,56,10,55,54,30,16,26,37,25,0
CASANARE,YOPAL,5.242744761,-72.25802857,POINT (-72.25802857 5.242744761),COLOMBIA ENERGY DEVELOPMENT CO,RIO VERDE,TILODIRÁN,1497,1374,1288,568,1097,1124,1052,1111,1373,1677,1965,1915
CAUCA,PIAMONTE,1.054128816,-76.4443271,POINT (-76.4443271 1.054128816),GRAN TIERRA ENERGY COLOMBIA LTD,GUAYUYACO,GUAYUYACO,546,539,546,535,517,510,488,481,490,476,466,453
CAUCA,PIAMONTE,1.054128816,-76.4443271,POINT (-76.4443271 1.054128816),GRAN TIERRA ENERGY COLOMBIA LTD,SANTANA,MARY,158,163,167,165,149,127,130,145,141,138,133,133
CAUCA,PIAMONTE,1.054128816,-76.4443271,POINT (-76.4443271 1.054128816),GRAN TIERRA ENERGY COLOMBIA LTD,SANTANA,MIRAFLOR,77,58,60,46,0,0,0,0,0,0,0,0
CESAR,AGUACHICA,8.248735219,-73.6227405,POINT (-73.6227405 8.248735219),CANACOL ENERGY COLOMBIA SAS,SANTA ISABEL,OSO PARDO,198,198,197,195,193,175,173,137,120,0,0,0
CESAR,AGUACHICA,8.248735219,-73.6227405,POINT (-73.6227405 8.248735219),CANACOL ENERGY COLOMBIA SAS,VMM 2,MONO ARAÑA,582,582,569,587,547,570,544,414,397,387,0,0
CESAR,AGUACHICA,8.248735219,-73.6227405,POINT (-73.6227405 8.248735219),CARRAO ENERGY S.A. SUCURSAL COLOMIBA,SANTA ISABEL,OSO PARDO,0,0,0,0,0,0,0,0,0,114,110,89
CESAR,AGUACHICA,8.248735219,-73.6227405,POINT (-73.6227405 8.248735219),CARRAO ENERGY S.A. SUCURSAL COLOMIBA,VMM 2,MONO ARAÑA,0,0,0,0,0,0,0,0,0,0,374,367
CESAR,AGUACHICA,8.248735219,-73.6227405,POINT (-73.6227405 8.248735219),ECOPETROL S.A.,LEBRIJA,DOÑA MARÍA,12,14,14,25,28,28,28,28,28,28,28,28
CESAR,AGUACHICA,8.248735219,-73.6227405,POINT (-73.6227405 8.248735219),LAGOSUR PETROLEUM COLOMBIA INC SUCURSAL COLOMBIA,BOLIVAR,CATALINA,0,0,0,0,0,0,0,0,0,0,0,2
CESAR,AGUACHICA,8.248735219,-73.6227405,POINT (-73.6227405 8.248735219),LEWIS ENERGY COLOMBIA INC,VMM 1,CARAMELO,7,3,13,13,12,7,13,6,12,12,3,0
CESAR,RIO DE ORO,8.201070245,-73.48750127,POINT (-73.48750127 8.201070245),EMERALD ENERGY PLC SUCURSAL COLOMBIA,FORTUNA,PIMIENTO,0,0,0,16,14,2,22,33,14,8,5,2
CESAR,RIO DE ORO,8.201070245,-73.48750127,POINT (-73.48750127 8.201070245),EMERALD ENERGY PLC SUCURSAL COLOMBIA,FORTUNA,SÍLFIDE,0,0,0,0,0,0,0,0,4,6,5,5
CESAR,RIO DE ORO,8.201070245,-73.48750127,POINT (-73.48750127 8.201070245),EMERALD ENERGY PLC SUCURSAL COLOMBIA,FORTUNA,TOTUMAL,8,20,15,27,35,27,23,27,22,23,21,26
CESAR,RIO DE ORO,8.201070245,-73.48750127,POINT (-73.48750127 8.201070245),PETROLEOS DEL NORTE S.A,TISQUIRAMA B,LOS ANGELES,800,749,659,662,791,724,679,719,686,680,670,0
CESAR,RIO DE ORO,8.201070245,-73.48750127,POINT (-73.48750127 8.201070245),PETROLEOS DEL NORTE S.A,TISQUIRAMA B,QUERUBÍN,77,78,73,82,130,115,87,33,34,35,19,0
CESAR,RIO DE ORO,8.201070245,-73.48750127,POINT (-73.48750127 8.201070245),PETROLEOS DEL NORTE S.A,TISQUIRAMA B,TRONOS,0,0,0,0,0,0,0,0,0,38,34,0
CESAR,RIO DE ORO,8.201070245,-73.48750127,POINT (-73.48750127 8.201070245),GRAN TIERRA ENERGY COLOMBIA LTD,MIDAS,CHUIRA,21,21,21,20,20,20,19,19,19,19,19,19
CESAR,RIO DE ORO,8.201070245,-73.48750127,POINT (-73.48750127 8.201070245),GRAN TIERRA ENERGY COLOMBIA LTD,MIDAS,AYOMBERO,0,0,127,183,275,236,198,222,96,85,118,203
CESAR,RIO DE ORO,8.201070245,-73.48750127,POINT (-73.48750127 8.201070245),GRAN TIERRA ENERGY COLOMBIA LTD,TISQUIRAMA B,LOS ANGELES,0,0,0,0,0,0,0,0,0,0,0,674
CESAR,RIO DE ORO,8.201070245,-73.48750127,POINT (-73.48750127 8.201070245),GRAN TIERRA ENERGY COLOMBIA LTD,TISQUIRAMA B,QUERUBÍN,0,0,0,0,0,0,0,0,0,0,0,34
CESAR,RIO DE ORO,8.201070245,-73.48750127,POINT (-73.48750127 8.201070245),GRAN TIERRA ENERGY COLOMBIA LTD,TISQUIRAMA B,TRONOS,0,0,0,0,0,0,0,0,0,0,0,32
CESAR,SAN ALBERTO,7.769815987,-73.47218888,POINT (-73.47218888 7.769815987),PETROLEOS DEL NORTE S.A,TISQUIRAMA-A,SANTA LUCÍA,0,0,0,0,0,0,0,0,0,0,0,73
CESAR,SAN MARTÍN,7.937788454,-73.54436312,POINT (-73.54436312 7.937788454),ECOPETROL S.A.,TISQUIRAMA-C,SAN ROQUE,1729,1787,1726,1667,1696,1738,1593,1541,1670,1816,1875,1850
CESAR,SAN MARTÍN,7.937788454,-73.54436312,POINT (-73.54436312 7.937788454),ECOPETROL S.A.,TISQUIRAMA-C,TISQUIRAMA,814,736,816,867,857,843,837,822,791,817,763,752
CESAR,SAN MARTÍN,7.937788454,-73.54436312,POINT (-73.54436312 7.937788454),GRAN TIERRA ENERGY COLOMBIA LTD,MIDAS,ACORDIONERO,16478,16462,17392,17948,17508,17866,17618,18770,20531,21234,22187,20827
CESAR,SAN MARTÍN,7.937788454,-73.54436312,POINT (-73.54436312 7.937788454),GRAN TIERRA ENERGY COLOMBIA LTD,MIDAS,ACORDIONERO-24,0,0,0,0,0,0,0,0,0,0,7,43
CESAR,SAN MARTÍN,7.937788454,-73.54436312,POINT (-73.54436312 7.937788454),GRAN TIERRA ENERGY COLOMBIA LTD,MIDAS,ZOE,0,0,5,6,0,4,0,5,2,2,0,4
CORDOBA,PUEBLO NUEVO,8.481339568,-75.40516154,POINT (-75.40516154 8.481339568),GEOPRODUCTION OIL AND GAS COMPANY OF COLOMBIA,ESPERANZA,NELSON,1,1,1,1,1,1,1,1,1,0,1,0
CORDOBA,PUEBLO NUEVO,8.481339568,-75.40516154,POINT (-75.40516154 8.481339568),HOCOL S.A.,VIM-8,ARRECIFE,0,0,0,0,0,0,0,0,0,0,0,0
CUNDINAMARCA,GUADUAS,5.173554764,-74.64014651,POINT (-74.64014651 5.173554764),ECOPETROL S.A.,VMM-32,BÚFALO,0,0,0,0,0,0,0,0,0,0,0,0
CUNDINAMARCA,GUADUAS,5.173554764,-74.64014651,POINT (-74.64014651 5.173554764),Frontera Energy Colombia Corp Sucursal Colombia,DINDAL,GUADUAS,151,145,147,146,144,146,145,145,145,143,139,138
CUNDINAMARCA,PULI,5.173554764,-74.64014651,POINT (-74.64014651 5.173554764),HOCOL S.A.,PULI,PULI,0,0,41,103,109,104,108,107,91,54,49,52
DEPARTAMENTO NN,MUNICIPIO NN,5.173554764,-74.64014651,POINT (-74.64014651 5.173554764),EMERALD ENERGY PLC SUCURSAL COLOMBIA,OMBU,CAPELLA,0,668,994,1576,1819,891,155,1712,2326,2518,2854,2816
HUILA,AIPE,3.243441923,-75.27670655,POINT (-75.27670655 3.243441923),ECOPETROL S.A.,PALERMO,BALCÓN,943,926,909,906,888,872,860,852,835,796,795,794
HUILA,AIPE,3.243441923,-75.27670655,POINT (-75.27670655 3.243441923),ECOPETROL S.A.,PIJAO-POTRERILLO,ARRAYÁN,446,445,453,437,421,402,380,361,360,353,606,1250
HUILA,AIPE,3.243441923,-75.27670655,POINT (-75.27670655 3.243441923),ECOPETROL S.A.,PIJAO-POTRERILLO,BRISAS,113,107,128,216,281,267,239,191,256,294,263,249
HUILA,AIPE,3.243441923,-75.27670655,POINT (-75.27670655 3.243441923),ECOPETROL S.A.,PIJAO-POTRERILLO,DINA CRETÁCEOS,363,426,676,791,795,705,662,617,668,1252,1829,1691
HUILA,AIPE,3.243441923,-75.27670655,POINT (-75.27670655 3.243441923),ECOPETROL S.A.,PIJAO-POTRERILLO,DINA NORTE,511,497,496,479,511,486,484,496,449,434,435,429
HUILA,AIPE,3.243441923,-75.27670655,POINT (-75.27670655 3.243441923),ECOPETROL S.A.,PIJAO-POTRERILLO,DINA TERCIARIOS,3705,3734,3724,3740,3599,3633,3553,3526,3412,3419,3334,3122
HUILA,AIPE,3.243441923,-75.27670655,POINT (-75.27670655 3.243441923),ECOPETROL S.A.,PIJAO-POTRERILLO,TEMPRANILLO,286,299,298,294,289,295,286,290,272,282,285,274
HUILA,AIPE,3.243441923,-75.27670655,POINT (-75.27670655 3.243441923),ECOPETROL S.A.,PIJAO-POTRERILLO,TEMPRANILLO NORTE,163,187,180,188,192,178,182,181,157,58,74,99
HUILA,AIPE,3.243441923,-75.27670655,POINT (-75.27670655 3.243441923),ECOPETROL S.A.,PIJAO-POTRERILLO,TENAY,424,426,389,216,250,191,270,191,191,189,182,175
HUILA,BARAYA,3.135423634,-74.95797796,POINT (-74.95797796 3.135423634),ECOPETROL S.A.,HUILA 35,ANDALUCIA,87,90,91,61,79,80,0,0,0,55,51,0
HUILA,BARAYA,3.135423634,-74.95797796,POINT (-74.95797796 3.135423634),HOCOL S.A.,HUILA 35,ANDALUCIA,0,0,0,0,0,0,80,63,62,0,0,43
HUILA,GARZON,2.172441496,-75.57131243,POINT (-75.57131243 2.172441496),EMERALD ENERGY PLC SUCURSAL COLOMBIA,MATAMBO,GIGANTE,58,83,59,11,8,11,101,178,187,155,179,175
HUILA,NEIVA,2.993360046,-75.27236232,POINT (-75.27236232 2.993360046),ECOPETROL S.A.,CAGUAN,ESPINO,13,15,15,14,14,12,11,12,13,11,9,15
HUILA,NEIVA,2.993360046,-75.27236232,POINT (-75.27236232 2.993360046),ECOPETROL S.A.,CAGUAN,RIO CEIBAS,812,917,912,807,834,973,933,978,1010,1048,1068,1095
HUILA,NEIVA,2.993360046,-75.27236232,POINT (-75.27236232 2.993360046),ECOPETROL S.A.,CAMPOS TELLO Y LA JAGUA,LA JAGUA,55,53,51,54,60,55,57,55,57,48,49,53
HUILA,NEIVA,2.993360046,-75.27236232,POINT (-75.27236232 2.993360046),ECOPETROL S.A.,CAMPOS TELLO Y LA JAGUA,TELLO,4802,4528,4480,4103,3935,4510,4383,4532,4314,4287,3960,4400
HUILA,NEIVA,2.993360046,-75.27236232,POINT (-75.27236232 2.993360046),ECOPETROL S.A.,PALERMO,SAN FRANCISCO,2789,2815,2878,2841,2806,2692,2802,2839,2731,2821,2792,2848
HUILA,NEIVA,2.993360046,-75.27236232,POINT (-75.27236232 2.993360046),ECOPETROL S.A.,PIJAO-POTRERILLO,CEBÚ,145,149,175,178,157,145,163,169,156,199,213,201
HUILA,NEIVA,2.993360046,-75.27236232,POINT (-75.27236232 2.993360046),ECOPETROL S.A.,PIJAO-POTRERILLO,PALOGRANDE,1169,1229,1261,1305,1190,1068,1081,1161,1143,1223,1189,1105
HUILA,NEIVA,2.993360046,-75.27236232,POINT (-75.27236232 2.993360046),ECOPETROL S.A.,PIJAO-POTRERILLO,PALOGRANDE HONDA,141,151,150,147,140,136,118,109,214,346,403,380
HUILA,NEIVA,2.993360046,-75.27236232,POINT (-75.27236232 2.993360046),ECOPETROL S.A.,PIJAO-POTRERILLO,PIJAO POTRERILLO,133,157,167,156,101,94,73,129,126,136,153,115
HUILA,PAICOL,2.40689827,-75.72803027,POINT (-75.72803027 2.40689827),HOCOL S.A.,RIO PAEZ,LA CAÑADA NORTE,1335,1196,1244,1215,1218,1185,1201,1176,1180,1158,1110,1186
HUILA,PALERMO,2.914491967,-75.44066118,POINT (-75.44066118 2.914491967),ECOPETROL S.A.,PALERMO,PALERMO,128,128,133,129,128,121,131,141,122,123,109,114
HUILA,PALERMO,2.914491967,-75.44066118,POINT (-75.44066118 2.914491967),ECOPETROL S.A.,PALERMO,SAN FRANCISCO,2041,2066,2021,1959,1916,1855,1699,1644,1660,1895,1837,1821
HUILA,PALERMO,2.914491967,-75.44066118,POINT (-75.44066118 2.914491967),ECOPETROL S.A.,SANTA CLARA,SANTA CLARA,618,695,707,712,714,693,672,639,617,633,558,526
HUILA,TESALIA,2.526855132,-75.68259642,POINT (-75.68259642 2.526855132),HOCOL S.A.,RIO PAEZ,LA HOCHA,872,889,853,798,813,775,734,772,772,727,678,685
HUILA,VILLAVIEJA,3.287057875,-75.13838292,POINT (-75.13838292 3.287057875),ECOPETROL S.A.,PIJAO-POTRERILLO,LOMA LARGA,489,476,445,469,420,365,342,396,401,338,390,384
HUILA,YAGUARA,2.646563339,-75.51592645,POINT (-75.51592645 2.646563339),ECOPETROL S.A.,HOBO,YAGUARA,2155,1903,1881,1848,1851,1835,1825,1832,1879,1942,2023,1937
MAGDALENA,ARIGUANI,9.834264955,-74.08460085,POINT (-74.08460085 9.834264955),PETROLEOS SUD AMERICANOS SUCURSAL COLOMBIA,EL DIFÍCIL,EL DIFÍCIL,132,147,140,176,165,157,149,143,137,146,155,158
MAGDALENA,SANTA ANA,9.503097215,-74.44419381,POINT (-74.44419381 9.503097215),Frontera Energy Colombia Corp Sucursal Colombia,E&P GUAMA,CAPURE,4,4,5,3,2,2,2,2,2,2,2,2
MAGDALENA,SANTA ANA,9.503097215,-74.44419381,POINT (-74.44419381 9.503097215),Frontera Energy Colombia Corp Sucursal Colombia,E&P GUAMA,COTORRA,1,2,3,1,1,0,0,0,1,2,1,1
MAGDALENA,SANTA ANA,9.503097215,-74.44419381,POINT (-74.44419381 9.503097215),Frontera Energy Colombia Corp Sucursal Colombia,E&P GUAMA,MANAMO,2,1,1,3,2,2,3,1,1,2,1,1
MAGDALENA,SANTA ANA,9.503097215,-74.44419381,POINT (-74.44419381 9.503097215),Frontera Energy Colombia Corp Sucursal Colombia,E&P GUAMA,PEDERNALITO,3,3,3,3,2,2,2,2,2,1,2,2
META,ACACIAS,3.943383008,-73.57135162,POINT (-73.57135162 3.943383008),ECOPETROL S.A.,CPO 9,AKACIAS,5799,4622,5992,6351,5906,5586,5366,5547,7215,8446,9774,12132
META,ACACIAS,3.943383008,-73.57135162,POINT (-73.57135162 3.943383008),ECOPETROL S.A.,CUBARRAL,CASTILLA NORTE,45211,33907,43925,42142,39403,42261,42903,42241,42622,44157,44721,42612
META,ACACIAS,3.943383008,-73.57135162,POINT (-73.57135162 3.943383008),ECOPETROL S.A.,CUBARRAL,CHICHIMENE,50442,36478,47342,50968,51836,49605,46081,48694,48391,49491,48908,48108
META,ACACIAS,3.943383008,-73.57135162,POINT (-73.57135162 3.943383008),ECOPETROL S.A.,CUBARRAL,CHICHIMENE SW,559,356,528,512,483,470,439,37,262,486,520,376
META,BARRANCA DE UPIA,4.519076127,-72.99548981,POINT (-72.99548981 4.519076127),Frontera Energy Colombia Corp Sucursal Colombia,CORCEL,CORCEL A,361,344,323,297,292,274,273,259,262,259,253,243
META,BARRANCA DE UPIA,4.519076127,-72.99548981,POINT (-72.99548981 4.519076127),Frontera Energy Colombia Corp Sucursal Colombia,CORCEL,CORCEL C,350,327,285,232,234,230,93,153,198,209,227,228
META,BARRANCA DE UPIA,4.519076127,-72.99548981,POINT (-72.99548981 4.519076127),Frontera Energy Colombia Corp Sucursal Colombia,CORCEL,ESPADARTE,113,108,101,103,102,102,89,85,79,82,87,76
META,CABUYARO,4.315244759,-72.95268896,POINT (-72.95268896 4.315244759),Frontera Energy Colombia Corp Sucursal Colombia,CORCEL,COBRA,296,293,288,287,289,285,235,222,223,227,226,223
META,CABUYARO,4.315244759,-72.95268896,POINT (-72.95268896 4.315244759),Frontera Energy Colombia Corp Sucursal Colombia,CORCEL,CORCEL D,376,353,353,347,341,340,200,111,297,297,306,304
META,CABUYARO,4.315244759,-72.95268896,POINT (-72.95268896 4.315244759),Frontera Energy Colombia Corp Sucursal Colombia,CORCEL,CORCEL E,362,360,356,206,0,0,9,304,313,314,310,305
META,CABUYARO,4.315244759,-72.95268896,POINT (-72.95268896 4.315244759),Frontera Energy Colombia Corp Sucursal Colombia,CORCEL,ESPADARTE,22,21,20,21,20,20,3,0,0,0,0,0
META,CABUYARO,4.315244759,-72.95268896,POINT (-72.95268896 4.315244759),Frontera Energy Colombia Corp Sucursal Colombia,GUATIQUIA,Alligator,44,0,775,0,0,0,0,0,0,0,0,0
META,CABUYARO,4.315244759,-72.95268896,POINT (-72.95268896 4.315244759),Frontera Energy Colombia Corp Sucursal Colombia,GUATIQUIA,ARDILLA,1781,2286,2097,1998,1997,2097,2505,2923,3131,2770,3170,3238
META,CABUYARO,4.315244759,-72.95268896,POINT (-72.95268896 4.315244759),Frontera Energy Colombia Corp Sucursal Colombia,GUATIQUIA,AVISPA,9353,8449,7728,7719,8836,7607,7053,6290,5335,6312,6531,5582
META,CABUYARO,4.315244759,-72.95268896,POINT (-72.95268896 4.315244759),Frontera Energy Colombia Corp Sucursal Colombia,GUATIQUIA,CANDELILLA,1677,1622,1560,1437,1120,1211,1692,1631,1509,1180,993,1535
META,CABUYARO,4.315244759,-72.95268896,POINT (-72.95268896 4.315244759),Frontera Energy Colombia Corp Sucursal Colombia,GUATIQUIA,CEIBO,1749,1713,1608,1471,1315,1309,1270,1159,1213,1151,991,998
META,CABUYARO,4.315244759,-72.95268896,POINT (-72.95268896 4.315244759),Frontera Energy Colombia Corp Sucursal Colombia,GUATIQUIA,Coralillo,0,0,0,156,408,690,920,877,850,904,1270,1679
META,CABUYARO,4.315244759,-72.95268896,POINT (-72.95268896 4.315244759),Frontera Energy Colombia Corp Sucursal Colombia,GUATIQUIA,YATAY,494,449,384,370,375,419,384,378,399,385,368,423
META,CABUYARO,4.315244759,-72.95268896,POINT (-72.95268896 4.315244759),ONGC VIDESH LIMITED SUCURSAL COLOMBIANA,CPO 5,INDICO,0,0,0,0,0,0,0,0,0,0,0,413
META,CABUYARO,4.315244759,-72.95268896,POINT (-72.95268896 4.315244759),ONGC VIDESH LIMITED SUCURSAL COLOMBIANA,CPO 5,MARIPOSA,3185,3208,3169,3193,2711,3193,3184,2997,3197,3082,3139,3132
META,CASTILLA NUEVA,3.805154089,-73.53886668,POINT (-73.53886668 3.805154089),ECOPETROL S.A.,CUBARRAL,CASTILLA,68858,64205,69338,67697,73905,72260,73550,73251,72461,71305,71035,72496
META,CASTILLA NUEVA,3.805154089,-73.53886668,POINT (-73.53886668 3.805154089),ECOPETROL S.A.,CUBARRAL,CASTILLA ESTE,376,365,362,322,367,264,264,232,270,291,276,340
META,CASTILLA NUEVA,3.805154089,-73.53886668,POINT (-73.53886668 3.805154089),ECOPETROL S.A.,CUBARRAL,CASTILLA NORTE,0,0,0,0,0,0,231,714,560,403,1323,2328
META,GUAMAL,3.947775585,-73.95983864,POINT (-73.95983864 3.947775585),ECOPETROL S.A.,CPO 9,AKACIAS,0,0,0,0,0,597,2283,2466,2529,2507,2526,2551
META,GUAMAL,3.947775585,-73.95983864,POINT (-73.95983864 3.947775585),ECOPETROL S.A.,CUBARRAL,CHICHIMENE,982,697,894,1304,1285,1466,1406,1500,1565,1685,1057,774
META,GUAMAL,3.947775585,-73.95983864,POINT (-73.95983864 3.947775585),ECOPETROL S.A.,CUBARRAL,CHICHIMENE SW,19340,13989,19062,19208,18815,17987,16873,15999,17310,18460,19364,19041
META,MUNICIPIO NN META,3.947775585,-73.95983864,POINT (-73.95983864 3.947775585),ECOPETROL S.A.,CPO 9,Lorito,62,0,204,165,0,0,0,0,0,0,0,0
META,MUNICIPIO NN META,3.947775585,-73.95983864,POINT (-73.95983864 3.947775585),Frontera Energy Colombia Corp Sucursal Colombia,GUATIQUIA,Alligator,0,0,0,0,1356,2004,2391,2573,2139,2374,2232,2663
META,PENDIENTE CERTIFICADO IGAC,3.947775585,-73.95983864,POINT (-73.95983864 3.947775585),TECPETROL COLOMBIA SAS,CPO 7,ATARRAYA OESTE,78,75,63,72,7,0,0,0,0,0,0,0
META,PUERTO GAITAN,4.005034467,-71.63157429,POINT (-71.63157429 4.005034467),CEPSA COLOMBIA S.A.,CARACARA,CARACARA SUR A,2970,2974,2924,3004,2969,2837,2549,2524,2457,2494,2574,2320
META,PUERTO GAITAN,4.005034467,-71.63157429,POINT (-71.63157429 4.005034467),CEPSA COLOMBIA S.A.,CARACARA,CARACARA SUR B Y C,1983,2181,2207,2119,1975,2083,2157,2203,2146,2050,1947,2016
META,PUERTO GAITAN,4.005034467,-71.63157429,POINT (-71.63157429 4.005034467),CEPSA COLOMBIA S.A.,CARACARA,ELIZITA,987,1112,1222,1159,1150,1161,1205,1110,1018,918,932,951
META,PUERTO GAITAN,4.005034467,-71.63157429,POINT (-71.63157429 4.005034467),CEPSA COLOMBIA S.A.,CARACARA,PEGUITA,2049,2001,1951,2036,2092,1976,1791,1852,1857,2075,1617,1730
META,PUERTO GAITAN,4.005034467,-71.63157429,POINT (-71.63157429 4.005034467),CEPSA COLOMBIA S.A.,CARACARA,PEGUITA II,960,841,837,857,802,746,802,772,706,748,653,651
META,PUERTO GAITAN,4.005034467,-71.63157429,POINT (-71.63157429 4.005034467),CEPSA COLOMBIA S.A.,CARACARA,PEGUITA III,2162,2158,1687,1858,1703,1570,1494,1392,1385,1285,1206,1216
META,PUERTO GAITAN,4.005034467,-71.63157429,POINT (-71.63157429 4.005034467),CEPSA COLOMBIA S.A.,CARACARA,PEGUITA SW,1509,1526,1514,1415,1464,1481,1359,1515,1409,1296,1561,1342
META,PUERTO GAITAN,4.005034467,-71.63157429,POINT (-71.63157429 4.005034467),CEPSA COLOMBIA S.A.,CARACARA,RANCHO QUEMADO,158,151,136,136,139,133,121,117,118,116,114,119
META,PUERTO GAITAN,4.005034467,-71.63157429,POINT (-71.63157429 4.005034467),CEPSA COLOMBIA S.A.,CARACARA,TORO SENTADO,182,173,159,161,164,163,175,168,167,159,163,159
META,PUERTO GAITAN,4.005034467,-71.63157429,POINT (-71.63157429 4.005034467),CEPSA COLOMBIA S.A.,CARACARA,TORO SENTADO NORTE,266,269,281,274,275,269,284,309,319,323,320,315
META,PUERTO GAITAN,4.005034467,-71.63157429,POINT (-71.63157429 4.005034467),CEPSA COLOMBIA S.A.,CARACARA,TORO SENTADO WEST,137,142,154,160,152,158,153,129,115,110,112,121
META,PUERTO GAITAN,4.005034467,-71.63157429,POINT (-71.63157429 4.005034467),CEPSA COLOMBIA S.A.,CARACARA,UNUMA,195,179,178,201,213,207,208,207,193,204,184,210
META,PUERTO GAITAN,4.005034467,-71.63157429,POINT (-71.63157429 4.005034467),ECOPETROL S.A.,CAÑO SUR,CAÑO SUR ESTE,2569,2886,2951,3143,3353,3267,3288,3251,3237,3235,3269,3485
META,PUERTO GAITAN,4.005034467,-71.63157429,POINT (-71.63157429 4.005034467),ECOPETROL S.A.,RUBIALES,RUBIALES,117480,114458,111204,116218,118495,121107,122102,123536,121785,123125,121541,122560
META,PUERTO GAITAN,4.005034467,-71.63157429,POINT (-71.63157429 4.005034467),Frontera Energy Colombia Corp Sucursal Colombia,CPE-6,HAMACA,1268,1146,949,968,909,903,872,859,801,858,937,1007
META,PUERTO GAITAN,4.005034467,-71.63157429,POINT (-71.63157429 4.005034467),Frontera Energy Colombia Corp Sucursal Colombia,E&P SABANERO METAPETROLEUM,SABANERO,0,0,0,0,113,275,285,465,643,890,1065,1074
META,PUERTO GAITAN,4.005034467,-71.63157429,POINT (-71.63157429 4.005034467),Frontera Energy Colombia Corp Sucursal Colombia,QUIFA,AMBAR,1363,1355,1374,1587,1461,1351,1447,1577,1618,1660,1959,0
META,PUERTO GAITAN,4.005034467,-71.63157429,POINT (-71.63157429 4.005034467),Frontera Energy Colombia Corp Sucursal Colombia,QUIFA,CAJUA,0,0,0,0,0,0,0,0,0,0,0,2732
META,PUERTO GAITAN,4.005034467,-71.63157429,POINT (-71.63157429 4.005034467),Frontera Energy Colombia Corp Sucursal Colombia,QUIFA,JASPE,0,76,0,0,0,0,0,0,0,0,94,79
META,PUERTO GAITAN,4.005034467,-71.63157429,POINT (-71.63157429 4.005034467),Frontera Energy Colombia Corp Sucursal Colombia,QUIFA,OPALO,856,850,853,884,811,765,687,655,647,540,572,0
META,PUERTO GAITAN,4.005034467,-71.63157429,POINT (-71.63157429 4.005034467),Frontera Energy Colombia Corp Sucursal Colombia,QUIFA,QUIFA,44238,44666,44572,43312,42408,43766,43485,42924,44251,43768,44583,44613
META,PUERTO GAITAN,4.005034467,-71.63157429,POINT (-71.63157429 4.005034467),HOCOL S.A.,GUARROJO,GUARROJO,704,643,663,613,616,807,868,855,809,792,796,826
META,PUERTO GAITAN,4.005034467,-71.63157429,POINT (-71.63157429 4.005034467),HOCOL S.A.,GUARROJO,OCELOTE,10218,10133,9832,9680,9476,9158,8942,9455,9463,9316,9483,9323
META,PUERTO GAITAN,4.005034467,-71.63157429,POINT (-71.63157429 4.005034467),HOCOL S.A.,GUARROJO,PINTADO,1755,1682,1725,1680,1600,1513,1527,1444,1486,1462,1417,1474
META,PUERTO GAITAN,4.005034467,-71.63157429,POINT (-71.63157429 4.005034467),NEW GRANADA ENERGY CORPORATION SUCURSAL COLOMBIA,CABIONA,CABIONA,781,773,757,751,741,733,736,738,721,713,705,699
META,PUERTO GAITAN,4.005034467,-71.63157429,POINT (-71.63157429 4.005034467),TECPETROL COLOMBIA SAS,CPO 13,La Pluma,110,0,0,0,0,0,0,0,0,0,0,0
META,PUERTO GAITAN,4.005034467,-71.63157429,POINT (-71.63157429 4.005034467),TECPETROL COLOMBIA SAS,CPO 13,PENDARE,2454,2424,2239,2108,2057,1988,1922,1668,1702,1690,1710,1538
META,PUERTO GAITAN,4.005034467,-71.63157429,POINT (-71.63157429 4.005034467),TECPETROL COLOMBIA SAS,CPO 13,Pendare Norte,18,19,0,0,0,0,0,0,0,0,0,0
META,PUERTO GAITAN,4.005034467,-71.63157429,POINT (-71.63157429 4.005034467),TECPETROL COLOMBIA SAS,CPO 13,TILLAVA SUR,0,0,3,0,0,0,0,0,0,0,0,0
META,PUERTO GAITAN,4.005034467,-71.63157429,POINT (-71.63157429 4.005034467),TECPETROL COLOMBIA SAS,CPO 7,ATARRAYA,361,356,345,338,322,322,312,310,290,302,306,298
META,PUERTO GAITAN,4.005034467,-71.63157429,POINT (-71.63157429 4.005034467),TECPETROL COLOMBIA SAS,CPO 7,ATARRAYA OESTE,0,0,0,0,0,0,7,24,0,0,0,0
META,PUERTO LOPEZ,4.014298921,-72.64570499,POINT (-72.64570499 4.014298921),HUPECOL OPERATING CO LLC,LLA 58,LLANOS-58-4,2171,2074,1968,1899,1849,1611,1709,1633,1607,1508,1430,1353
META,PUERTO LOPEZ,4.014298921,-72.64570499,POINT (-72.64570499 4.014298921),Iberoamericana de Hidrocarburos CQ Exploración y Producción S.A.S.,VALDIVIA/ALMAGRO IH,ALMAGRO,241,251,301,407,532,528,584,567,547,558,549,554
META,PUERTO LOPEZ,4.014298921,-72.64570499,POINT (-72.64570499 4.014298921),Iberoamericana de Hidrocarburos CQ Exploración y Producción S.A.S.,VALDIVIA/ALMAGRO IH,VALDIVIA ALMAGRO,226,223,222,179,220,294,323,322,332,319,309,324
META,SAN CAARLOS GUAROA,3.84761678,-73.27583401,POINT (-73.27583401 3.84761678),ECOPETROL S.A.,CPO 10,CUSUCO,0,0,0,0,7,0,0,0,0,0,0,0
META,SAN CAARLOS GUAROA,3.84761678,-73.27583401,POINT (-73.27583401 3.84761678),ECOPETROL S.A.,CPO 10,GUAINIZ,0,0,0,0,11,0,0,0,0,0,0,0
META,SAN CAARLOS GUAROA,3.84761678,-73.27583401,POINT (-73.27583401 3.84761678),ECOPETROL S.A.,CPO 10,PASTINACA,0,0,0,0,0,0,0,0,0,0,0,0
META,SAN MARTÍN,3.515860962,-72.65672742,POINT (-72.65672742 3.515860962),HUPECOL OPERATING CO LLC,CPO 11,VENUS,45,138,157,92,0,0,0,0,0,0,0,0
META,SAN MARTÍN,3.515860962,-72.65672742,POINT (-72.65672742 3.515860962),HOCOL S.A.,LLA 65,BONIFACIO,45,4,0,0,0,0,0,0,0,0,0,0
META,VILLAVICENCIO,4.09166877,-73.49291595,POINT (-73.49291595 4.09166877),ECOPETROL S.A.,APIAY,APIAY,3488,3407,3198,3327,3239,3615,3602,3900,4037,4041,3594,4165
META,VILLAVICENCIO,4.09166877,-73.49291595,POINT (-73.49291595 4.09166877),ECOPETROL S.A.,APIAY,APIAY ESTE,429,483,439,342,317,323,309,227,149,196,244,292
META,VILLAVICENCIO,4.09166877,-73.49291595,POINT (-73.49291595 4.09166877),ECOPETROL S.A.,APIAY,AUSTRAL,76,93,100,17,45,18,0,0,67,315,335,673
META,VILLAVICENCIO,4.09166877,-73.49291595,POINT (-73.49291595 4.09166877),ECOPETROL S.A.,APIAY,GAVAN,1541,1677,1430,1378,1322,1347,1227,1111,1119,950,908,935
META,VILLAVICENCIO,4.09166877,-73.49291595,POINT (-73.49291595 4.09166877),ECOPETROL S.A.,APIAY,GUATIQUIA,2859,2814,2482,2180,2580,2652,2199,2268,2101,2099,2375,2434
META,VILLAVICENCIO,4.09166877,-73.49291595,POINT (-73.49291595 4.09166877),ECOPETROL S.A.,APIAY,GUAYURIBA,0,0,0,0,0,15,87,21,18,20,15,14
META,VILLAVICENCIO,4.09166877,-73.49291595,POINT (-73.49291595 4.09166877),ECOPETROL S.A.,APIAY,LIBERTAD NORTE,135,106,130,96,75,76,67,166,70,84,242,210
META,VILLAVICENCIO,4.09166877,-73.49291595,POINT (-73.49291595 4.09166877),ECOPETROL S.A.,APIAY,POMPEYA,5,4,3,2,0,0,2,6,5,4,5,7
META,VILLAVICENCIO,4.09166877,-73.49291595,POINT (-73.49291595 4.09166877),ECOPETROL S.A.,APIAY,SAURIO,0,0,0,0,0,0,188,130,311,7,0,0
META,VILLAVICENCIO,4.09166877,-73.49291595,POINT (-73.49291595 4.09166877),ECOPETROL S.A.,APIAY,SURIA,2724,2819,2516,2312,2138,2053,2050,2259,1863,2503,2161,2159
META,VILLAVICENCIO,4.09166877,-73.49291595,POINT (-73.49291595 4.09166877),ECOPETROL S.A.,APIAY,SURIA SUR,1304,1146,1386,1865,1798,1733,1648,1648,1375,1844,1743,1734
META,VILLAVICENCIO,4.09166877,-73.49291595,POINT (-73.49291595 4.09166877),ECOPETROL S.A.,APIAY,TANANE,133,139,145,188,73,234,248,189,168,143,21,146
NARIÑO,IPIALES,0.497708465,-77.24047625,POINT (-77.24047625 0.497708465),ECOPETROL S.A.,ORITO,SUCUMBIOS,274,259,257,260,257,240,234,286,277,264,249,232
NORTE DE SANTANDER,CUCUTA,8.112041811,-72.48862641,POINT (-72.48862641 8.112041811),Iberoamericana de Hidrocarburos CQ Exploración y Producción S.A.S.,RIO ZULIA,RIO ZULIA,294,396,429,424,412,398,383,337,390,366,348,349
NORTE DE SANTANDER,LA ESPERANZA,7.695233593,-73.36139672,POINT (-73.36139672 7.695233593),ECOPETROL S.A.,PAVAS,PAVAS CACHIRA,43,32,32,31,54,53,52,52,53,52,52,54
NORTE DE SANTANDER,SARDINATA,8.215080767,-72.79580961,POINT (-72.79580961 8.215080767),WATTLE PETROLEUM COMPANY S.A.S,CARBONERA,CERRO GORDO,2,0,0,0,1,0,0,1,0,0,0,0
NORTE DE SANTANDER,TIBU,8.713507237,-72.79925855,POINT (-72.79925855 8.713507237),ECOPETROL S.A.,TIBU,SARDINATA,185,181,175,146,149,167,173,166,156,138,138,136
NORTE DE SANTANDER,TIBU,8.713507237,-72.79925855,POINT (-72.79925855 8.713507237),ECOPETROL S.A.,TIBU,TIBÚ,2428,2424,2400,2334,2295,2300,2297,2171,2129,2099,1813,1754
PUTUMAYO,MOCOA,1.26070915,-76.66584349,POINT (-76.66584349 1.26070915),GRAN TIERRA ENERGY COLOMBIA LTD,CHAZA,MOQUETA,4010,3830,3777,3838,3919,3862,3481,3232,3552,3351,3182,3600
PUTUMAYO,MOCOA,1.26070915,-76.66584349,POINT (-76.66584349 1.26070915),GRAN TIERRA ENERGY COLOMBIA LTD,SANTANA,TOROYACO,112,115,139,132,128,114,113,130,127,221,243,248
PUTUMAYO,ORITO,0.673756323,-76.94313923,POINT (-76.94313923 0.673756323),ECOPETROL S.A.,ORITO,CARIBE,637,620,667,617,846,866,1134,1292,1374,1389,1406,1373
PUTUMAYO,ORITO,0.673756323,-76.94313923,POINT (-76.94313923 0.673756323),ECOPETROL S.A.,ORITO,CHURUYACO,298,343,258,235,247,74,159,258,264,217,81,183
PUTUMAYO,ORITO,0.673756323,-76.94313923,POINT (-76.94313923 0.673756323),ECOPETROL S.A.,ORITO,ORITO,2568,2434,2417,2456,2451,2289,2246,2234,2111,2106,2085,2183
PUTUMAYO,ORITO,0.673756323,-76.94313923,POINT (-76.94313923 0.673756323),ECOPETROL S.A.,ORITO,SAN ANTONIO,106,141,185,203,198,205,209,162,182,130,117,107
PUTUMAYO,ORITO,0.673756323,-76.94313923,POINT (-76.94313923 0.673756323),ECOPETROL S.A.,ORITO,SUCIO,0,0,0,1,10,18,59,70,77,85,61,62
PUTUMAYO,ORITO,0.673756323,-76.94313923,POINT (-76.94313923 0.673756323),GRAN TIERRA ENERGY COLOMBIA LTD,NANCY-BURDINE-MAXINE,NANCY,220,281,326,421,338,316,281,243,179,147,145,201
PUTUMAYO,PUERTO ASIS,0.433884539,-76.52158203,POINT (-76.52158203 0.433884539),ECOPETROL S.A.,ORITO,QUILILI,256,240,217,220,221,232,227,220,216,123,0,0
PUTUMAYO,PUERTO ASIS,0.433884539,-76.52158203,POINT (-76.52158203 0.433884539),GRAN TIERRA ENERGY COLOMBIA LTD,PUT-7,CUMPLIDOR,1021,878,612,796,839,785,922,899,744,426,538,859
PUTUMAYO,PUERTO ASIS,0.433884539,-76.52158203,POINT (-76.52158203 0.433884539),VETRA EXPLORACION Y PRODUCCION COLOMBIA S.A.S.,SURORIENTE,COHEMBI,6262,6167,6317,6250,5961,6483,6863,6064,5196,6047,6013,5768
PUTUMAYO,PUERTO ASIS,0.433884539,-76.52158203,POINT (-76.52158203 0.433884539),VETRA EXPLORACION Y PRODUCCION COLOMBIA S.A.S.,SURORIENTE,QUILLACINGA,783,756,811,966,1055,990,1028,927,729,886,826,489
PUTUMAYO,PUERTO ASIS,0.433884539,-76.52158203,POINT (-76.52158203 0.433884539),VETRA EXPLORACION Y PRODUCCION COLOMBIA S.A.S.,SURORIENTE,QUINDE,721,681,654,540,505,456,739,682,617,568,533,492
PUTUMAYO,PUERTO ASIS,0.433884539,-76.52158203,POINT (-76.52158203 0.433884539),AMERISUR EXPLORACION COLOMBIA LTD,PLATANILLO,PLATANILLO,5882,5787,5526,4836,3996,4181,3909,4024,4011,3877,3718,3272
PUTUMAYO,PUERTO CAICEDO,0.70416861,-76.49864415,POINT (-76.49864415 0.70416861),ECOPETROL S.A.,ORITO,MANSOYA,321,353,332,309,199,212,216,68,372,407,362,361
PUTUMAYO,PUERTO CAICEDO,0.70416861,-76.49864415,POINT (-76.49864415 0.70416861),ECOPETROL S.A.,ORITO,YURILLA,0,48,0,23,198,193,201,3,1,87,125,107
PUTUMAYO,SAN MIGUEL,0.272449048,-76.84510459,POINT (-76.84510459 0.272449048),ECOPETROL S.A.,ORITO,ACAE SAN MIGUEL,1461,1442,1573,1631,1696,1689,1640,1484,1471,1527,1493,1334
PUTUMAYO,SAN MIGUEL,0.272449048,-76.84510459,POINT (-76.84510459 0.272449048),ECOPETROL S.A.,ORITO,LORO,615,506,446,393,562,418,414,545,406,311,297,268
PUTUMAYO,VALLE DEL GUAMUEZ,0.42012589,-76.77067026,POINT (-76.77067026 0.42012589),ECOPETROL S.A.,ORITO,HORMIGA,14,11,17,4,9,7,58,50,43,33,35,29
PUTUMAYO,VALLE DEL GUAMUEZ,0.42012589,-76.77067026,POINT (-76.77067026 0.42012589),ECOPETROL S.A.,ORITO,LORO,499,400,391,339,0,409,430,468,493,467,459,458
PUTUMAYO,VALLE DEL GUAMUEZ,0.42012589,-76.77067026,POINT (-76.77067026 0.42012589),GRAN TIERRA ENERGY COLOMBIA LTD,PUT-7,POMORROSO,0,0,0,0,0,0,0,0,0,0,0,265
PUTUMAYO,VILLAGARZON,0.911149515,-76.74495447,POINT (-76.74495447 0.911149515),EMERALD ENERGY PLC SUCURSAL COLOMBIA,MARANTA,AGAPANTO,0,0,0,0,0,0,0,0,205,274,257,244
PUTUMAYO,VILLAGARZON,0.911149515,-76.74495447,POINT (-76.74495447 0.911149515),EMERALD ENERGY PLC SUCURSAL COLOMBIA,MARANTA,MIRTO,0,0,0,0,0,48,410,482,432,398,370,343
PUTUMAYO,VILLAGARZON,0.911149515,-76.74495447,POINT (-76.74495447 0.911149515),GRAN TIERRA ENERGY COLOMBIA LTD,CHAZA,COSTAYACO,8451,7718,7902,7326,7026,8836,8309,8679,8053,7808,7924,7821
PUTUMAYO,VILLAGARZON,0.911149515,-76.74495447,POINT (-76.74495447 0.911149515),GRAN TIERRA ENERGY COLOMBIA LTD,GUAYUYACO,JUANAMBU,290,368,401,407,403,395,331,356,326,315,401,431
PUTUMAYO,VILLAGARZON,0.911149515,-76.74495447,POINT (-76.74495447 0.911149515),GRAN TIERRA ENERGY COLOMBIA LTD,PUT 1,VONU,1974,1868,1705,1491,1216,1140,1136,939,238,243,440,383
SANTANDER,BARRANCABERMEJA,7.054074558,-73.78211646,POINT (-73.78211646 7.054074558),ECOPETROL S.A.,DE MARES,GALA,907,1075,1330,1228,1266,1402,0,0,0,0,0,0
SANTANDER,BARRANCABERMEJA,7.054074558,-73.78211646,POINT (-73.78211646 7.054074558),ECOPETROL S.A.,DE MARES,GALÁN,551,666,741,718,740,759,0,0,0,0,0,0
SANTANDER,BARRANCABERMEJA,7.054074558,-73.78211646,POINT (-73.78211646 7.054074558),ECOPETROL S.A.,DE MARES,LLANITO,1778,1904,1767,1679,1706,1820,0,0,0,0,0,0
SANTANDER,BARRANCABERMEJA,7.054074558,-73.78211646,POINT (-73.78211646 7.054074558),ECOPETROL S.A.,LA CIRA INFANTAS,INFANTAS,13713,13267,13130,12952,14035,14087,13109,13170,13231,13309,13566,13584
SANTANDER,BARRANCABERMEJA,7.054074558,-73.78211646,POINT (-73.78211646 7.054074558),ECOPETROL S.A.,LA CIRA INFANTAS,LA CIRA,30895,31173,32287,31516,31638,31785,32755,32654,31913,31599,31726,31321
SANTANDER,BARRANCABERMEJA,7.054074558,-73.78211646,POINT (-73.78211646 7.054074558),ECOPETROL S.A.,MAGDALENA MEDIO,LLANITO UNIFICADO,0,0,0,0,0,0,4106,4077,4071,4268,4092,3973
SANTANDER,BOLIVAR,6.181715586,-73.92065703,POINT (-73.92065703 6.181715586),LAS QUINCHAS RESOURCE CORP SURCURSAL COLOMBIA,LAS QUINCHAS,BAÚL,0,0,0,0,0,12,11,23,21,17,7,1
SANTANDER,CIMITARRA,6.40972961,-74.17030427,POINT (-74.17030427 6.40972961),COMPAÑIA OPERADORA PETROCOLOMBIA S.A.S - COPP,OPÓN,LILIA,0,0,0,0,0,7,19,52,37,16,1,1
SANTANDER,CIMITARRA,6.40972961,-74.17030427,POINT (-74.17030427 6.40972961),COMPAÑIA OPERADORA PETROCOLOMBIA S.A.S - COPP,OPÓN,OPÓN,24,23,26,24,19,17,20,19,18,32,34,28
SANTANDER,CIMITARRA,6.40972961,-74.17030427,POINT (-74.17030427 6.40972961),LAS QUINCHAS RESOURCE CORP SURCURSAL COLOMBIA,LAS QUINCHAS,ACACIA ESTE,0,0,0,0,0,5,5,5,6,5,10,4
SANTANDER,EL CARMEN DE CHUCURI,6.664260002,-73.56475288,POINT (-73.56475288 6.664260002),ECOPETROL S.A.,DE MARES,SAN LUIS,45,49,49,41,52,51,50,51,51,50,53,53
SANTANDER,MUNICIPIO NN SANTANDER,6.664260002,-73.56475288,POINT (-73.56475288 6.664260002),ECOPETROL S.A.,TOCA,TOCA,34,33,33,34,34,33,34,34,34,34,33,34
SANTANDER,PUERTO WILCHES,7.398198257,-73.8354696,POINT (-73.8354696 7.398198257),ECOPETROL S.A.,MAGDALENA MEDIO,GARZAS,0,0,0,0,0,0,77,177,299,320,326,332
SANTANDER,PUERTO WILCHES,7.398198257,-73.8354696,POINT (-73.8354696 7.398198257),ECOPETROL S.A.,MAGDALENA MEDIO,YARIGUÍ-CANTAGALLO,4728,4664,4903,5211,4815,4566,4783,4588,4395,4661,4788,4846
SANTANDER,RIONEGRO,7.474226085,-73.37246417,POINT (-73.37246417 7.474226085),ECOPETROL S.A.,PROVINCIA P NORTE,BONANZA,1906,1880,1838,1893,1811,1770,1789,1771,1838,1831,1749,1698
SANTANDER,RIONEGRO,7.474226085,-73.37246417,POINT (-73.37246417 7.474226085),GRAN TIERRA ENERGY COLOMBIA LTD,LA PALOMA,COLÓN,236,233,232,184,226,225,224,221,216,223,222,224
SANTANDER,RIONEGRO,7.474226085,-73.37246417,POINT (-73.37246417 7.474226085),GRAN TIERRA ENERGY COLOMBIA LTD,LA PALOMA,JUGLAR,168,166,178,107,172,171,79,0,0,0,293,366
SANTANDER,SABANA DE TORRES,7.4065422,-73.57131807,POINT (-73.57131807 7.4065422),ECOPETROL S.A.,MAGDALENA MEDIO,CRISTALINA,118,120,80,0,0,0,0,0,0,0,0,0
SANTANDER,SABANA DE TORRES,7.4065422,-73.57131807,POINT (-73.57131807 7.4065422),ECOPETROL S.A.,PLAYON,AULLADOR,407,393,380,383,395,389,387,376,363,350,306,268
SANTANDER,SABANA DE TORRES,7.4065422,-73.57131807,POINT (-73.57131807 7.4065422),ECOPETROL S.A.,PROVINCIA P SUR,PROVINCIA,2575,2530,2301,2434,2689,2745,2384,2530,2800,2408,2722,2589
SANTANDER,SABANA DE TORRES,7.4065422,-73.57131807,POINT (-73.57131807 7.4065422),PETROSANTANDER (COLOMBIA) INC.,CARARE LAS MONAS,CORAZÓN,32,30,33,34,54,43,43,33,28,31,36,41
SANTANDER,SABANA DE TORRES,7.4065422,-73.57131807,POINT (-73.57131807 7.4065422),PETROSANTANDER (COLOMBIA) INC.,CARARE LAS MONAS,CORAZÓN WEST,186,230,200,162,133,163,204,189,152,190,196,194
SANTANDER,SABANA DE TORRES,7.4065422,-73.57131807,POINT (-73.57131807 7.4065422),PETROSANTANDER (COLOMBIA) INC.,CARARE LAS MONAS,PAYOA,552,513,502,504,607,562,558,550,594,547,522,548
SANTANDER,SABANA DE TORRES,7.4065422,-73.57131807,POINT (-73.57131807 7.4065422),PETROSANTANDER (COLOMBIA) INC.,CARARE LAS MONAS,PAYOA WEST,7,6,5,6,6,5,5,6,7,6,7,7
SANTANDER,SABANA DE TORRES,7.4065422,-73.57131807,POINT (-73.57131807 7.4065422),PETROSANTANDER (COLOMBIA) INC.,CARARE LAS MONAS,SALINA,1018,1136,1183,1117,1032,1056,1086,1040,1040,1014,1050,1111
SANTANDER,SABANA DE TORRES,7.4065422,-73.57131807,POINT (-73.57131807 7.4065422),PETROSANTANDER (COLOMBIA) INC.,EL PIÑAL,LIEBRE,38,55,38,35,33,35,17,0,0,0,0,0
SANTANDER,SAN VICENTE DE CHUCURI,6.894292346,-73.53900334,POINT (-73.53900334 6.894292346),ECOPETROL S.A.,Convenio de Explotación Lisama-Nutria,LISAMA-NORTE,21,20,23,22,22,11,0,0,0,0,0,0
SANTANDER,SAN VICENTE DE CHUCURI,6.894292346,-73.53900334,POINT (-73.53900334 6.894292346),ECOPETROL S.A.,DE MARES,COLORADO,149,171,147,141,121,108,91,83,105,84,109,107
SANTANDER,SAN VICENTE DE CHUCURI,6.894292346,-73.53900334,POINT (-73.53900334 6.894292346),ECOPETROL S.A.,DE MARES,COYOTE,11,0,34,16,9,0,0,8,15,0,0,0
SANTANDER,SAN VICENTE DE CHUCURI,6.894292346,-73.53900334,POINT (-73.53900334 6.894292346),ECOPETROL S.A.,DE MARES,LISAMA,970,962,901,659,809,845,877,855,855,864,900,852
SANTANDER,SAN VICENTE DE CHUCURI,6.894292346,-73.53900334,POINT (-73.53900334 6.894292346),ECOPETROL S.A.,DE MARES,LISAMA PROFUNDO,0,0,1148,0,0,0,0,0,0,0,0,0
SANTANDER,SAN VICENTE DE CHUCURI,6.894292346,-73.53900334,POINT (-73.53900334 6.894292346),ECOPETROL S.A.,DE MARES,NUTRIA,1164,1136,1200,1167,1262,1146,1086,1114,1172,1171,1200,1182
SANTANDER,SAN VICENTE DE CHUCURI,6.894292346,-73.53900334,POINT (-73.53900334 6.894292346),ECOPETROL S.A.,DE MARES,TESORO,233,204,204,198,212,203,201,207,214,199,203,195
SANTANDER,SIMACOTA,6.494231551,-73.45910992,POINT (-73.45910992 6.494231551),ECOPETROL S.A.,DE MARES,AGUAS BLANCAS,216,209,228,375,303,255,280,211,380,1008,987,756
SUCRE,LOS PALMITOS,9.422380117,-75.21302191,POINT (-75.21302191 9.422380117),Frontera Energy Colombia Corp Sucursal Colombia,LA CRECIENTE,LA CRECIENTE,4,3,4,3,2,2,1,3,2,2,0,0
SUCRE,OVEJAS,9.549655271,-75.18855916,POINT (-75.18855916 9.549655271),HOCOL S.A.,SAMAN,BONGA,7,7,6,6,6,5,7,7,6,6,6,6
SUCRE,OVEJAS,9.549655271,-75.18855916,POINT (-75.18855916 9.549655271),HOCOL S.A.,SAMAN,MAMEY,26,25,27,26,26,27,23,29,28,24,28,30
SUCRE,SAN PEDRO,9.396835638,-75.03741815,POINT (-75.03741815 9.396835638),Frontera Energy Colombia Corp Sucursal Colombia,LA CRECIENTE,LA CRECIENTE,3,2,4,4,3,2,1,2,2,1,1,0
TOLIMA,ALVARADO,4.582625784,-74.98630686,POINT (-74.98630686 4.582625784),HOCOL S.A.,ARMERO,TOTARE,0,22,36,40,33,31,29,29,29,28,28,26
TOLIMA,CHAPARRAL,3.743693084,-75.58986634,POINT (-75.58986634 3.743693084),HOCOL S.A.,TOLIMA,RÍO SALDAÑA,199,196,191,188,189,188,166,115,117,110,114,125
TOLIMA,ESPINAL,4.166476969,-74.89352941,POINT (-74.89352941 4.166476969),Frontera Energy Colombia Corp Sucursal Colombia,ABANICO,ABANICO,569,586,588,606,634,709,679,649,509,471,510,516
TOLIMA,GUAMO,4.076501341,-74.97657287,POINT (-74.97657287 4.076501341),LAS QUINCHAS RESOURCE CORP SURCURSAL COLOMBIA,GUASIMO,LISA,0,0,0,0,0,0,0,0,0,14,7,9
TOLIMA,MELGAR,4.193215498,-74.60517497,POINT (-74.60517497 4.193215498),PERENCO OIL AND GAS COLOMBIA LIMITED.,BOQUERÓN,GUANDO,6533,6674,6871,6680,6554,6424,6292,6288,6420,6374,6244,6214
TOLIMA,MELGAR,4.193215498,-74.60517497,POINT (-74.60517497 4.193215498),PERENCO OIL AND GAS COLOMBIA LIMITED.,BOQUERÓN,GUANDO SW,2469,3200,3416,3372,3119,3104,3033,2439,2585,2716,2555,2345
TOLIMA,ORTEGA,3.937793962,-75.27824314,POINT (-75.27824314 3.937793962),HOCOL S.A.,ORTEGA,ORTEGA,287,280,228,173,154,246,142,139,235,319,274,253
TOLIMA,ORTEGA,3.937793962,-75.27824314,POINT (-75.27824314 3.937793962),HOCOL S.A.,ORTEGA,PACANDE,439,423,412,296,403,389,327,396,420,311,260,257
TOLIMA,ORTEGA,3.937793962,-75.27824314,POINT (-75.27824314 3.937793962),HOCOL S.A.,ORTEGA,TOLDADO,772,804,815,840,829,839,812,570,848,1047,1109,1087
TOLIMA,PIEDRAS,4.433764446,-74.99879938,POINT (-74.99879938 4.433764446),HOCOL S.A.,PULI,TOQUI TOQUI,453,429,444,429,437,433,425,416,447,422,404,425
TOLIMA,PIEDRAS,4.433764446,-74.99879938,POINT (-74.99879938 4.433764446),INTEROIL COLOMBIA EXPLORATION AND PRODUCTION,AMBROSÍA,AMBROSÍA,38,36,36,35,37,34,34,33,32,32,32,31
TOLIMA,PIEDRAS,4.433764446,-74.99879938,POINT (-74.99879938 4.433764446),INTEROIL COLOMBIA EXPLORATION AND PRODUCTION,MANÁ,MANÁ,576,591,576,585,571,543,544,540,533,515,501,486
TOLIMA,PIEDRAS,4.433764446,-74.99879938,POINT (-74.99879938 4.433764446),INTEROIL COLOMBIA EXPLORATION AND PRODUCTION,RÍO OPIA,RÍO OPIA,31,27,31,33,30,29,25,31,32,31,33,24
TOLIMA,PRADO,3.729166649,-74.87247706,POINT (-74.87247706 3.729166649),HOCOL S.A.,ESPINAL,MATACHÍN SUR,281,279,254,266,259,246,237,216,206,198,211,235
TOLIMA,PURIFICACIÓN,3.854281614,-74.87451155,POINT (-74.87451155 3.854281614),HOCOL S.A.,CHENCHE,CHENCHE,49,48,47,47,46,45,45,45,39,39,47,48
TOLIMA,PURIFICACIÓN,3.854281614,-74.87451155,POINT (-74.87451155 3.854281614),HOCOL S.A.,ESPINAL,MATACHÍN NORTE,1716,1676,1667,1529,1406,1319,1184,1311,1427,1616,1545,1621
TOLIMA,PURIFICACIÓN,3.854281614,-74.87451155,POINT (-74.87451155 3.854281614),HOCOL S.A.,ESPINAL,MATACHÍN SUR,220,220,238,215,216,198,188,171,167,159,135,108
TOLIMA,PURIFICACIÓN,3.854281614,-74.87451155,POINT (-74.87451155 3.854281614),HOCOL S.A.,ESPINAL,PURIFICACIÓN,505,393,337,300,268,238,221,220,208,203,195,195
TOLIMA,SAN LUIS,4.057271684,-75.16320806,POINT (-75.16320806 4.057271684),HOCOL S.A.,ORTEGA,PACANDE,0,0,0,0,0,0,0,0,0,0,0,79
